Time Bucket,1-Mains_A,2-Mains_B,4-Lights-Sala,5-Other-pend,6-Kitchen-Cocina adentro,7-Room/Multi-use Circuit-Recamara JD,8-Kitchen-Cocina afuera,9-Room/Multi-use Circuit-pend,10-Air Conditioner-Aire Rec Principal
2023-02-20,2.9503041076135634,1.6766923747709064,0.24328421276026302,0.2447940475707584,0.7380220047050051,0.8887966441361108,1.0225049832189081,1.4249250536627238,2.92485343085395e-06
2023-02-21,7.321102867852847,5.970198539330164,3.7947379804592662,0.23435246021641623,1.0368947832176418,4.865982092336548,1.016785522591008,2.3088076908115553,1.8189006116655137e-05
2023-02-22,9.888270237808227,15.176103408567641,4.276323100617197,0.2435860951766703,3.536779192739593,10.263089424756366,1.028551128487852,3.129558772467905,2.5816735553256667
2023-02-23,8.273707090899151,23.380180167986563,3.059541030287743,0.2523371532497141,3.4302396064318548,18.15339262728797,1.0784435864422057,2.1370359976731406,2.7097441341792208
2023-02-24,11.914508099755182,19.385274140493603,3.832029782495896,0.23985881439182494,4.524496591378318,11.097020368213656,1.0275020000845858,3.2558184548935616,3.570860078377193
2023-02-25,11.166874100356631,11.580112516560025,4.819978038464255,0.25068186775631374,2.327343644855817,7.116448558245765,1.0063503452828195,3.1601054782797235,2.977431087560124
2023-02-26,12.506798243645562,15.016166084535389,5.378559913836055,0.3242612336680624,2.7037313381131485,9.551509653345741,1.0724398151858647,3.205566629141702,3.2588411165255966
2023-02-27,9.994017576213412,15.696764119006264,3.050498595436282,0.2666971252181795,3.683044290966458,9.670282800108591,1.1964050027304225,3.3026998169742687,2.8101167422297264
2023-02-28,10.048486175590089,18.827642531077064,2.1868060943547887,0.2644109688807858,2.9310921589183807,12.395645371553636,1.170123355175654,3.1090218654451105,3.5020326418484578
2023-03-01,11.529565399216546,20.170486629223298,2.877134144005776,0.15653636620468564,3.693066906454828,12.157910464454226,1.229697616947757,3.1881307755011976,4.939602320098081
2023-03-02,9.850609933079612,19.488438940145702,2.3050234178520568,0.22128550553666224,3.997017988638349,12.380286955611973,1.2295287288701535,3.191922211754719,3.1558652170925665
2023-03-03,9.90519497104221,18.481656360833913,2.082742187441985,0.19047389502194192,3.8430617481883376,11.016734940185545,1.049121692606608,3.1538948643532065,3.1008957808301183
2023-03-04,12.45121484641499,16.854941799579194,5.196108526312246,0.3012149212177595,2.9676388858715694,10.55669531964408,1.0145725726623005,2.8194016644289763,4.151042868085969
2023-03-05,10.274976168761786,13.82623122921414,3.6280970218771036,0.2661699901028475,3.7974840138350596,7.629198520268335,1.0487137298181324,3.1137483015359773,3.4284977903975387
2023-03-06,9.497495529096392,18.87628122396681,2.3482608744157685,0.25329583604825867,3.5546371366172362,12.525753695434997,1.045163506799009,3.1723324170855682,2.4735940646682844
2023-03-07,6.397907925032246,13.725457025729288,0.8983826842514675,0.2103230964769257,2.543627400540776,8.905733289142187,0.9126720235898759,2.1751281753869853,2.5102031407809253
2023-03-08,7.977290402826466,16.34348493473477,2.4892991039162213,0.18673067120618295,3.476324840253194,10.168223941235016,0.9847323754753007,1.7382298222978911,2.7262320595426033
2023-03-09,7.066655302569335,16.67594171833886,1.5288665128164822,0.19193113093309933,3.309955084887611,10.70039156590144,1.0075118067729474,1.7210917463241682,3.116020701486799
2023-03-10,7.563647581511338,17.131063434944146,1.8875303963681063,0.24227964637266264,3.2631628878837162,11.179489275418389,0.9940741269183159,1.8158972658822272,2.877700401432514
2023-03-11,10.678842283971575,10.958403021672565,4.033535694928567,0.2213719865747293,2.898171009043058,5.0051555071724785,0.9982617996617159,2.561024567671616,4.4914899830688375
2023-03-12,12.737231927319632,12.039132332424588,4.080584000804822,0.33065631664448314,2.7337426630051933,5.025111079775492,1.2590049711128075,3.0583650633713932,5.402345941622258
2023-03-13,8.557445531073673,14.6808720803282,2.4682350093498497,0.21494073659380275,2.8103759890757662,9.3829212519349,1.5770405723778407,1.9961292868257896,3.2757576353282403
2023-03-14,9.816474973403347,16.463972447310553,2.3084867522977457,0.2428068409245544,3.0313159555509355,9.719391200894252,1.0670194759876197,2.6224076633875906,4.984082662345038
2023-03-15,10.015344953115251,15.109247270115747,2.8411267538381946,0.23661494550413553,3.3222759140555054,8.987073630801307,1.0329881116856467,3.261227056585419,2.983728895760642
2023-03-16,8.586268605255551,14.29393844164954,1.80308676375654,0.2509717275648647,3.0585372694079087,8.796842164022658,1.0121207703293693,3.1898804354353745,3.3831924273861786
2023-03-17,10.146108524035348,15.718242610316805,2.483867526284059,0.2550978957168262,2.826061362197664,9.27469482709355,1.0171355672815112,2.9485718090061352,5.91974740595579
2023-03-18,13.146769193647176,18.504659627435473,5.53407474623084,0.1437488831488292,3.1249975435161588,11.834718341467113,1.06244964208391,3.103840080367591,4.927032561843395
2023-03-19,11.419097082941267,12.000082453549703,3.910165466234154,0.2057707733783457,3.239036504592366,5.491680803616841,1.0159737356200482,3.2550794682620627,4.050952166535589
2023-03-20,10.597370755793253,17.040211094576513,3.4511744937843742,0.11933986262891028,3.404286544940206,10.735871384692722,1.0496983998454943,3.2666988759970668,3.707131973063416
2023-03-21,10.836045344429017,17.00516852522956,2.494369144024584,0.24397842896832356,2.7471373374096544,10.384123073815239,1.0322539567049345,3.27190499036789,4.460147863988347
2023-03-22,9.650357241774666,16.896033060136368,2.5154909536692833,0.22259809094203845,2.7829448755147723,11.514912600432499,1.0546137939686246,3.231274146881633,3.1009154344802434
2023-03-23,8.07991354749044,12.100098118305208,1.347561305690739,0.27204345748967595,2.8353422635528776,7.075111784651013,1.0580827744913102,3.199681844613817,3.078304181644917
2023-03-24,12.180122049081586,19.417538832469514,2.6123701820120546,0.2529427971729967,3.6553832289452024,10.722571700687404,1.0455728812824356,3.2157809724492497,6.618311852527725
2023-03-25,12.33236079750273,11.73460571436988,5.084429119229713,0.32606521715111203,3.682215488091045,5.461663418807983,1.055056503273646,3.3306608379052745,3.3638068880603047
2023-03-26,11.776751741518709,16.13834894416385,4.292078050068617,0.26619470887608,5.271293343448638,8.168941546728345,1.1507623035971322,3.3590520058082207,2.8239159448681934
2023-03-27,11.664895089276634,20.224808407185872,2.702352382806539,0.21629379067699114,4.095926033715141,11.851742776498794,1.1023808607841865,3.342942869524161,3.7494557832649025
2023-03-28,10.80590972096549,21.791333748893734,2.9915600825689905,0.24075149193220666,4.946721951219771,13.653243412645125,1.0205625732900034,3.287001170829932,3.6353220762740235
2023-03-29,10.210817790222697,19.412504037628167,1.2144733941051695,0.18023105002164838,4.787130251225365,10.149677527096006,1.0452611313048998,3.183201050127215,5.137075968750318
2023-03-30,6.936136620701155,19.657077068867153,1.978562880933815,0.23832623532003827,3.9153716121080198,13.954639570584828,1.0010942719001241,1.8011262915530468,2.879699300809172
2023-03-31,9.541828819411068,15.560919507191976,1.8074018119370936,0.27156077728761574,2.923881555562019,8.403803706704247,1.0155123146443896,2.191214593301349,6.056843876023823
2023-04-01,11.956899772788155,17.309497943382265,3.901659812273847,0.29357611996743416,2.7221901006539664,10.34939121470557,1.0497095387325022,2.4631396706546673,4.179909725679556
2023-04-02,12.254646053454083,20.73450246581607,4.376907150536643,0.24252090704454318,2.788127160895135,14.044561572666169,1.0522765146252846,2.639747320603397,5.781858612627983
2023-04-03,11.116771872446272,19.91330100928836,2.341099681816631,0.21072942329234548,4.137827996839947,11.632725247751871,1.038199436834918,3.326394319073359,4.30360732289897
2023-04-04,9.571055093618439,17.90649932925339,2.0773826934748794,0.16433686630071057,4.773675678908739,10.260271090831047,1.0743969784244565,3.309894081902118,3.1980201077342114
2023-04-05,11.510075265678358,19.816930437609273,1.562425683659788,0.202572809465784,3.6319382418657216,10.856346189619352,0.9933777809662954,3.365109088368006,6.132472122757692
2023-04-06,9.564297456590067,8.102333498543635,2.29175808402035,0.36052912659340436,3.1982571978992893,2.7012832596609333,1.335696854600906,3.3992178279738954,3.751267801030212
2023-04-07,12.477175686261917,9.974506738480462,5.538690685800049,0.31133581559803747,4.267066874995762,3.5825277103148574,1.2592324999376137,3.3213006581891906,2.3374150654864314
2023-04-08,8.663456498623955,7.966182142662472,2.974960673903889,0.2736185198823611,3.224018269374635,2.9544538991779747,1.0130319538116455,2.6115677595898843,3.253483750469685
2023-04-09,13.155508197479248,17.990334168523155,6.239135650475025,0.3106648736411996,3.4475611403258646,11.758132408693102,1.045282327483495,2.7808093624307046,3.7730199964806777
2023-04-10,9.740376776787441,19.39647444994608,2.2243859387645455,0.26284856024715636,4.716317167983055,11.797459508024852,1.0772656255861122,3.196099663010968,3.920371943586932
2023-04-11,11.907412537911204,19.560551073426144,3.432298773943318,0.2003777677921454,4.343786472287708,11.101484635710182,1.0436874561953544,3.058612040756941,4.555257946295472
2023-04-12,9.529656052238678,18.58450078328027,2.0205138843769497,0.2451900530612469,3.9995540790563164,11.256123476952446,1.0993303884633385,2.756257782652643,3.6202460330216097
2023-04-13,8.546371769913568,17.66821477407456,1.5930986757477124,0.25546850337187454,4.041333672836092,10.807599422114688,1.3277560662076209,2.4623659856377706,2.725157967583868
2023-04-14,11.088471137366824,14.314138872337342,2.600278809336821,0.2896638200057878,3.3297366835821998,7.172745782388051,1.0514275981273915,3.324860760224528,3.2410702397584923
2023-04-15,15.442299125205142,15.349032686106362,4.696376459271379,0.3741801409297519,3.880049498736594,5.272598870256214,1.118205262178315,3.127088280107578,7.095006148288514
2023-04-16,12.340014454663596,12.765694539061652,4.455938870604303,0.4466306532326009,3.9243630179415816,5.812366811476814,1.0301996242698035,3.4409341020368207,3.723629160445266
2023-04-17,9.880574996884667,14.614560633008745,3.5706481794250013,0.2767197185719013,2.308027550340759,9.951663946147498,1.0249914910642304,2.670450657754209,3.3751371543023314
2023-04-18,11.676618386329544,20.13425980781555,2.2557671470309626,0.2559578483226564,3.6955319728300307,10.946601629434163,1.0402399810267817,2.5663217578979327,5.501035593304369
2023-04-19,10.084726663208537,18.238508134945768,2.5017896085104674,0.20294522452976968,4.348462761918704,9.804248103273178,1.021658221114874,2.360027172898187,3.0933631458934148
2023-04-20,7.30471164095243,19.863454929902815,2.085152224660317,0.23969548156791265,3.750186742506557,14.04382471291436,1.0571348667407034,1.8997036797277131,2.920457285759184
2023-04-21,11.34974473596997,21.53842462654749,2.922654778515895,0.2557154042376412,4.003303144523303,12.369150679531097,1.0494093839783138,2.132237584561507,6.099142485852771
2023-04-22,10.983385666809081,9.314134659029644,4.764385997846258,0.5433514808118343,2.2753960524813333,4.493977347414228,1.0309151193465127,2.3179369364049704,3.189473497169548
2023-04-23,14.32954712298923,20.285574449683292,3.8364848061749672,0.33302003352853987,2.194530279217826,12.206373952191672,1.2818037278097207,3.2467751863279606,6.729384425889651
2023-04-24,10.432938257166544,20.840349409268704,3.1741559646497834,0.26615703013128705,4.119894619681041,14.286170674212775,1.4599684747897257,3.254856599564552,3.3264231941019164
2023-04-25,11.01448639901479,21.398795505248174,1.7983840556616255,0.2644409995444616,3.7874195769076873,12.915153530122964,1.4629994244935778,2.9587067552247306,4.577879434630606
2023-04-26,8.949574164831372,17.803098210322062,1.69575745841172,0.2535511857536104,3.1311272754632107,11.694125684739216,1.5169395488516488,2.615993079431189,3.6982556051023803
2023-04-27,10.27359561952803,22.388898016957167,1.6247448113520937,0.31552292902257706,3.35231927503109,14.697673547499974,1.472743341792425,2.6706995028716993,4.947978028372393
2023-04-28,11.088249523351456,21.20592217021518,3.0841302327526945,0.27895730776204003,4.173446811117066,12.935977865185208,1.4786994754473366,2.3435656471269666,3.9094417514604993
2023-04-29,12.878724088745118,17.52185163428836,4.254121776521735,0.24572146878110038,3.9877496310064524,9.592729602741665,1.5249618397331237,3.1815099580864112,5.33737322351906
2023-04-30,11.872654286634658,15.798608217341105,4.331521282438835,0.45454075601008204,3.762934203003778,8.717960408975815,1.473208870066537,2.5655221706643365,3.1811549205475376
2023-05-01,11.160496386848028,20.926229978396105,3.8373722881456214,0.271155005806552,2.5568737939384256,15.037888643608092,1.5132771983602313,2.4032550983087226,4.6632690510951145
2023-05-02,10.814080738417307,18.48470176396688,3.5917750740219487,0.2291654510684808,2.602913264713817,12.387300769498616,1.5221635084311167,2.168137685023546,5.917986790441671
2023-05-03,11.098748702676561,18.80832991213057,2.6194316640194257,0.21910854328989982,2.697012814144029,11.502505640175077,1.5098650693925224,2.328331458139817,6.584616786408159
2023-05-04,9.050968175957998,18.92233181688097,1.121237393715779,0.2162711074599955,2.347337811004851,12.618281824031408,1.497180861314138,2.373815152628157,6.053283571544752
2023-05-05,9.540647862517035,17.045644249114993,2.9095603090352484,0.2584415425958898,1.9473798469342125,13.290306112821371,1.5021926277934181,3.209226118293205,3.0740936225109636
2023-05-06,13.423923811459014,9.968031152600183,4.833539769595862,0.39799904181003565,1.951290485112402,4.287368283888499,1.4887458350997502,3.283885173091093,5.055825370209746
2023-05-07,12.746933079520332,18.937949902061888,5.211715428049565,0.2520542518488566,2.5047026477935574,13.766759430955249,1.5078083795229593,3.3221524558448787,3.5825325427179866
2023-05-08,7.988442895664638,18.10617771930694,1.6112703697729112,0.16382960599263507,2.5111763481198417,13.245008509775799,1.5007245288308466,2.4503202581528822,3.152260197469393
2023-05-09,9.371681538145278,17.037125317158164,1.9373261625280644,0.22699117124636967,2.7063439684899646,11.380597372453478,1.48300981947581,2.915228229514095,3.580930407149527
2023-05-10,9.941684300106896,22.18553008443832,2.566367295266522,0.24719811260210142,3.871558582535849,15.40334942205058,1.495052233577304,2.8426560267857712,4.07964310372644
2023-05-11,8.488097441198562,17.05248400739458,2.9895685759468873,0.2542329182700316,1.712358349685669,13.642130879808004,1.4871119623968339,2.172197924171024,2.988552234399319
2023-05-12,9.543573068588046,18.42877682041592,3.330464463542832,0.22347922551314034,2.8272189647579196,12.996829018315209,1.4919853474256732,2.0330280429944727,3.962670746695995
2023-05-13,10.083351821524303,7.210037543890212,4.670072703888416,0.27737403068807387,1.4746249443186656,3.8157751918601996,1.4753546387958527,1.9693353500673505,3.6386826770740086
2023-05-14,10.91995779994117,12.048957618954978,4.729835881424215,0.1763250174442927,3.3583472041898306,5.962532554855347,1.5357432825745478,1.9885059488187893,3.6292936543422267
2023-05-15,7.9645978153143995,19.051696789665222,2.160008368685643,0.27357806883666247,2.53189336031172,14.379445143109429,1.5351999632104236,1.9323347217661804,3.744553250499301
2023-05-16,7.082875369237264,19.457239757787917,1.8656977438003488,0.26778637048310705,2.993241511497497,13.982948828703563,0.5990859517828624,1.882650548281272,4.127054866425991
2023-05-17,8.872098517008888,20.709940490150448,2.1225340158310204,0.2481898234738244,2.7820404612456433,14.364812084234027,0.8934474012035795,2.1159400386798386,5.365702476934062
2023-05-18,9.860137930838267,16.731184968596565,2.5718877711439134,0.18194352493166924,3.2825023408116234,9.93105742632018,1.5621283725473611,2.1867350860471197,4.876862641524209
2023-05-19,13.344852184225717,22.633225468538072,2.321991708908876,0.2080522134547763,3.084603778769175,13.502894075196059,1.506193862057792,3.5114199935286576,8.174539996342396
2023-05-20,13.810606701342266,12.286934702262878,5.523621165007221,0.202843453313907,3.6215550289228227,5.267233446059756,1.492823567310969,3.4786927791007356,4.970403582046296
2023-05-20,13.810606701342266,12.286934702262878,5.523621165007221,0.202843453313907,3.6215550289228227,5.267233446059756,1.492823567310969,3.4786927791007356,4.970403582046296
2023-05-21,13.036039030753242,23.27577632314894,4.269857313068443,0.36381151394009587,2.7557176412910893,16.809822745704654,1.5795939600319335,3.302571573442089,4.063012686779235
2023-05-22,8.87091618659973,19.166580264583164,1.752847426561647,0.19180392386317252,2.8804516647073966,13.923141261126203,1.5357013624159495,3.186769607213736,3.8111855722374384
2023-05-23,8.851231371576521,15.768599254497952,2.518203076066706,0.27180660664055084,3.224688299844,10.463485920588177,1.4751314859580995,2.6609104443808405,4.090130819576847
2023-05-24,8.224673493133121,16.987400692952473,2.410826971776088,0.14323242204931047,3.4808972581821025,11.011396147943074,1.4865513997628956,1.8486026466635859,3.9623992723369605
2023-05-25,10.513818119046954,18.604477842661538,2.8311426370815442,0.2505119883620739,2.5828361326270635,11.929910592104589,1.489199201241599,2.046465827689038,5.088243749451637
2023-05-26,8.486072769663068,16.593353676401772,2.283750018001265,0.2661533538526959,2.3526854324510356,11.70582427037557,1.490820584203932,2.0729985643139153,4.301299283323023
2023-05-27,12.626609920978547,15.936728527418772,4.301974199609094,0.22707357806271977,2.4514905870230987,9.336189727614721,1.5657831918334961,2.6491524984612735,6.37181968157
2023-05-28,13.955929707662795,23.586190585840004,5.610015279112128,0.3166754300649961,4.390467586040495,15.83195530700472,1.4987448896598816,3.401633233245479,4.1548732799551225
2023-05-29,9.63887288527171,19.18823049534268,2.108671977974971,0.23380262794958223,4.1996728390873805,12.305952221863004,1.5026340951686437,3.289286496026648,2.915442991151015
2023-05-30,10.67205378074222,19.334537079327898,2.83281751216597,0.27476193767070767,4.389500375719071,11.57162330230501,1.483581511206097,2.8857620785590012,3.363664558993709
2023-05-31,10.696042316801282,19.123429014294945,1.8407346154052682,0.2645605928323004,3.829495420315001,10.550614756709201,1.501767708591885,2.5343016271984578,4.444614932025538
2023-06-01,7.82680514556037,20.088233659019465,1.8777256042345365,0.26239394443829855,3.4627088839149476,14.444753872371251,1.4893598939895631,2.118467119362487,3.650827254961861
2023-06-02,9.294696853196886,17.611932654346894,1.6338241517232521,0.27307502935263844,2.8449319861862397,11.960592361166215,1.5059851856369444,3.2380024828015426,3.0780399356712227
2023-06-03,13.180986128408643,10.762158591944376,4.379388548059331,0.29221313485622413,2.319398910997179,3.728373613391452,1.496279780689875,2.581944318899313,6.942290013780064
2023-06-04,11.44867760114246,11.182303484221565,3.2354371962345967,0.16069206088834337,4.241081739720238,3.251380959252252,1.40231590320905,3.2327258579679334,3.881416790472401
2023-06-05,9.293962712715997,13.770989493219586,1.6245490355030698,0.20998184860997732,3.5940582183572976,7.628687890612283,1.7458035934617786,3.3700987860111393,3.3447423811899295
2023-06-06,11.540568972288767,24.241582705487144,2.2551636906241046,0.24898591267969875,4.260621499919891,14.901572660749226,1.5386975539377001,2.614480176920625,5.052565395171377
2023-06-07,9.307204712109037,22.37838665206486,1.5499558419809076,0.24975164377835063,3.47895284280724,14.845858981185486,1.4985905389234757,2.075444722096655,5.647347215675778
2023-06-08,10.272060986599394,22.823975899874373,1.345968552074962,0.23374016026006808,3.9654008366563587,13.788906803145938,1.5079256845230529,2.2809049503783387,4.211553616696993
2023-06-09,9.801010716408625,19.521777267790902,1.806232363426818,0.24110570303916934,3.2631845721509722,13.124533620922298,1.4831743574153056,3.283821295086808,3.2403563217862446
2023-06-10,11.216869861077203,13.414348356289333,4.087092773276965,0.25831402768943046,2.023580419065688,9.154334754214817,1.4972894285859004,3.3723699389007358,3.258474621077643
2023-06-11,13.207544246164959,18.64948795254601,3.7959450347440766,0.3312113800083267,2.5066403029913373,11.740254870942437,1.5335965897284616,3.4124552352392676,4.88983973610613
2023-06-12,10.80017593164868,21.438517259894475,1.998907890045775,0.1837442406329844,3.254432015035418,14.241988121085697,1.5771857893731855,3.2747410360230336,5.071285258682304
2023-06-13,9.596808051605224,12.026802389861214,2.2429120061920744,0.23964553556667434,2.1667055012072463,7.368395731593238,1.5177469764921403,3.3120976774210398,4.284308492024739
2023-06-14,9.827843090487587,17.48205826407115,1.7854090655393071,0.2880975527850787,2.961675265934733,11.290299661831321,1.5110102475568983,3.227381251817809,4.1565302136151
2023-06-15,6.788500845288171,12.745682612050375,1.2882225191395813,0.3316252446685897,2.915578387072352,7.893454144181145,1.4798464401637184,1.9002559989507994,3.781058437543975
2023-06-16,9.643124680029553,16.36780462700314,1.747879935082462,0.2325586051326328,2.648450667800904,9.820514305206931,1.475814765278498,2.485571636229754,4.802147788925437
2023-06-17,12.28329164381451,10.614046021173268,5.351243351118167,0.2209691399057706,3.274344772353702,4.9564796968015035,1.47678316491127,3.1303458049632447,3.473586475495232
2023-06-18,13.519329363598295,14.72919556838353,3.7264743404988447,0.24495571182211237,2.5699387648550673,7.007003022258545,1.5000925628672708,3.247531623683771,5.580868771745895
2023-06-19,12.32368767841763,16.132501472203995,3.20968358128455,0.30215073814696736,2.8890702905072105,8.84770096042421,1.488583632364273,3.192140191269451,3.567438909117116
2023-06-20,10.365308630489773,15.92478733740065,2.3750863471592796,0.2385679992026753,2.525478600797653,10.177424814285702,1.498770500585768,3.235947645325793,2.8236284529368083
2023-06-21,8.685976363813612,16.567953944636454,1.8949593913004132,0.18121009365585114,2.186115594126913,11.672334977539906,1.5336443328412372,2.491746565627787,4.653179610436493
2023-06-22,10.224369906658596,15.049374108344185,2.528329171060456,0.3597347096158399,3.1205015266556204,9.198133159670299,1.4954000588470036,3.3475065751887683,2.7807929825369517
2023-06-23,8.420737853338455,12.792897589075297,2.345348794161876,0.27184670273661615,2.7112509648280674,8.762877372836009,1.4892352989843158,3.1699484096717843,2.5536651328296136
2023-06-24,10.003407883716159,6.776029416181776,4.067255258968273,0.3032424243646198,2.933568401097191,2.6674899451340575,1.5983140602408514,3.085783595720397,2.1739075320389536
2023-06-25,11.8281217113071,9.870560323193866,5.007265384340418,0.3027977216397391,2.8370800252951516,4.970647452439203,1.7963441037050885,2.956356435248057,2.919942105881108
2023-06-26,7.891417485985227,14.479827391730415,2.103970169334147,0.28242230495704546,2.7835342715390525,10.083993301919302,1.5744387511550053,2.490010496429205,3.152809865735637
2023-06-27,9.441027431782617,16.582782147509256,1.9793347018357117,0.31319503763609463,2.8918866162088186,9.728530087305703,1.5048407346555923,1.8865624395404925,3.844503538745774
2023-06-28,8.589886825194888,20.22431790670607,2.62394014742838,0.2532752673142486,2.455709970319536,15.384222825537787,1.4977275327131483,1.9389197878036235,3.8052920717522833
2023-06-29,9.990451978187561,21.08518987240685,2.1511306079775756,0.23444233247664242,2.702895752515793,13.993121790246963,1.4986094293329455,1.876946532254749,5.8358580959995585
2023-06-30,10.615819077983431,20.507939814016552,2.6152533650904237,0.23145910747289655,2.477224166502952,13.743128382876714,1.499274436301125,2.140560517023139,4.027521455140113
2023-07-01,13.356499474139746,12.232429178526134,5.138122103289896,0.4247350765018993,3.5467709378941845,5.431779388425616,1.4868170845540365,3.3581069402247,4.0117137808256675
2023-07-02,9.394023637178208,14.404458922386171,3.088553742097882,0.15375878324919276,2.8996753234746713,9.674207075587379,1.4463308641666837,3.0638857220719915,3.1447183070397378
2023-07-03,8.370205726888447,16.862307402854498,2.8168549338114257,0.1617771679801411,3.091468254851765,11.826121691593592,1.4730465230581498,2.1057915926358435,3.8782700674086144
2023-07-04,10.828970191326142,18.051697396704352,2.7849007179794047,0.26512643011874626,2.9617215008958175,11.244681855679618,1.4746714399104646,2.7034674439220954,4.342140107094977
2023-07-05,10.8385156370057,17.223506597663032,2.4446337359966175,0.28313882020923825,2.9641804743072724,10.37485299208111,1.547191106086307,2.9079520367817087,5.280091245994303
2023-07-06,11.039259216785432,18.302255321150884,3.139457634369002,0.26730098202228547,3.2330006959289976,12.037860456431703,1.5530030794461565,3.245640715423293,3.693594218517939
2023-07-07,10.10413321240743,21.063207029431656,2.35246178862585,0.3020799533805582,3.5794310836723113,13.469698465267816,1.4690870858711664,2.185501415261428,5.799676706330777
2023-07-08,12.213963472561305,18.008671766391334,4.362814610921144,0.39718002036293354,3.8435028021812427,9.871892464461855,1.4684167144404516,1.9761737123502625,6.8105996625950596
2023-07-09,10.99425846346749,25.326458620389307,3.6812916541681027,0.255534426545567,4.028817661269507,17.847775955829626,1.4764805631118352,2.3014259467841525,5.185251776390341
2023-07-10,10.262843382809956,19.619540182829954,1.8502445085393058,0.14132011635144553,3.1832298953151703,12.745266919164655,1.4879375708897908,3.281403892264631,3.877337510162989
2023-07-11,9.466201002305349,16.66650029999203,1.9894686120698186,0.26926813574790953,3.098641856760449,10.898846561847261,1.485257195209927,3.235133775801792,3.9033176277645425
2023-07-12,10.110883433823055,15.322006774745518,1.7155642289111348,0.19865503850168653,2.5320980232281154,8.596005884982214,1.4823870196321276,2.7292035474427543,5.534572958236006
2023-07-13,11.842360966890123,22.162687250391638,2.452481804286771,0.10142055243876245,3.3055007424640657,13.357516862482493,1.4672615328216552,2.5505456180373827,6.9199494019166625
2023-07-14,8.947842285194398,18.448001862754825,1.7962543804521032,0.22622398031261234,2.661309787451426,13.077873738017608,1.4925242306073507,2.869028189290894,3.758074985019367
2023-07-15,13.172232856686911,11.397913085373773,4.190152416626216,0.3256586899669965,3.2620857419119944,4.000092759780884,1.4817035239420995,3.3676727757551936,5.382917260519133
2023-07-16,10.960861269639334,14.766381317893133,3.218851201074785,0.24040346956253053,2.9309942061530214,7.82631074332661,1.4911828144094676,2.255598100033601,4.173961625345812
2023-07-17,11.355843649927776,20.810349761433066,2.78232461807847,0.24070173300928538,3.4921180176300473,13.491009778280256,1.5319146731005773,3.183938345336384,7.553050076975822
2023-07-18,8.817162659241358,18.81022771196153,1.3911056365499233,0.18608196139746244,2.732290139985614,12.626729417330429,1.4934952617518107,2.4493731184319656,3.8781648314322363
2023-07-19,8.670292152292465,22.45533596997367,1.5931758224574724,0.09850062165194087,2.5766457581037945,16.917834171356624,1.5009964906872646,2.610066844052473,2.8944703992944296
2023-07-20,10.494829004959,28.7850895200136,1.187511679678493,0.07886102469391293,2.745722594079971,21.628193952855,1.4942291939311556,3.4245737258765434,3.8544363772890304
2023-07-21,12.73752826830546,18.127881764017747,2.2431163782929047,0.11502409917566511,2.930205905242496,9.226460913351906,1.4947942717266085,3.1838909185130064,7.301590703604487
2023-07-22,11.676944143000709,10.535432785224913,4.168516752000915,0.2907279099567731,3.170405247271855,4.092837850290934,1.5379059072250791,2.6779466487377217,4.776090438630051
2023-07-23,12.55866245775435,13.089978155038626,4.586121610134178,0.2517605430046717,2.560976317059199,7.534948259031507,1.608040015941196,3.4238786139591535,3.0463604595377713
2023-07-24,10.074434940666622,15.560076049592757,2.295782528346379,0.24757641015926998,2.9858840671613485,8.752807337172827,1.5021472693146602,2.44424483563092,4.999386280981435
2023-07-25,10.165473146396213,18.097644499460856,2.6339639629697795,0.2816616263782978,2.778637274015214,11.775787268322837,1.5029169272910223,2.394195740175115,3.8564076846853896
2023-07-26,10.269219595303005,16.255709126107956,1.6274925036679375,0.29191408528910745,2.579057461922963,9.63435373281055,1.496139647275077,3.047040521142086,3.6498707918432025
2023-07-27,8.92029607281049,15.146202829738192,2.469781552367475,0.2978872017845843,3.165990163848135,9.096519033387503,1.0104925910215905,2.4323875480875703,3.4677807201218602
2023-07-28,12.10974553475062,16.92171865277608,3.0046394412302972,0.24880139585640695,2.40516535949866,9.811957403718102,1.1045369899331203,3.271546478470034,5.387586444221338
2023-07-29,12.815024165056014,8.517886872774758,5.424702743413713,0.41907926187382794,2.12646093445619,3.6715130610042146,1.1222602657288976,3.380076798442205,3.844850424942705
2023-07-30,13.783834451582164,14.414432006123864,5.72066807926072,0.2443457790362835,2.8136439490673277,7.997177239731681,1.138549656047821,3.377679904131095,5.313310340887706
2023-07-31,8.627947916210493,17.248241393407184,1.8188857494688033,0.21201002006888392,2.644535249314838,12.127387603555784,0.9871244565052456,3.2478071638035773,3.4232550842412315
2023-08-01,10.804955736667846,16.377146793980067,2.4155756330974896,0.25235363001624744,2.8177755665545994,8.724948449551265,1.006728036154906,2.497910729333163,6.120863934778107
2023-08-02,10.075966649420526,16.163001309216817,1.6985385436389178,0.23943742017666497,2.492108835555183,9.382216272947524,1.0346348028351202,2.9755415124070645,5.564738780406847
2023-08-03,12.556394157093894,17.206676427078246,2.684672741687563,0.33985803322288727,3.279434685022566,7.938079289624955,1.0017193861357372,2.81446213897162,6.496651775382095
2023-08-04,10.567374947110814,20.714054341159393,2.549513075339529,0.23409676386316616,1.734661194080247,14.477515974689059,1.0558928399827743,2.3459217560672756,6.249278176324632
2023-08-05,14.57978103308413,11.835539708385465,4.406445232844088,0.1789654625352224,2.3179580849202472,3.5009356095282227,1.08829040478203,3.1780612207241856,6.139782497017119
2023-08-06,16.366326927369435,13.552824314108955,4.999231815769672,0.29379107215709155,2.624862652584712,3.8181061119249136,1.04369323016021,3.300965887060827,7.667563512163957
2023-08-07,9.11924892223782,18.1530407808982,1.7781890390435855,0.15050172507577472,3.104098408878115,12.014154386191903,1.0051420348874727,3.258771805027061,3.9372330176096497
2023-08-08,9.725087366553412,18.040361193555196,2.3020475161369647,0.2988855809810426,3.2892324154493537,10.923372981681828,1.0412532964258723,2.427205274315144,3.692161205354531
2023-08-09,10.088101159655253,20.588169565594992,3.207021754011578,0.254448831679821,2.7880269780953735,14.405147980136872,1.0047700801579156,2.3551925323330027,4.326680459457239
2023-08-10,10.511287204225326,18.544580351846484,2.3805935711712305,0.23608078413804368,2.3847707710382675,12.339604507105086,1.0012281295612127,3.2332546186497484,4.1935615378345386
2023-08-11,10.208333686457742,19.580954760072494,1.9758628082050216,0.3461970333854357,2.8141191839387685,13.077219161885576,1.0006774016527336,3.337272300086816,4.226430431203841
2023-08-12,13.37975078251521,17.309068506096732,4.482385043531789,0.30467904036535154,2.531914756557677,10.26543620300505,1.0101094142854214,3.339812568554481,5.5314301065789335
2023-08-13,11.560613514857824,10.838674657113817,4.165142467205524,0.3598356022502317,3.079702913315031,4.7659890398915605,0.9865887545278337,3.300837670402792,3.241699792289999
2023-08-14,10.957761088349024,12.853877144504123,4.016203170984321,0.27568952830115956,2.748207848102781,7.156275198040009,0.9813527260120711,2.9343793368379276,3.9588744427416054
2023-08-15,11.655332733398012,18.580995065850153,3.6217413535828067,0.25353314260893395,3.432001245851517,11.380824392687474,0.9973091805554762,3.2186177362267183,4.200312699688805
2023-08-16,8.663623774730894,16.652546172379388,1.8476110030452406,0.24801582174327638,2.8477652069907715,10.779154181018407,1.0143447017305427,2.646062673805422,2.8571119208314686
2023-08-17,7.734222035138343,15.66301434559292,1.603832580717935,0.16151825093785924,2.984301926317215,9.54816308734894,0.9990297659157382,1.9413201476294466,4.254577086526818
2023-08-18,8.994723238914277,15.906909476644731,3.0184345348514454,0.17354327690243726,2.9081574955579965,10.349648783247206,1.037610469299025,2.2518356034466955,3.94304287419849
2023-08-19,11.366935466708075,12.381662506188286,3.98066356274234,0.09830093878904977,2.3136985730679824,5.974986416649289,1.1834821597717868,2.267490769124958,5.211079444648161
2023-08-20,14.206892163600923,12.807382452731664,5.388205694382985,0.31629237767616913,2.474104674338235,6.035830215418074,1.068257278389931,3.4618389147578346,5.548536047929656
2023-08-20,14.206892163600923,12.807382452731664,5.388205694382985,0.31629237767616913,2.474104674338235,6.035830215418074,1.068257278389931,3.4618389147578346,5.548536047929656
2023-08-21,9.31503529364056,17.11322857609219,1.8815237007350394,0.2890845390718513,2.775152717191908,11.277737196814218,0.9727799822370211,3.2506023821761874,3.7218768523979184
2023-08-22,9.363208176896299,12.197655854986683,2.7246981938089285,0.32738994641428065,2.4462016659658956,7.232681230629773,0.937511251233994,3.0441519937635837,3.5514042162048214
2023-08-23,6.752824133528611,13.53739785368319,1.9041558701867514,0.2099029007165478,3.264888019062498,8.642990597327591,0.9755137269660709,2.1362127302042597,3.161015929669466
2023-08-24,8.817056153510412,16.780910244717067,2.507249653419124,0.12878334731724528,2.732719477009243,11.177783743308384,1.0325879132199285,2.40239668298059,2.9752972896165324
2023-08-25,11.269115320758821,18.992963575609,3.049334028846953,0.20143061645759475,2.438651806236903,11.592907804736031,1.047163734184901,2.1864382265366444,4.043689308272733
2023-08-26,13.245671094946859,12.149578293202715,4.3255789330792425,0.24614193772223258,2.1923098770432996,5.027038831587898,1.4063177294287414,2.593514656839238,6.688216477971607
2023-08-27,16.04509263147566,17.872684636756052,7.048785367092027,0.2541486256135835,3.1725405494573384,9.788117324121261,1.2652773293081918,2.8738062159925035,4.295725840110514
2023-08-28,11.45402077339278,21.771581098598904,1.5479414671023684,0.21549412805782422,2.5840780254077913,13.842344869411258,1.041763174612257,3.5173875886999237,4.985916592525906
2023-08-29,13.308397712315452,24.356997348904084,1.6610714291548727,0.22584734826776715,2.9033305662600197,14.865158555656008,1.2813738309982086,3.828657558975749,7.648501075245539
2023-08-30,12.15882044313007,20.531559668471015,1.4975504677380456,0.2308966987582048,2.8603065160348677,11.427147375267879,1.090074864189757,3.33131907633649,5.982835539722443
2023-08-31,10.661965377985636,18.733042535332572,2.012933008026017,0.13162733501235646,2.6004320600721575,11.869824018207124,1.066261790822082,3.365313212734064,5.441678325552145
2023-09-01,10.93929809577836,19.77639086250729,2.502961501686308,0.258495335687134,2.939008168295755,12.073608525155386,1.0634672252117263,2.5479354062702924,6.340840559265614
2023-09-02,12.646698235609263,11.67721107568105,4.327786879876455,0.1916817294075754,2.6808739556121832,4.9767974157396955,1.0271972687753042,3.332312202821705,4.262829138363466
2023-09-03,12.855037469479774,19.89358295415666,5.5182971431989145,0.2633713206164042,3.6441699982420603,13.31276031935798,1.024096551477909,3.3528060961178943,4.182698875980642
2023-09-04,10.448567100220256,20.544425174020137,2.093538626114792,0.2382077126044697,3.006999374719196,13.472383839403786,1.0566269060711067,3.1942985469090943,4.674352270754708
2023-09-05,10.234687594673366,19.407093288408916,2.6646557910866204,0.13457676364832452,2.8779545139143194,12.615833723714612,1.0654085527506139,2.6446870977075894,3.7509826070125896
2023-09-06,10.326603392799166,21.69096020712111,2.193965065431065,0.15237746458861562,3.4283266371250143,13.760064672453138,1.0998356754832797,2.558044307616419,4.785551958113511
2023-09-07,10.4981970425415,17.86519053173065,2.966100415327814,0.28632395459228094,3.031499587161806,11.55489472805129,1.0072583987434705,3.1394694369121394,4.485806078287495
2023-09-08,8.717713886284299,14.294602266256543,2.7006025797812145,0.2850177135062218,2.9186362959331933,8.81591065753937,1.0439697976324291,2.267688535655075,3.343019775063991
2023-09-09,11.728570933841072,10.324434724091425,4.440827102138467,0.27006207926670706,3.2045708431169726,3.742379050281313,1.054790446997219,2.842463068282604,3.080227950356536
2023-09-10,12.627811065822705,9.997365997015637,5.677500940506458,0.2545748875317309,3.199451564149857,3.7022751077874507,1.0085360974884032,2.8470683177647325,4.827119797013865
2023-09-11,8.532824172652562,16.068081504353415,3.0467727259866395,0.22281572406662836,2.65177400885635,11.774222127312553,1.0488567418670653,2.6799423871946333,2.0415264500512015e-05
2023-09-12,6.534787799798118,13.879424428109063,1.713738623287413,0.26179459966248936,2.5047651605860395,10.014590097875596,1.0968566431121032,2.1612563759834234,1.450879865222507e-05
2023-09-13,6.0520475553247675,11.832025327298908,0.6899201364201971,0.11699766351156765,2.913676283694374,7.612861240146424,1.097890089026557,2.89011914264136,2.614877038531833e-05
2023-09-14,7.956098170701135,18.694359240603973,1.2819016078739696,0.10622457095000479,2.9973407095962106,12.628090902103848,1.3401503816575475,2.2800254807586144,3.15939772242811
2023-09-15,7.547790505426725,17.03528327346378,1.577993664961656,0.2700600772560967,3.041756648878521,11.23298768513785,0.9731641829894647,2.079403338167932,3.5470620644919073
2023-09-16,10.87028695897632,11.134470157165527,4.948000909654828,0.3078671245373619,2.348905705776214,5.9122116452746925,1.0256294970040851,1.91211074092865,5.02668529033396
2023-09-17,11.20178749804073,20.25089513752831,4.346993192773395,0.20128433977100585,2.873817408652836,13.664393402383592,1.0657189664379754,2.087234532879591,4.37359734963629
2023-09-18,9.027352176833682,19.47459935249541,2.506487693490717,0.26690584515333177,3.0675023872571523,13.480800609662797,1.2812291299237146,2.2183674448662343,3.7111454756114215
2023-09-19,9.68381885521465,14.682869860784743,3.0966560689049296,0.37683723693145643,2.9340068027872515,8.502981183598834,1.0197585453984472,2.1446285423427156,2.926418357400629
2023-09-20,8.776872737958165,14.928558423695037,2.209521499208609,0.25345787775145634,2.974840553245545,8.858772516340677,1.0659160562676853,2.3174323478378196,3.0353971370768544
2023-09-21,10.587649842384126,12.265770321748523,2.7015870086296396,0.15729104553884932,2.9285140413633983,5.752233624098036,1.034243260873159,3.344099390279187,4.056725918724273
2023-09-22,11.843810767412187,12.279257986484101,2.989417873917156,0.15742573492765427,3.4570936416742537,4.063828245951335,1.079375343727668,3.132907768076525,7.747683948354987
2023-09-23,6.983603792591095,7.376516201614805,1.1979903479356233,0.18185117056171102,1.5228559692266253,3.1372372454060455,1.056544931331608,1.9557097807175579,2.944944332937135
2023-09-24,11.798569486312866,12.371518218680489,5.0596924034828605,0.4296363104044067,3.431106489543915,6.223678902640872,1.022301937120888,2.7997272118631993,4.107222997863557
2023-09-25,9.385372111415863,18.48321002090454,3.273670225482781,0.3291720951492257,3.6672790568118625,12.856714088397558,1.1937925290799138,2.7663190807229943,2.1898615151662297
2023-09-26,9.720837072864107,22.34332506797367,3.043106279669338,0.15566905484159788,4.061210196023517,14.859923261583118,1.2604423261536495,2.0026479510716597,4.4378782496258955
2023-09-27,10.296782350645064,21.518971949564616,4.129855696152051,0.26305843875024054,3.5424688651095493,15.028144102605182,1.0576732338674861,2.057107510392003,3.615610691603555
2023-09-28,8.48501137152778,17.64960496510188,1.9410190842109254,0.17240117495033475,3.2025371594704515,11.501243114600182,1.1567139040250252,2.409413336325619,3.9712098877610105
2023-09-29,9.756744181321462,16.06392784884135,2.272290865441163,0.2208088002394305,3.688625474614038,9.472633152607811,1.0292260744118689,3.4919245299104853,4.217442933015029
2023-09-30,11.222433398303986,12.119169764522972,3.486278497225443,0.3032808146520456,4.219307696865929,4.387059762846628,1.197601983616882,2.99886969800459,3.459919098567168
2023-10-01,12.29251098233329,13.063937269698247,6.101674949136576,0.3129248020697965,4.31688368074629,5.964000791246626,1.135305258769194,2.2176997193654375,3.2927924406192033
2023-10-02,9.488165778365666,21.10980800910526,3.3149534049558635,0.24918334257046384,3.0097626659139,15.232672783454788,1.0629730908363395,2.1748469826018813,3.7975583252339886
2023-10-03,8.283706866158909,21.05160372759501,2.4906778811534243,0.2939279675881068,4.1803300404379105,14.348439941732618,1.0377364682132668,2.0729612476531667,3.384255885224078
2023-10-04,9.049186964421272,21.376681124738056,3.082123956237634,0.3001485816379388,3.9983636106856664,14.820081262098949,1.004393017036385,2.2684698031139376,3.2538667858754264
2023-10-05,9.024628090176051,16.59153157244788,1.5404150724906394,0.2235885730140739,2.8669903729709,10.659021740518146,1.1281703620229828,3.2691912039675977,4.1556099624662926
2023-10-06,7.630238088491229,15.8247835437923,1.6455484986548954,0.22170126384708616,4.130313638979595,8.874687699157926,1.0665349948893654,2.0172135371832054,3.9084221036423576
2023-10-07,10.840178945093685,12.766435154448615,4.069704705618488,0.38834697593953876,3.0090752332602615,6.7464590878147535,1.282992846811745,2.335372793802023,3.152102037058407
2023-10-08,12.489217982561856,11.342178329455054,5.48848886304564,0.4851888877054056,3.235112885613971,5.327879791757797,1.0832590054739846,2.9387543311986657,3.768035166002644
2023-10-09,8.145008236204783,17.74861531433529,2.098442910887665,0.18853865391651786,3.7583618867566857,11.752933100973765,1.0845225484498342,2.700327311266793,4.012718590503003
2023-10-10,9.966711484387716,17.95931527773963,2.299725601975653,0.3253412179497878,3.6318468349573347,11.110341963978344,1.0619250521209507,3.3040523261586827,4.700347830010785
2023-10-11,7.5351104309564185,17.130833718062505,1.9937088428097298,0.2478173721028699,3.3688815693855285,11.43311846251329,1.0812591783449383,2.0592610593300393,2.9392382823756003
2023-10-12,7.639964285931057,20.17666599444495,2.0250097185312375,0.17396059079501364,3.73914522599962,14.133278853032856,1.0522593431254228,2.222877229265372,2.962210794963307
2023-10-13,10.194917431029747,12.259652584987219,1.9681737893329725,0.2451641578259733,3.1829768783717682,4.4305196821721395,1.158367669037183,2.428911790590551,7.113852186891238
2023-10-14,13.70060653987461,13.36454408622318,6.095979423289563,0.324102315770785,3.862808122988807,5.936013913681239,1.1022295287466048,2.9054802749232453,3.917962258620792
2023-10-15,9.857007521430122,11.214990532951354,2.7859263854723504,0.3547279198160437,3.566783015703625,5.228870772160423,1.118746868686411,3.425462926035722,4.187318882593314
2023-10-16,9.256935383586354,20.739235831731165,1.759359103542169,0.18080816946837638,3.058421024323039,14.508104225405058,1.097047035053836,3.2455548194320993,3.7689308840041695
2023-10-17,8.99477717048645,13.552464482756722,3.008329464641412,0.17519050824549465,3.6075657380093467,7.659975792242688,1.079826248503261,2.6482794003564787,3.1560838545836343
2023-10-18,10.740204320548907,14.91227785477956,2.82185903689305,0.2003693522769875,2.963916171950234,8.476884410298666,1.1209282741983733,3.38392831000646,4.887493788470427
2023-10-19,9.280993133659363,18.053568273709615,3.6104249672547972,0.15115618831237154,3.845986273159452,12.097563377065127,1.1452450017560856,2.4553516818424064,2.2904919640117223
2023-10-20,9.933925954178175,17.150398184496563,3.7428062414948142,0.15388008943928613,3.261459436376889,11.399841536829207,1.0912678816086716,2.6559867780027124,3.238211320546997
2023-10-21,10.153016174466876,9.592561235660977,4.661344124823941,0.26803180442346464,3.4502335296381843,4.003592871451907,1.085105850525697,2.2012725851286783,2.3398738193689455
2023-10-22,11.597538565599654,14.868727126456367,5.593054277088907,0.36465223532650204,2.623528675679101,11.052339727431406,1.0685420363677873,3.567267000117302,1.953231393357118
2023-10-23,10.604180572340223,15.190711445231965,3.4015256199555925,0.1787863410482142,3.001136245574421,9.691798953293693,1.1293266682000955,3.619808913034863,2.9692567271799506
2023-10-24,10.800624474601744,11.683246561253867,3.366641106247637,0.21075272944516604,2.7577430882114835,6.245809112472534,1.3291738021336663,3.4675656023816273,3.3243207920360565
2023-10-25,11.371706094033984,17.10379687017229,4.304328623423046,0.165498975361983,3.3234042291678323,11.568694964061319,1.5415312127992842,3.422880866613917,2.4252062108140526
2023-10-26,10.416462113608787,15.088597699576486,3.5769681428647035,0.09722113627380793,3.2558314459615287,9.543353003107708,1.25790829201738,3.4544492935923725,2.965492282808622
2023-10-27,10.741530463501613,13.778401559533012,4.39386009731849,0.20039417778213817,3.596936230738428,8.080198008877437,1.2890910187239115,3.0286210797176096,2.834553063966963
2023-10-28,10.076258437269,8.586549257193674,5.193839095203876,0.3347594820002714,3.125724797683821,4.114911016997231,1.0086088772581683,2.4438652948266935,2.4584707489146127
2023-10-29,10.242833917959002,10.510267260288664,5.129940579943657,0.21162691081086796,2.9933157627603744,6.333200279496511,1.0625622697281838,2.880530536666976,2.1532352639799646
2023-10-30,9.690282022434342,15.712799028087193,3.871992306193245,0.07887517015178999,3.543778488845825,10.293378051446279,1.1635585095526115,2.9092896705289686,2.1102789045283528
2023-10-31,10.87816649072859,11.33980579639011,4.486968028265371,0.07892947281135453,3.220646312736934,6.019672297566732,1.0821609789358246,3.387672461476458,2.192774395558039
2023-11-01,7.835759936100643,12.511739277572632,2.1362479236102105,0.25757742965645264,2.7080720901732978,8.560577063335842,1.034172953475184,3.3006344691599745,1.77082335723665
2023-11-02,9.542241641623178,12.446521496768526,3.285786305070718,0.3842030250173145,2.8384132241826587,7.770581575626798,1.0132600413616497,3.2096216839215486,2.4215055842971798
2023-11-03,7.824186862416798,8.85558714413113,3.1005543654566345,0.15984105668650733,2.7498123490042157,5.200782329885694,1.0573525243367088,2.73951531729089,1.690505039114157
2023-11-04,9.952171183461084,8.894765435682933,4.69440703007963,0.19903536222087012,3.339094586049186,4.706069346756405,1.0337023576143054,3.3514896843719484,1.5661452353299987
2023-11-05,13.57866594655143,14.749883910556369,5.852592919347288,0.14084301563541096,3.1520505224418636,8.411662983722687,1.210046679166688,3.4744161191516456,5.158430631859834
2023-11-06,11.95925240837309,13.331792989107768,4.95158262767262,0.1151402291900582,3.240501824901899,7.8579420385339525,1.1477321196169323,3.74248194855637,2.041043314011097
2023-11-07,9.769667587776183,11.32869661517673,2.5708751502911245,0.2334270880083243,2.576969290570683,6.420594982613458,1.3112252368158763,3.5373955941020117,2.7518324053425256
2023-11-08,9.870924380177392,14.334773696933324,2.6745784833296145,0.2738254193066226,3.333732812505298,8.541875247815451,0.9301815093231202,3.7069827319651187,3.2296435635876657
2023-11-09,11.569263441345425,11.078188180037607,4.382231199952496,0.2075593530223105,2.53861391374641,6.311051238026089,1.2208058026356166,3.755361915452215,2.397621170047124
2023-11-10,10.71960493198607,10.181063595979477,4.293819177749953,0.1928847827872965,2.619281869521671,5.709056715022194,1.0889586701867315,3.49031073663897,3.0341775336329144
2023-11-11,10.324700153217318,8.264235295965406,4.288599500545925,0.2875957585407628,2.5206340861686076,4.233106576451197,1.0936759790401989,3.3260098391509056,2.8596933564527833
2023-11-12,8.82089996963713,6.167938272593816,3.1226972130780752,0.2883526144516468,2.634452527412309,2.0403761699326832,1.0638845834000907,2.999252528155115,2.816714728253153
2023-11-13,9.744391293877495,9.06366124721951,3.5329461105987754,0.28956832245349884,3.1298392452833386,4.356970921711392,1.0877161030998497,3.424152649468846,2.471184359857771
2023-11-14,8.31763591741138,12.15223265955607,1.320854354508188,0.3704993173620436,2.697504274575974,7.233637117958068,1.106640126671261,3.4726442900795416,2.7199741832677526
2023-11-15,8.848335417976909,11.017668666954043,2.1777778029317325,0.41127869279993906,2.3662249897861485,6.623954940995111,1.0500826531073781,3.338595348341465,2.6510899585930505
2023-11-16,8.754859032749598,9.776827120443983,2.6627257913274236,0.3783105827926265,2.9709019046338403,5.339355537734562,1.1024633254724077,3.324219162504408,2.4932528022395246
2023-11-17,7.969093901586003,7.617485179227194,2.3161251459341576,0.542947384063138,2.986555409573448,3.42361860203849,1.0159148772909907,3.0587413518243363,1.5950984522138703
2023-11-18,11.634189375288223,8.348755427110461,5.3674951374242035,0.26024561942325697,2.272093184790611,3.9286251955604543,1.0784246565532685,3.023093169106113,2.712259233562152
2023-11-19,9.76642389304055,7.740278483276367,4.1113838584521085,0.22721443855802215,2.712432481415007,3.739550789680481,1.0944329587576127,3.228386141026549,2.4028176265258265
2023-11-20,8.005048565571045,8.638383487849765,1.5645480302479533,0.3308310725965765,3.441253815443781,3.41435576125039,1.0974012730820975,3.3721606081872513,2.8328575461377037
2023-11-20,8.005048565571045,8.638383487849765,1.5645480302479533,0.3308310725965765,3.441253815443781,3.41435576125039,1.0974012730820975,3.3721606081872513,2.8328575461377037
2023-11-21,9.264935735799474,8.85060452439838,3.033541320608986,0.3065183074389564,2.3328041525819567,4.99522482772615,1.2092024181506371,3.3937076484804685,1.614240276898808
2023-11-22,8.928396346266004,11.801950910992092,2.46451086212529,0.3435725500061777,2.9980519513993795,6.664542520609961,1.05456326088508,3.1283378400892676,2.858005711534023
2023-11-23,8.03575561487463,14.299365004806521,1.3197063720027606,0.24412364884588456,2.173710814709663,9.42837461292055,1.1216779677295685,2.8074020454454423,3.8650983818658196
2023-11-24,9.218375539425745,15.92923292302449,2.5308503400037026,0.3154524844933881,2.413234936525028,11.31358146082348,1.119085113618374,3.2046033567651113,3.2647514837845164
2023-11-25,10.908199893550872,8.162507037673528,4.642153492975235,0.29767562858051727,3.1672809537490205,3.1052132386239375,1.1170516595183477,3.177215437865522,2.3749493613627215
2023-11-26,11.654662077797784,11.182361124496458,4.657379662886726,0.31022932123793495,3.147066771548589,5.705268951596154,1.2166723007769054,3.385982826916906,3.850333751613299
2023-11-27,9.79427694794125,15.39484146909078,2.697197483533753,0.29622472523715765,3.067090383300251,10.181472190350426,1.3568332061007284,3.5040300117423797,2.2684493337119944
2023-11-28,11.65407230764813,16.310340048022795,3.4462665809490947,0.36362854835073155,2.775048818298975,10.10631191321373,1.1762907141044405,3.4606652035111845,4.4676351995698615
2023-11-29,9.944436400585172,15.704108141928778,3.391983461410469,0.28703540078785683,2.9003034333732396,10.84013916180081,1.0736556967258453,3.401895541536013,2.622883168019189
2023-11-30,8.434723920904796,11.339387998462255,2.142958290711244,0.3221642468603452,2.6991673203870987,7.049128460455998,1.1273210322455562,3.4033821677096685,2.8050554199971094
2023-12-01,9.233557930492823,10.53212947558085,2.362939843006929,0.3466578170340591,3.6137641290844815,4.940704133788214,1.1714622545895315,3.532357875887818,2.1760688659397767
2023-12-02,14.213011838862101,9.735517275034585,5.657770365360577,0.3621281179254585,2.6349574441199834,3.480317842042712,1.3026080167590246,3.518889963892831,4.400671804143852
2023-12-03,13.292535656378007,12.508711941519843,5.418063198413319,0.3883912292758624,2.964004507549074,6.604883734697765,1.2369471063958273,3.5714424886764427,4.134758950794803
2023-12-04,9.44891892437617,13.679487385336557,2.7021959833267,0.35438356046795844,2.5932382817893553,9.182977646684648,1.1285848324653838,3.4818893032092517,2.325410640908348
2023-12-05,11.611883870455424,14.42182580113093,3.8466046632260746,0.31547619327598153,3.3478368631066218,8.361686533077028,1.5096645101594923,3.433291425561905,3.351079070366488
2023-12-06,9.923576942738425,11.610141898252701,2.898284431929323,0.3106077382054594,2.717119034989145,6.835757235885196,1.4457381382722323,3.388288862705761,2.5434530640146464
2023-12-07,11.415167602263558,12.925230104192096,3.422644041459561,0.3261102615298166,2.1145707050636084,7.525578356308407,1.2127929998970028,3.408193864634037,4.496696392946773
2023-12-08,11.700518991571004,16.784069328998985,3.9050205109794933,0.3047918956775135,2.6451574200587813,10.904033394682145,1.21308806942251,3.2753932543656554,4.928087455552683
2023-12-09,12.548102553899554,9.84359010836283,5.499646714720196,0.3818958895191881,2.385757908420562,5.163953134013281,1.1108165043796434,3.484417878988319,3.527175850120385
2023-12-10,10.011523511606851,12.09766607269075,2.0589789849106475,0.3376967478591866,2.842964819636874,5.960689331969155,1.1971690433915456,3.329669399371677,3.5750714921153914
2023-12-11,10.38600253665076,18.251549288402135,2.810629872640504,0.35884396998299495,4.323976852679784,11.112493351590897,1.1346048920814198,3.4644049897339615,3.1983482334335647
2023-12-12,10.944314896051619,13.614266501405503,3.4509067137633425,0.267444078124894,2.5207830128341255,8.394050160109202,1.1916896648716928,3.5734393971024616,4.051425887028376
2023-12-13,8.745093476539187,12.058646475342643,1.9601397784434424,0.2716630626527468,2.675220971594386,7.406111969852447,1.219049427266121,3.486724714009762,2.9525269093651234
2023-12-14,10.649625041467877,19.294886594662135,2.3413735647148552,0.2701011302472485,3.3216472885598076,12.21285234676149,1.1049765278310244,3.412880949431791,6.373560641262003
2023-12-15,8.377586849750944,14.9232263485633,2.2447649285070104,0.23427457599335244,3.2844341196038984,10.046532699808543,1.150394129090309,3.286242742554877,2.7625786796567176
2023-12-16,12.204482895403968,12.715613945172624,3.61768925921811,0.29153385923716757,3.0926617010551025,5.645544953467052,1.1497514881805575,3.382322277198897,5.5008179990561805
2023-12-17,14.11495351038191,15.537105566096836,4.6704945414455725,0.3875896297242907,4.234225886022779,6.640695248733096,1.1588046131295628,3.541783121429814,5.67269145028803
2023-12-18,9.097048316107855,15.430386122122869,2.309328041998546,0.3253220049521658,3.40165864001592,9.822492933673857,1.107995668897364,3.2766385001296463,2.9701410511936075
2023-12-19,8.677580401085747,17.773513890567358,2.3368476855784,0.2690462826608287,5.482368808608055,10.619198552316032,1.1750834908514554,3.354927115956148,2.7633254839905104
2023-12-20,10.244011386997435,13.468007365421718,2.747661290508641,0.38153732263750495,3.744545940356785,6.903373797107273,1.161277861764696,3.295530827634865,4.097771491500272
2023-12-21,8.864767003009582,14.927612183125813,2.1709922105211685,0.3348173530745506,3.105932871828079,9.759200294539134,1.1307385747663181,3.30112278847456,2.840666119448079
2023-12-22,11.197849157477485,16.0821586407174,4.021140922995674,0.29683069335990486,3.956726884942585,9.415871183950635,1.1128989641955167,3.2472565302109717,4.115129811948935
2023-12-23,13.469819297754496,12.542405018441942,5.546485229112838,0.2888788061516815,2.546161427137057,6.702178461048339,1.1348529220607544,3.4396035874708497,5.386059357533454
2023-12-24,11.438181811610328,10.453284966994394,3.8685555274242827,0.35060001188026535,3.389716649474038,3.9206511633035874,1.1341787263231806,3.1644392656845515,4.634740964230962
2023-12-25,12.252724349269867,13.756082471084595,4.385295960393482,0.2781196288220088,4.747149787787331,5.9358766770458224,1.1059810102825693,3.709154126835134,4.233945866207282
2023-12-26,8.203454242661794,14.196036356491513,1.6483858693101672,0.12300005915853712,3.7949388460901052,8.481558259354697,1.2605851382520463,3.4219490599971354,2.5638869480408557
2023-12-27,8.898486510260899,22.199233929053417,2.0763287668895725,0.14634434572325813,4.808623801143435,15.064133430311418,1.251677664824327,3.2747809712518583,3.153824166942967
2023-12-28,10.32416169488059,16.694262658284504,3.0785332079643664,0.30506530580732555,4.180902763756646,9.743426887257895,1.1648881159130733,3.236231271629863,3.8283730198476054
2023-12-29,7.951551353823343,13.257593229416742,2.063260955237812,0.4238990472086271,2.6916788854360583,8.983235888729098,1.0972110803212056,2.945923608819909,1.6160317564916609
2023-12-30,9.257498401588865,9.004668344141642,3.977806065467729,0.36832987039181925,2.9234269779078166,4.688678975255756,1.1081420457590954,2.555663647949431,2.6387360080515014
2023-12-31,11.1781656604343,9.507470126902266,4.973164911834664,0.31090375164561806,3.0038911555788257,4.582961687325373,1.1573250442647935,3.028314520519574,2.339506817240185
2024-01-01,11.016529062436424,8.779991769663493,4.836207339195676,0.38469626991046796,2.602300585230721,4.801823135765924,1.1576037423896788,3.473624984578027,2.5667785377576617
2024-01-02,7.8707662322616585,8.951087253297171,1.577059034599993,0.33237599317895045,2.64815764611774,3.94349742468728,0.29264085995303263,3.3600263233460317,4.561342628233433
2024-01-03,8.344670874587166,15.789677790128922,2.057849344903363,0.3251913761953513,3.9888007619476316,9.775526427493627,1.004363995030721,3.069574209298028,2.7199081913582486
2024-01-04,7.35744466791259,15.557396560630798,1.3726454016804694,0.3430976284873485,3.9016267372936673,10.434774135773976,1.5165468439022698,3.057391061270502,2.1094426315930153
2024-01-05,8.896950617108875,10.34569472582499,2.2957920779291787,0.3566742415883807,2.881750762423409,5.33386815073861,1.1874938594513467,3.0702967064497204,3.673130587930679
2024-01-06,11.415708934644062,8.999389147548676,5.1261499536561965,0.3514142140919632,2.209487552746667,4.705110916659037,1.0913690582296582,2.947403956888782,2.2735926240714397
2024-01-07,9.817519260187149,9.032028516108195,3.675939292039871,0.3666427127950721,3.306490068478054,4.131655405821271,1.088696574400796,3.280622659442954,3.034118031246927
2024-01-08,10.164168059269587,15.531731819712322,2.7708196619910663,0.2649074719251527,3.0731766510242893,9.324617065959506,1.1179418530645635,3.039868556282785,5.7592803270536
2024-01-09,9.394408466050889,11.429853776766462,3.1114122983262273,0.28670477303504943,2.5559631280475186,6.960042699362438,1.1164152554800775,3.137496423818534,2.779535944017304
2024-01-10,8.26398546187083,12.998098163905674,1.9492788010867437,0.28317427343938084,3.0250223255438273,8.008229571170807,1.1198264252498416,3.0676425351235603,2.960327568429311
2024-01-11,8.975271512346268,12.113640390143924,2.18316556119442,0.23814152108152709,2.7412578505150482,7.095603597253164,1.0896259209966657,3.3430089794582787,3.7449340074970987
2024-01-12,7.820910904214648,12.367159803343878,1.567416252576775,0.27079515408118565,2.5052207685544747,7.747717366371156,1.0841786697631413,2.8920374483148255,3.682424886380567
2024-01-13,9.77048528627078,10.323549319665698,4.449318528633118,0.2306145242611567,3.598749228272967,5.704464070684645,1.0710927359994253,3.150802081042661,1.9131182395066155
2024-01-14,9.041203592957391,15.792684618292917,2.2237405347487664,0.0942971805940734,2.8414754022322763,10.481507745278677,1.0909188126760059,3.306978060324457,4.781346825011571
2024-01-15,8.086709315037199,13.978712716708712,2.3339861856238047,0.1890738391248385,3.268785752155516,9.239262573377824,1.0859540418667266,3.129066191387441,2.825893445116149
2024-01-16,8.27111605962753,14.769883385865953,1.6588668461969163,0.21557862792743582,3.0372462361749015,9.452339978425766,1.1521357351178592,3.1249306382764717,3.4392878374841476
2024-01-17,8.829404653712379,11.806603992960188,2.0523412033624124,0.20291100781056617,2.6920073925579917,6.6973630753686715,1.2154525969836447,3.126446548388269,2.6941648456546994
2024-01-18,7.81691943397098,16.132189908616805,1.0949300298582183,0.1973059697071711,3.0202584072293175,10.855392658127679,1.289239627741708,3.1059831969028053,3.6720468468668725
2024-01-19,10.776429471795826,13.44870960249159,3.096782698587311,0.1817635626027319,2.665000973068343,7.6472136303435425,1.2712527890928589,3.3159088385929008,4.229907208866013
2024-01-20,11.519910499595007,9.344368023658328,4.297398813371128,0.2677886298429966,2.8412292995765474,3.7558605790477326,1.1409008325592678,3.3102327367676625,4.451623755717808
2024-01-21,8.591179387497371,15.352998219693504,2.439711296470429,0.02987820849339167,2.8275053696759547,10.868545318109726,1.1161841097460854,3.47878150805182,2.0572704862735005
2024-01-22,6.598911269298131,14.303713619541593,1.5870497585029073,0.17765906460020278,2.8029942168622544,11.108483210695056,1.1741939385233988,3.3560183752751347,8.848853111267089e-06
2024-01-23,5.308028116832309,11.36156538600074,0.6111765154223973,0.06347710086358918,2.2967517024580633,8.798048051489722,1.156706332386732,3.264122040690581,5.67433304256863e-06
2024-01-24,5.8655316228866585,8.606625000231002,0.29161310810115604,0.031221800472338992,2.1706616713852354,5.096137602361044,1.171241510823038,3.1026109741878507,1.4708575407663981e-05
2024-01-25,6.613292108417087,9.036528980410893,1.444711151822673,0.160847031598356,2.2470320472139784,5.848793855551613,1.2830970409308535,2.878436416935392,1.5971042348210016
2024-01-26,10.62737504362318,18.498982267824807,3.058795732014444,0.16767870989852482,2.791736942772336,12.777538358271919,1.3554391075584624,3.3365677331797285,4.049714784294764
2024-01-27,12.574190190251665,9.12286987119039,5.559092936727471,0.21669308464924492,2.6311634610674117,3.8893609413104584,1.2517308059093686,3.2181012052019433,2.8238182126177676
2024-01-28,12.444838284903634,10.613047642209793,6.124713522239791,0.18673054124037428,3.1321375691477455,5.483356816545062,1.1143288558304307,3.2332604980304502,3.507365815618038
2024-01-29,10.04151085662842,16.91299344827864,3.2759796214916967,0.14149559027923478,2.6441083216502936,11.757453635972341,1.0283151516917015,3.2648919952495885,4.008104749123785
2024-01-30,8.973549398617216,14.138248081673517,3.745646614074442,0.1447596635962857,2.6064192885409465,10.5403485526424,1.1214966396122512,3.108221096463468,1.8667575179658995
2024-01-31,10.828454791592494,16.88095845751021,4.25619861371888,0.16555142971952755,3.8504156414519417,10.82599206812117,1.1488659158233803,3.2318001906050573,3.4900050312248867
2024-02-01,8.620057184844548,12.907720440427992,2.5560679138006104,0.13025223787029583,3.3518102602767943,7.653595619763269,1.0767780869695875,3.1036012047232524,3.6653445092513843
2024-02-02,10.956522728042602,9.068050161056519,4.589534849538273,0.22548221363319293,2.7363686953332693,4.09231582628886,1.0812830553015074,3.0254248541924684,2.8615880141872827
2024-02-03,9.984703570735718,10.061335680050322,4.334839101608859,0.25501640189886093,3.138049492445522,5.533307584048377,1.1206205881283016,3.0497012639504004,2.6488503651224256
2024-02-04,14.293015446472165,11.229243656014333,6.6342674509318655,0.28220917352769115,2.8992318249130253,5.132316528653039,1.1291767701314555,3.328220866645442,4.176093378048208
2024-02-05,11.261938540155624,20.744897416025797,2.9911937496378687,0.18894659603913624,1.9776382136683994,15.20349494163937,1.221003569891188,3.499334380676482,7.00037528686391
2024-02-06,8.938606980393727,16.301875707361436,3.008195468663639,0.23127012832336952,2.4011490588654407,12.68452265215132,1.180484719117085,3.4406454626072778,2.361890772559378
2024-02-07,8.654763996637133,13.988593155445527,2.7550081649300786,0.21178740327517193,2.5283925977812873,10.08802174478107,1.0485771393578585,3.3805120703490568,2.661564664959377
2024-02-08,8.768315899163353,14.361566217475465,2.3442422463409107,0.15692765637013648,2.4898108399237526,9.928552401085959,1.1129255643232663,3.3624504283359324,3.026493653349347
2024-02-09,8.066267142039406,8.180379177650876,2.522246009036965,0.09662331102490425,2.4129718692170252,4.497042557555305,1.2324304913234712,3.088070448325474,2.4190527700750035
2024-02-10,9.808230928052266,6.752865347446866,4.8152391937859855,0.16720606565594673,1.771138873737653,3.800880896390279,1.092362867170175,2.7639488283493785,2.1432403636580046
2024-02-11,8.594562663388782,6.525648107034895,2.962446751052803,0.18167656702465482,1.2306273331975937,3.733092213105096,1.1628019983771112,2.892626060406631,2.9051217695318337
2024-02-12,11.801203806754216,7.616423902522191,5.486748397708204,0.16898432102362315,1.4475300982925625,4.102924645769331,1.1239098336524436,3.215836825528145,3.8484303088206713
2024-02-13,9.873633400228286,8.030482413618298,3.3212728850385878,0.17964486243724823,2.035204873973528,3.642410917921066,1.1351741870848335,3.073667054926819,4.463398433244758
2024-02-14,10.200540873186325,7.337444633335537,4.146920476224158,0.1892241058631738,2.0216795733266406,3.5769822625944347,1.1754227526194518,3.1375797537657952,3.2746421277046203
2024-02-15,10.551813852657743,21.851132593888178,2.323472989391221,0.11102253824472427,2.9528611346975957,15.183297612255945,1.2073481199465856,3.376582044798798,7.317530233467686
2024-02-16,9.26974505765385,13.484242483136917,1.9071832345991662,0.15258733637425637,2.5402325037394626,7.895162695942984,1.2226193924771416,3.132166285259725,3.52345358667824
2024-02-17,14.28687121782091,16.47603881825765,6.0024983454192995,0.06968941317929161,3.1682475588311085,9.247290216189489,1.1611253734493259,3.277673190859424,4.704078572506905
2024-02-18,13.33586796339247,22.67002891299566,4.973450550719897,0.16215999623854957,2.115529861016274,16.9945132889896,1.4085611378659142,3.4879485655816396,5.29208459795475
2024-02-19,9.708979142036437,16.85661574560166,2.8559245512278872,0.0749412813531028,2.6827199963272936,12.703646747669644,1.7043099359830223,3.7779761295835184,2.265934641849465
2024-02-20,6.8672763296508785,11.235327973134783,1.0382682234430312,0.007025217316812938,1.27990096364869,7.041500668855243,0.7469849278937445,2.307459762732453,4.411393744080861
