Time Bucket,1-Mains_A,2-Mains_B,4-Air Conditioner-Rec Principal,5-Air Conditioner-Rec #1,6-Air Conditioner-Rec #2,7-Air Conditioner-Terraza,8-Air Conditioner-Comedor,9-Air Conditioner-Den,10-Fridge/Freezer-Refrigerador,11-Clothes Washer-Lavadora
2023-03-24,6.833992582162221,5.275456025558578,4.0304410192701555e-05,0.001005349673430125,0.792835984547403,4.038100727792582,0.0011839300195376078,3.2417898845595783,,
2023-03-25,26.430141603374484,21.895130902416973,13.219691133144433,0.0026551652118894787,7.6886421519592085,13.83507337073538,0.00017813225295808575,0.4035243625195819,,
2023-03-26,37.523056555853955,30.444263651030855,9.820188486660056,5.974231526474423,6.73510142436001,31.24801526742803,0.0002927262565824721,0.2282972656136089,,
2023-03-27,18.42191246499379,12.411829597243202,6.006884503328007,4.544185703115993,3.7706348849593265,0.7322158140148057,5.7900502946641706e-06,2.373722373665439,,
2023-03-28,16.251055660188467,12.751553940733801,6.559283570957978,4.718105846288733,6.74332182842546,0.00154429015133116,0.0,0.09002733665572273,,
2023-03-29,14.876525721338062,10.929104680131275,5.538874950902992,1.475453141101731,3.9310647121349978,0.9514230733977422,8.713396390279134e-06,1.6574711372378137,0.07140743000388144,0.16479525108920204
2023-03-30,13.127046511804792,9.37093240325822,4.898247230204742,3.636370809950299,1.4414924216538003,0.001537442944844564,0.0,1.0236334604525565,0.12199556328018508,0.23734214077591895
2023-03-31,17.95880095988981,12.413571888086532,4.922014241969387,2.041720107855078,4.634574212132722,5.058361653199723,0.00014704476647906835,0.08082708631919523,0.16892355692561448,0.33504848045072255
2023-04-01,17.42316117147056,12.851963356360326,6.708768327603009,0.0014040028494500304,4.392586757313515,3.9096476575848813,0.00014457888311809964,1.1572600289911028,0.13842623346816188,0.9632266219573421
2023-04-02,23.82737422276391,18.98722921362506,10.59957595767816,0.6729999271199438,8.963095302653047,3.6127930297772086,0.00019331267330381606,4.291719748121102,0.26918684471686677,1.370974003917641
2023-04-03,19.487988578862083,13.390474291300775,8.777075716358292,5.037025553592312,5.027507747895982,0.0008373078915807937,5.7803927527533635e-06,0.07179394150310094,0.2054069900418652,0.33342407992972267
2023-04-04,16.16145551356633,10.40961748307599,6.2478577793521355,1.998657767707772,3.6957824909589023,0.0012486808337105644,5.745287206437854e-06,0.05361317038536072,0.15055360109315977,0.6630385673924287
2023-04-05,11.730195853513084,8.120237305172815,4.613436641303434,0.0026058711322148645,2.957151135814455,0.0012717035664452448,0.0,0.040348131537172524,0.07535944912526343,0.5194711776289676
2023-04-06,18.074225045426687,12.240973857568106,8.821636512200831,0.001176606847974989,0.01155164907640881,4.650588678899607,0.00016436596102184717,1.663572774355676,0.14272851538446216,0.9349498640011418
2023-04-07,12.998265187157527,8.506003977626694,5.257311379645135,2.6625645097019937,0.00019201661666234335,0.001429203448030684,0.0,0.05230206497192383,0.044425522191656956,1.0096647847100102
2023-04-08,10.651242734906939,6.714814037073454,2.93094032608615,1.604720328906907,0.00011230371581183537,0.0015487531473901536,2.9271157582600913e-06,0.040304966068002906,0.04846294294185108,0.901714803249571
2023-04-09,15.629213784463671,10.100095731418397,4.166597645044062,2.7969322604719795,4.255614375008477,0.0012124843941794501,3.45458878411187e-06,0.06750322195053102,0.1443194364289443,1.0600286978314986
2023-04-10,18.699290561892187,13.553266063685415,5.743103538191052,6.085094990269608,6.247137483662764,0.0009505420094066197,0.0,0.06970821136898463,0.1762834988676177,0.7184300289230878
2023-04-11,14.61454305560642,11.207341582735381,5.589882140578429,3.5016809668797926,5.198076129201254,0.0013836543152067396,0.0,0.057996290193928615,0.14328103027184802,0.3311520688957638
2023-04-12,22.800157612107597,17.675270980113876,7.018165564319822,7.309870038144587,8.082944768636755,4.277386621071233,2.9369760089450415e-05,0.670802803448571,0.23284403639899356,0.3093545482463307
2023-04-13,19.28462193333096,15.887308409367137,10.830170842463444,5.614482815969522,7.570610006265639,0.16083173535638387,0.0,0.08475014085557722,0.21396854232192036,0.25841639312797127
2023-04-14,17.32761189610587,12.793220268829133,5.446379043036303,1.753919131559796,6.209265889763037,4.470727291112741,9.33030186759101e-05,0.07119225229660671,0.16452449555224835,0.241095303763681
2023-04-15,28.50879607107162,25.213720225191118,8.744945374417837,0.0034231823746363327,13.051131494982767,19.41348999022775,0.0013055716562271117,0.3233080532778634,0.3401919387253125,0.6925006039149231
2023-04-16,38.449837382261485,31.11571364420573,15.208674231241279,0.00037455450773239143,9.093106608984737,21.55545241591665,0.008135171968142193,8.427358195050557,0.5678459246203635,0.5202442978608608
2023-04-17,18.257284469015335,13.235187714649838,4.98537031945414,0.6072088960093922,5.128540366964076,7.436380495420826,1.530228482352363e-05,0.0753648200276163,0.1681128720565637,0.5031429673287604
2023-04-18,14.27996392257055,11.478115958894096,5.503267470591863,0.27134399584637753,8.196280056518448,1.1121822670820025,0.0,0.06297640339639451,0.1562974955472681,0.39869885820044415
2023-04-19,14.232169485405814,8.685276064056819,6.321253707435132,0.0031386728906631477,2.393687565881676,0.0010667968776490954,0.0,0.052858067849477136,0.08722010179175271,0.46103672901405235
2023-04-20,12.438087757670084,10.474447051290406,6.018610322742463,0.004533716022703383,4.495544611151218,0.0014809568606482613,0.0,0.6328761645854845,0.11850103393660652,0.6952276815040905
2023-04-21,19.877040559353297,17.15346412738111,8.007878791395028,0.005012671034600999,7.4722547902088685,6.553137731966442,3.8325159814622666e-05,0.09997463835822212,0.20652033286386062,1.1209948575948347
2023-04-22,19.181074489678277,17.01907168434143,8.985339752859806,0.0037356822339693714,11.191216748552323,4.507815637086498,8.308930953343711e-05,0.338570577966902,0.21453157404886355,0.2981026543039746
2023-04-23,24.72041721971512,20.57016529905531,10.218209904313884,0.0017620119412740073,7.503857184806663,14.368302256527477,0.0007161413990126715,0.12918204358524746,0.24280942883690199,0.9417667750558588
2023-04-24,18.841113791304696,14.163591476196714,9.62004275915623,0.0029989186774359807,8.409701667784848,2.111563766869174,2.637667417526245e-05,0.07660342275036708,0.18359604227860768,0.4415034887815847
2023-04-25,13.789017414985235,10.164142946201963,5.260062087607914,1.4323615000465182,4.421285462117725,1.0428955908407105,2.8979828622606065e-05,0.06109684972816042,0.1168636804613802,0.3418162941062451
2023-04-26,15.755863179497188,10.867090483635803,7.35004149907695,1.762068285741276,4.309463598121008,0.0011068849669562445,2.7813773685031467e-06,0.06992720958365334,0.12030547874238756,0.7009157041234441
2023-04-27,18.87178347188526,14.374966141291724,5.917847261597582,0.0027014533384641004,4.077378604180283,10.2769385533505,6.73812386724684e-05,0.09843663717587788,0.16000766341050465,0.5489955745346016
2023-04-28,18.083147842534384,12.484823213418855,5.588076837817827,0.015863186521530154,5.210087508955796,4.926504100708167,2.031168752246433e-05,0.0828907159203953,0.18097264404243887,0.7390308839494653
2023-04-29,20.485848191496533,15.380263845135369,6.94966647073322,5.429200641133521,7.188268643495506,1.6011897956840198,1.1712609397040473e-05,0.10516355294519,0.1941651929010285,0.6546415861982768
2023-04-30,18.267883564311134,12.958494792922341,7.0132852121268385,0.004249573069413503,6.88506065169096,3.6738659557474986,7.788451221254137e-05,0.0974550559790929,0.1340414666537444,0.5873003066343732
2023-05-01,22.839513621593053,18.543012788887552,9.399610321572094,0.00278284055021074,8.237602425477505,10.382538528159722,0.0005305087929301792,0.12106836573812697,0.22897016991708014,0.9197532019840345
2023-05-02,13.300978260039841,9.56771090222223,6.343703032282709,0.00263628236281997,3.9117331220541014,0.0014411061715746609,3.314860661824544e-06,0.05142452756672981,0.12907771470135648,0.6777423545617671
2023-05-03,8.045078173402594,5.00420887995432,0.39587032770078856,0.0023532605667764012,2.7615333098402015,0.0013948215122026179,0.0,0.029783652495511223,0.07480987461077306,0.44582679274504605
2023-05-04,21.90029587456597,17.714562606891,11.655024387269021,0.003088857704003652,10.337978399382962,2.2410480264915362,0.00017169218725628324,2.883114376138316,0.2604065473062462,0.4708182233919038
2023-05-05,20.831654024187724,17.32313474023342,11.472227281297311,0.001622017892466651,5.376356188574632,8.676265322372117,0.0002543641148673163,0.10192440489159689,0.18913485402146965,0.6348107248604298
2023-05-06,35.95519338631524,31.794364486038948,11.15150042070521,0.0011806041619512769,8.973380586623879,24.781050587926444,0.008434643244213528,10.887579533345964,0.5798157634790739,0.7331581936415037
2023-05-07,34.632335130110846,27.458363844557862,12.114680346576638,0.0005687617635726927,8.970637987049686,17.91644930118878,0.006981445218457115,7.386741373235649,0.4586195904472139,0.681110746505128
2023-05-08,16.04260787829505,11.309086516470382,6.9684260933995255,0.005668130373689863,7.129672896916866,0.0013079585345586143,0.0,0.06861832185559803,0.15347291194452178,0.40522423234542204
2023-05-09,17.51433954486847,13.420849723169008,8.799263880300257,0.002778140350182851,5.0317202622874575,3.3569203698248335,0.0006257901263237,1.3276863154175542,0.19272911553899447,0.508322078990009
2023-05-10,15.758403976870646,13.0390072355281,9.098362578625943,0.004301968168947431,7.0727887779580225,0.9646815449584855,3.868694702784221e-05,0.07447995922591953,0.1626267604988151,0.6635281738581922
2023-05-11,18.42362279907015,14.167087309383813,5.89540011790514,0.00208733255704244,4.012494068792661,9.421930758077304,0.0001269901238547431,0.09054818427774641,0.1542295155158308,0.6243231350800725
2023-05-12,20.67354334735659,14.286144122832088,10.658132389309406,0.0018238330332438148,3.6769503957615965,5.999676017272737,0.00012112837288114759,0.47397330420600037,0.11354419330994288,0.2687963416963153
2023-05-13,20.3639606707912,15.818834439121884,8.505394346856274,0.0025465599621666804,6.847881983910403,6.884740064762168,0.00014368563069237604,0.5459924952899086,0.17903498428914286,0.6944987751592528
2023-05-14,27.730798925088244,21.33902724594647,11.816104228955375,0.0014504753330018784,10.244101256725523,7.281085501351355,0.0009529143246014913,4.551565312658945,0.35186355325023333,0.830930731846359
2023-05-15,17.525962830097075,12.574969251287497,8.226467934443795,0.0018785779239549848,4.108746839448296,4.119837846983902,1.8005430671817156e-05,0.07573124207814132,0.1309496336452295,0.695720200452603
2023-05-16,16.19754419319293,11.145113861210891,8.45858940577496,0.0028695043397796213,4.898903267000831,0.2733461601394084,1.1362749762091942e-05,0.07391585353904705,0.12881326800941137,0.34574346760783226
2023-05-17,16.920578393450842,11.712957476933797,5.889296542003419,0.0021025693798065186,3.1486333708906176,5.216283610108693,2.072284777959188e-05,0.9151876128617922,0.14016587606244618,0.4687595378000206
2023-05-18,17.26858174038781,9.983915540305773,7.44094592311568,0.001531872922844357,4.319023371482955,0.16037381716913646,0.0,0.060283227424091756,0.12486230337209174,0.34639491672489375
2023-05-19,15.051151575550504,12.821241607421769,10.457934563905926,0.0037082361721992494,3.7697225228945412,0.7016126704902118,5.50418143802219e-05,2.9039624585416584,0.21295786273611916,0.2108012852519089
2023-05-20,19.304539947891232,14.621522281688053,10.224808643537893,0.0016945127068625557,6.014449369465511,2.1890496245061026,0.0006206323056750828,1.269213487566842,0.16531881210909946,0.7632093219790194
2023-05-20,19.304539947891232,14.621522281688053,10.224808643537893,0.0016945127068625557,6.014449369465511,2.1890496245061026,0.0006206323056750828,1.269213487566842,0.16531881210909946,0.7632093219790194
2023-05-21,20.129701740311518,16.4490778873788,10.264209188088575,0.0026872361116939123,8.040502556281883,4.554547869772911,6.709663947423299e-05,0.09984759182002809,0.1709136642829577,0.4703037378738987
2023-05-22,14.076204886230894,10.283190910647182,7.172669918918079,0.004254165893130832,3.1893286519993675,0.0015524131364292567,0.0,0.057971429524421705,0.11218054695500268,0.7519966490101814
2023-05-23,13.130970913497078,9.601009496043524,5.723572529051038,0.0054614014964633525,4.412678218155968,0.0017367539834976195,3.534045219421387e-06,0.06488482934686872,0.1291574526368247,0.2331020116370254
2023-05-24,13.09751997216966,8.367609381990961,4.083997228846285,0.005760327294402652,4.2403361605228325,0.0018632994225290086,0.0,0.054873916718165064,0.0959542267815272,0.36866322252300043
2023-05-25,15.781169344011941,12.069300797727903,8.80704312458992,0.0038017010755009117,4.589250425051054,1.981392102479405,2.9418120649125837e-05,0.5694454704491297,0.11957843385285802,0.24741012709551385
2023-05-26,14.5520464669821,11.345047836029265,8.927209723898834,0.003054652909702725,2.4479182895745177,2.366724324807326,5.347682370079888e-05,0.06569417661878797,0.11027516053318977,0.7128179010417725
2023-05-27,22.377807472760942,18.964727809539905,9.099678762315644,0.0025234777090284563,7.535294400140708,12.240188016595841,0.0005073445738686455,0.11347501684506736,0.20190669911927644,0.3664470279905531
2023-05-28,20.326436511489018,15.563621287030644,10.010509651496674,0.0024124029723803205,6.292781303595967,7.4883961120287585,0.0001821542837884691,0.09412602265490426,0.21278175377196734,0.2701430606291029
2023-05-29,13.706949882888791,10.059748888208603,8.502120886795787,0.005006949001948039,3.6613578525037234,0.33534760539664166,1.1246234310997857e-05,0.06375813087966706,0.1305097459807661,0.2310415346944332
2023-05-30,12.556118998324076,10.622908162795172,6.008707199357085,0.00603144911368688,3.1942823698899483,3.7863210457232266,5.089041497972277e-05,0.06537591941542097,0.1453527582201693,0.5391067388151752
2023-05-31,17.023122978493227,13.723588876943895,9.136255003435448,0.005743864242574534,6.827046710442975,3.1829919314350024,0.0001273675971561008,0.09240682775010584,0.17253825638986145,0.27437178776389193
2023-06-01,17.664061954440154,12.340449961114158,7.480432121819288,0.002882669492488806,4.675626282739103,0.001094785362614526,0.0,3.5374417106650613,0.1566938634646947,0.7068934461667223
2023-06-02,19.11680801654816,15.744729829382898,7.8420468151860785,0.004003507635063595,2.9425869937449027,12.650784194236332,0.0006814990101920235,0.10190124645842448,0.15139825613538424,0.34705816816012064
2023-06-03,25.488835373179118,21.236764028983114,13.206253715109824,0.003364807061619228,13.654431247750125,7.915187876889176,0.0005139395652876959,0.12811423983388479,0.2922614193399748,0.28680654986964327
2023-06-04,29.85210675192091,24.12256794327417,14.637476950717236,0.0022940063879224987,8.121188337809246,16.90079360111793,0.001995232609642877,1.1510376515232195,0.2885532078202566,0.09813083941194746
2023-06-05,22.252219183707766,15.028065702837308,6.199721067923971,0.003005247454908159,9.511355844961539,1.7681096214906373,4.797960307863023e-05,4.928488250168166,0.28752421532776623,0.10566110380649565
2023-06-06,17.165602667573292,12.096045957573931,9.657814622630301,0.0029194534169303048,5.280805127412478,1.105892850255966,4.443408595191108e-05,0.16094183698764947,0.17286315293236218,0.1970951322848508
2023-06-07,26.28907971763398,21.5755981741623,9.96232328683374,0.0016092596194479203,8.104873852870728,15.097338916999236,0.0018539447262552052,2.470263011590062,0.2953636891118324,0.3604472219404669
2023-06-08,21.159746150928072,16.509371511786245,10.084862601140607,0.003077187307940589,8.33761280967421,5.276836349161201,0.0033951821965641444,1.8334323779111434,0.2194036862593227,0.22604858071870276
2023-06-09,15.01606349211799,11.725454889819353,8.096248257353043,0.004632285144593981,6.58007330353419,0.0018854052297274273,3.0642278989156087e-06,0.6454611039609377,0.1439410849931505,0.4204782993222608
2023-06-10,16.37881162067413,12.958184238484172,5.131101438416111,0.007108637611601088,6.033864657312499,6.501459166810778,0.0002088957386546665,0.09053930746740763,0.1691300506815645,0.31348007226030034
2023-06-11,20.823860196130543,17.090454473802247,8.985199668731688,0.0035808386272854274,9.339010298616888,4.200689776422977,0.002190536097155677,3.684399016066392,0.26683989998208146,0.4393309439186254
2023-06-12,20.42635617033217,17.29006995902803,19.441057382717663,0.0012112050557136537,6.155908463839956,0.40403099245203866,1.4760502709282768e-05,0.8582533551989662,0.1544875193464756,0.20255172872318164
2023-06-13,17.740785030203924,12.334112827473215,6.481538766879241,0.0029902760858005945,6.59548666140212,0.0011508527278900145,3.2006488906012642e-06,3.6378899585710633,0.23066842393239345,0.25371870519849987
2023-06-14,17.80869382545895,11.612225708262125,10.291344617767335,0.0014695798283153108,4.231403896934986,0.0009779563596513537,0.0,0.0538653583518664,0.14721467768390972,0.5796919610868561
2023-06-15,12.591293476617597,9.218826204384696,5.086548378995526,0.005356622574859195,5.258216295657158,0.001705936483807034,3.7544798851013183e-06,0.05725549922890133,0.1443193431332376,0.47402698335528376
2023-06-16,11.795382627832623,9.718644364705616,7.950713666952979,0.006023377946482764,3.723801662700441,0.0014120471898714702,5.794728332095676e-06,0.052119900720119475,0.06819491928921806,0.26020829589486133
2023-06-17,16.259478884864382,15.832155639349619,7.463341637883186,0.005562365024089813,7.642740629530217,0.42747979180203544,5.712128533257378e-05,4.492942594189115,0.22382403494795167,1.5050901759191357
2023-06-18,29.55979586169349,28.743394500855338,12.516427967463068,0.0012146456721093919,6.230966905211874,29.449537928155262,0.003254621527989705,1.3604260698363515,0.36903850667198496,0.24166013381560647
2023-06-19,21.235837209103902,16.537269243136514,13.743675806698796,0.0019185822937223646,6.4044990912580495,4.308652206907272,0.002056464378568861,0.00232794604645835,0.2466345417923398,0.5364268748215835
2023-06-20,16.76276476140976,12.786353430938721,5.915505226655272,0.14840799402978685,5.987971623865233,5.570087922876145,0.00021924684471554226,3.8095832135942245e-05,0.16299859977404277,0.31542868234488697
2023-06-21,17.053523704056207,13.405445772375002,7.506726056391927,0.0028913612413406374,6.135520283572409,4.885187167377207,0.00038995800283220076,0.00017940328068203395,0.16619856294671695,0.48118080018692544
2023-06-22,12.018604993851978,8.751465625644789,5.55160996060451,0.004437679450511932,4.084764451154072,0.0014529187181260852,5.752220153808594e-06,5.97863859600491e-06,0.09686909081684218,0.35231341420319345
2023-06-23,15.495114843193333,11.323901930459167,9.869698836466423,0.0034456874227353895,4.511685260016919,0.0012246326394348265,5.6668700112236875e-06,5.978322823842366e-06,0.1440212493203987,0.2609963160180254
2023-06-24,17.57147718446449,11.727519718915268,8.145951493956295,0.002319928686105977,5.02206398459514,2.5244819817060096,2.9702570438385013e-05,2.1605395476023356e-05,0.10379619846354829,0.34206302854122034
2023-06-25,24.779997094626953,21.315091394400064,7.858344305574366,0.0032155444126658965,6.335820510783195,19.120962875683304,0.0005847770444552103,9.968488110436334e-05,0.2562331282183859,0.5207116634370221
2023-06-26,16.19364875071208,11.355845317921638,8.043970519920453,0.003435888447761536,5.240631180760595,0.0012212153095669217,3.0472026930914983e-06,0.0,0.09855327754206128,0.4043736386671331
2023-06-27,13.073968744947644,10.677678174552915,5.516318205105199,0.003874396862718794,3.819029057541158,0.6422227117909325,2.5735136932796902e-05,2.6379311084747317e-05,0.13936047308935057,1.607880224486457
2023-06-28,18.533783352741665,14.100743144498399,9.894976816877259,0.002286725998189714,4.194713275428879,6.2938293521616195,0.0004486821259392633,3.5261154174804684e-05,0.18333095100084942,0.3119466059242354
2023-06-29,13.556779683160782,10.789436794098748,4.196470382275317,0.41588651289277606,3.6585861469594634,5.749031394889884,6.116772333780925e-05,8.770276705423991e-06,0.15067391942156685,0.22599986449241635
2023-06-30,28.92510390464782,24.49003239601771,14.03201095431063,5.328059149331781,3.625232793787585,18.46795139444404,0.0006738152506616381,3.291325913535224e-05,0.2756098109120793,0.31856840176675055
2023-07-01,21.890892751480514,17.06411519766071,12.984584415772636,0.46624393015087484,8.443971264182943,4.089021509891899,5.129641462138449e-05,2.7797711263955565e-05,0.16884325422520963,0.41562120865084196
2023-07-02,21.12355882869849,16.553513727987553,7.123428385809647,5.362002547589731,5.972283789961121,6.331430074837719,8.115846704670633e-05,0.020327136599914038,0.17982415483042072,0.34138375511205077
2023-07-03,12.886249578655036,9.715598627196949,4.47771622118155,2.9689307657957076,3.2217025949048996,0.3417695631949107,4.414439863628811e-05,0.05166671416335635,0.1467292423154248,0.47002574954801135
2023-07-04,15.105874847757548,10.49087088687632,5.03163436338769,0.004449392825497523,5.042159127140311,3.099860296707683,3.959679338667129e-05,0.05734378939178255,0.14798008277535438,0.22811673490259382
2023-07-05,19.177141326715684,16.129814372262427,9.5761688691526,0.44795625697162417,5.548606988116369,8.59996459155904,0.00027232972277535327,0.08317195627265506,0.154691544233693,0.39057599606845117
2023-07-06,11.666703713230556,8.899088394582538,5.050505618310768,0.31149823633088003,3.806223028612667,0.0019522960527737934,0.0,0.05495297477245331,0.09449573612822425,0.6969019939937857
2023-07-07,13.582451597195732,11.412399725934135,6.080812793130344,0.005081506944497427,3.287165686967902,5.727905961112712,5.9108530680338544e-05,0.06784913974232147,0.09478101544049052,0.30677564000871443
2023-07-08,30.480517934314957,26.242950544549327,9.196075010741025,0.0031941123083273526,7.412149876180892,21.31903322047915,0.00988640998241874,6.469907110470046,0.4075070953251847,0.7281444384401329
2023-07-09,14.303588599560038,11.875037394446988,9.314176388284714,0.14313867962739407,1.9636515402241055,4.407620206246978,0.0016790409235400712,1.9194356189851243,0.13525513916537035,0.43132536415352096
2023-07-10,12.450068654178985,9.515212291353652,7.512011678888451,0.9907615497932307,1.8607354246354537,0.001086391005780962,2.8681426578097874e-06,0.9493049738475305,0.09775104179292098,0.2626729873851946
2023-07-11,17.16557838649654,15.008485833953225,7.175274963307968,4.508162931183045,5.266931318942145,2.4976163919001153,0.0004168385487132602,2.9089623593412397,0.21573154526203314,0.25797989829716966
2023-07-12,16.4779062781697,12.677145169018585,4.464828846000797,0.6738790973181482,1.6424067059781184,10.048415829129748,0.00013963704268137617,1.2057726138902767,0.1585192852145016,0.463755880758512
2023-07-13,16.583372217570915,13.492708689562157,5.904267750836638,0.0017629722072495435,1.4915610321072736,6.845222728381687,0.00016592559152179293,6.290143763645744,0.20940374245993956,0.2665579303988623
2023-07-14,15.943374282093231,11.186696054802319,1.0686561806581587,0.0013090169916455709,2.143682724893055,12.985599699753125,0.00012677412297990587,0.6815533358869781,0.12749453235449487,0.23976955380147602
2023-07-15,22.20045257479032,19.329669932217598,6.86535218674395,4.227193835603662,7.691153767187065,12.041436501004693,0.00025195246034198334,0.10933745682742863,0.2164599032247067,0.41884587049590216
2023-07-16,8.525226628748372,6.972062872577342,2.942027187873854,0.007566135861690256,4.745216388902326,0.0015560594338840908,0.0,0.0439969583323156,0.08805604439342525,0.5447588993189761
2023-07-17,15.768669557141891,13.769670742423862,11.537965989953916,0.0033892757237466713,5.608889001698485,2.489991785320705,6.977396302753025e-05,1.4517530948704847,0.16896991385736632,0.454870183434621
2023-07-18,9.319746058579225,8.482408554711133,5.299945349427835,0.007460359004439182,3.0518938104985476,0.001857551126215193,0.0,0.04379969061178214,0.10134600868317105,0.8174824369464316
2023-07-19,19.826483828845394,15.24295419200001,5.577528823177799,0.002958051819170913,4.6116445168656615,11.59373634748406,0.0006643438810772366,2.5573699166079553,0.2696264128487405,0.3207234046137282
2023-07-20,20.55488662115047,17.72177405441727,13.907631088751604,0.0020802291300124507,4.725349992280381,5.207056128580569,0.0001247771512137519,4.038356693407489,0.25161961391126125,0.2196786116632713
2023-07-21,24.56240471166661,24.154120250576153,12.329347998104442,0.0007694968152483388,5.4247283247885685,23.005494153206612,0.00023874489068984985,0.11535060092416699,0.2127308123309579,0.2037745120074127
2023-07-22,14.882431377512614,15.50004175496419,0.00016077842235565185,0.004756600269741482,0.0026919017675187855,24.335493163041008,5.354092412524752e-05,0.07849957243866391,0.07816612081872093,0.22636949955013067
2023-07-23,6.648070769512388,5.749861376602913,4.110923829821745,0.011885597735246023,1.062560877318647,0.00210310468726688,0.0,0.04258884585354064,0.1326597678282526,0.22360070708023172
2023-07-24,16.436952365722657,13.119103829655645,10.591712169327474,0.0029010407964388525,7.532256978143585,0.0016131710775693256,3.6195256974962027e-06,0.07536395863082673,0.15299636384473905,0.6577983132994175
2023-07-25,16.60704307591014,14.838313913611833,6.987322145855957,0.003213579381042057,2.756403722003566,10.055186984949643,4.6311743259429925e-05,2.3342723804823557,0.16732275468561386,0.34617112041499876
2023-07-26,20.594598282160238,16.90792292408254,16.503853298627803,0.001967044587135315,4.0558083475624205,4.212232681674427,0.00032827268997828165,0.8223424709277684,0.1935385337469313,0.5508161753439903
2023-07-27,20.180896010932916,13.975567008444472,6.456169526255926,0.002997400810718537,7.362819795444011,5.109075344529682,4.0286638471815314e-05,0.07861033160554037,0.23028700489415063,0.630252803460757
2023-07-28,23.734684529448618,19.256711512637672,7.860040835419497,0.003038797763983408,4.033079702566994,7.582679452723132,0.0004327855780389574,11.326570115955935,0.34239239092508955,0.598341247892777
2023-07-29,20.082619413793356,15.783217384082477,11.839659549277624,0.0013951467884911431,5.772544323150052,6.524757212351428,0.00016276225354936388,0.09884008460150825,0.1534208686943849,0.5244476811346743
2023-07-30,17.93454730154461,13.057615049533313,10.718314168343545,0.0021384112887912333,6.957461769710382,0.001129014825291104,8.737223943074545e-06,0.07596336538526748,0.13403148385432032,0.598772095495595
2023-07-31,19.786810325963764,17.427730710783532,11.093699284443591,0.0026416653407944574,2.6560996073900323,10.412943806652493,0.0004938586788707309,2.122839685327212,0.1757166735172272,0.5926243165022796
2023-08-01,19.077537895840543,17.29681449455261,9.93663428916428,0.003348892513910929,7.154074458242787,3.930216463317341,0.00013615662733713785,5.442633437857628,0.21938242977248298,0.20457790652116142
2023-08-02,16.522428208742138,11.264385767537751,7.106523617266548,0.8130556568442451,3.901223179952833,1.8504667195521458,7.228026072184245e-05,0.7000371334783235,0.15776743547227645,0.2842235353795688
2023-08-03,10.79085492292616,7.349560417101649,2.662480102039444,1.3471155206176968,0.6464222416210175,3.3925996684720787,5.103197203742134e-05,0.30521679574330646,0.11823020656824113,0.4068446759948466
2023-08-04,21.43742985182869,18.299911234787835,8.891436932075822,5.81001150228156,3.324566476110618,6.406690240220495,7.402092377344767e-05,1.9586173372859423,0.25194485708077746,1.222322283693022
2023-08-05,20.419382568444146,18.716397730152348,9.926583846971194,6.844272402760984,8.460594757079283,2.586921910319328,2.929246266682943e-05,0.09799125896400876,0.22880404057224593,0.620510144206418
2023-08-06,35.23376035031425,31.793138633884855,16.544619639285138,8.446489424271318,11.301952529157004,19.111351093522707,0.0014868498290909664,0.1766672592245208,0.44200361098607377,0.20023373420145776
2023-08-07,15.642264232473373,11.68597116956393,6.707851189107364,4.907098787324429,3.29092425738785,0.0014668248674604629,2.894284725189209e-06,0.07721239483753839,0.1408504647837745,0.4651029341491064
2023-08-08,18.070077064147526,10.63730920698007,5.9883866919726785,4.01704528778659,3.110739448260731,0.0013296315232912699,3.034513791402181e-06,0.06718999986277686,0.1663738610919317,0.24032537819716665
2023-08-09,15.935244411545835,13.018409930709675,8.373968377494657,0.029175250890774468,2.7636462697863453,6.513023920043838,0.0003708514597680834,0.7701306231192553,0.15623874424163017,0.3597456229696511
2023-08-10,23.583927959602164,19.61875765714121,6.720855611940645,3.9494435495853515,4.333773543894569,8.689412295754218,0.001656294872230954,8.303833878110664,0.35140624945988075,0.3679593637998396
2023-08-11,16.210993228681353,13.410931983694502,8.344147720556789,0.006728784996403588,3.158581413489183,5.990798640814888,0.000913648897541894,1.9279905264539194,0.17579350271119012,0.24448555888228948
2023-08-12,20.333019874803753,17.52863987206989,11.57804767832809,0.0049622762878735885,5.430311004637613,7.521776992611089,0.001967017335361904,2.866607625869645,0.24222595939503774,0.41973132867230317
2023-08-13,16.469228027619256,13.982903069327142,8.353996180959276,0.27603232542408834,6.2833169439201875,5.806560052744017,0.00039838597085740826,0.06366872277736664,0.16824519527435303,0.32531841323018074
2023-08-14,18.00110066614045,10.96760045774619,4.166756904762851,3.3455046550258,4.9844283702551,0.0014425914602809484,6.148357656266954e-06,2.0150532722473148e-05,0.22985281220343373,0.702135010800759
2023-08-15,20.590240617478894,18.45352707449141,11.416357662378942,7.2241174140444935,5.741669340045277,4.00389174152851,0.00016024548265669081,1.5188772943284775e-05,0.2187740283081949,0.6726140677343514
2023-08-16,12.628490770955407,10.973281009719406,9.60659824890508,1.5305435970717478,1.723659135425529,1.0758210121835603,2.0315690835316976e-05,1.4966923660702174e-05,0.0996331431341814,0.6006411605570012
2023-08-17,17.326003644198316,16.83879946776655,5.034560968194008,4.233356961121293,3.635248153864807,12.503954678205915,5.694496472676595e-05,9.45116811328464e-06,0.1277862216228909,0.2649720895377795
2023-08-18,14.69763321395662,12.894255539073944,8.166724201438958,0.003210963801278009,2.6044676186762916,7.257520781067212,3.198304918077257e-05,1.1615259382459851e-05,0.09655911991331313,0.31076694192608195
2023-08-19,21.235986250230997,18.607159810812206,5.330889222346412,3.357074038322766,5.358724241938591,15.347889013977847,6.506422599156697e-05,2.084057331085205e-05,0.166935118228462,0.476541927880976
2023-08-20,22.261874168348314,16.65686583274311,6.802348337829377,4.0532012255374585,5.134761484882833,10.0183741341069,0.0005660130140516493,2.990455018149482e-05,0.21512841577675612,0.47976438180896963
2023-08-20,22.261874168348314,16.65686583274311,6.802348337829377,4.0532012255374585,5.134761484882833,10.0183741341069,0.0005660130140516493,2.990455018149482e-05,0.21512841577675612,0.47976438180896963
2023-08-21,13.1126828416729,9.083504143725502,3.7390255469989775,3.369438233546947,2.720519951897727,1.9601152279761103,1.4634436236487493e-05,2.8537540965610077e-06,0.1501209224948618,0.29248900111913684
2023-08-22,10.666791766588421,8.617232477591834,3.399408984638585,3.6554381623310506,2.2899620817173854,0.0023673012073834737,0.0,5.737221240997314e-06,0.10473844910330242,0.37415741215507187
2023-08-23,12.670556222425038,11.816464524321553,3.006960146316423,3.0440812893584037,3.5688435617499876,6.137807353890737,9.252199623319838e-05,1.449339257346259e-05,0.12291448187457192,0.2421903341176775
2023-08-24,10.59925593561491,9.46949585035642,6.031310867769188,3.2383228426758457,2.0215468981970677,0.690427406056457,8.381137291590372e-05,5.65477106306288e-06,0.10627673016866046,0.2111076431039969
2023-08-25,19.97867968052758,19.201548119162986,8.58147646712568,0.38941609068738087,5.2783704312404005,16.522456208905112,0.00022172977606455484,6.210393481784397e-05,0.2175524939436383,0.2696666104816067
2023-08-26,19.992628087821537,16.323293979518148,8.505636891689567,5.3899644390553885,5.49695295636495,5.543701039338907,2.6076924800872803e-05,2.8165014584859213e-06,0.2113466806285911,0.2929345957395765
2023-08-27,23.390641133310528,20.26311728478485,12.129696636213726,0.05358065935108396,9.471650453763537,10.904272461221748,0.0009801736561457317,0.00010708230177561441,0.21665698460168303,0.39513923908127674
2023-08-28,20.98568252718184,17.34120372722202,6.751881317171522,0.0018800678001509772,5.905130233874585,14.723654632923337,0.0002510273498959012,3.5491557121276856e-05,0.2299955939098199,0.33920754359271793
2023-08-29,20.033112698346248,18.583360510092845,15.605386819981735,0.48959170193062884,4.874616739144855,8.595658685101403,0.0003908942447768318,0.0004435801198747424,0.2674171552546819,0.374370448302163
2023-08-30,16.47845280459934,15.03122332772467,8.604704535301263,4.038429966078334,3.464899749027623,7.163613386187555,4.345051527023316e-05,1.8132966889275447e-05,0.15259141147149932,0.1938870288640923
2023-08-31,19.093750546476578,16.750486792399087,6.007582427411078,3.251863305148549,3.6159925779302924,13.929900368708507,0.00011686792982949148,4.116810666190253e-05,0.1433122310683462,0.2038683149552345
2023-09-01,17.591424610722903,15.995036387207806,11.078840104538207,0.0009991936217414008,2.7925695544668634,10.824970441119211,0.00021127430327768363,2.3291195498572454e-05,0.8782325713409841,0.32190566390939884
2023-09-02,11.871590374836341,9.633995175113002,6.653048334895704,0.000657793391533334,2.435118510541352,6.154206302898152,0.0005464410123621505,0.0001521911426567191,1.7227380829880679,0.15186508734974238
2023-09-03,12.489094194602973,10.597093390471784,7.362893276002866,0.23084233949556518,6.154540136777667,0.7257645181716524,6.577992351201451e-05,2.7500568080297346e-05,2.782551129906054,0.35200292284229084
2023-09-04,14.138105588172278,12.418987322781351,7.882036886720129,0.0029796833205223087,5.229980377368398,4.307883798454868,3.172173579533895e-05,2.0572965410020615e-05,2.9289236484701098,0.5420041204464435
2023-09-05,22.06668449379603,18.009933948062262,10.771787971293131,5.713832469525073,6.8416594136654005,6.097579140514798,0.0001465271268950568,4.4235404597388374e-05,2.6613423671227032,0.47288696180171436
2023-09-06,32.19992799313864,29.192243656641644,9.5017829675489,7.389937945326171,11.348348370140394,21.655728033595082,0.0002886235104666815,0.00010604118665059407,3.4235680197538274,0.524886053912772
2023-09-07,14.999426447381973,13.612852669278782,5.100758697072665,5.405615913933914,3.2366044426523315,5.960657117743758,2.4307748476664222e-05,2.8913945621914335e-05,3.3051875626430247,0.23815165879633693
2023-09-08,25.177817310473127,20.73602540519873,8.244138658981058,3.519246798925665,7.320693416783279,14.608970038841829,0.00014362748305002848,8.990138769149781e-05,3.335293527259694,0.31433857291195133
2023-09-09,15.399186472185983,14.191457588623894,7.804756118030284,0.003697763090663486,5.491370564584468,6.947829417958525,1.8048858642578124e-05,6.332363817426894e-06,3.2800876974116426,0.48671610216074523
2023-09-10,14.902272992088069,13.955359077800413,7.484034478315463,0.005260823912234646,5.1609209185348615,8.064121853736774,0.0006578813436296251,4.726519558164809e-05,2.8528014225890974,0.22417182773881505
2023-09-11,21.06179829012603,16.88101787008893,5.244765537151116,0.31999331517783836,4.706387207444026,15.217726651327876,0.00035660870763990605,3.533551749997492e-05,3.1031789440640476,0.727720071872787
2023-09-12,19.431616530581536,16.56100946804575,7.751721589136289,5.946973529397686,4.422531132009247,7.29046423801528,3.538976881239149e-05,4.974651835945094e-05,3.278540707913033,0.3239563277675874
2023-09-13,21.363609021720887,17.17694452454938,3.6951500670075426,5.005285651583938,6.600030586860443,11.675863971424366,8.209041568968032e-05,4.580388757917617e-05,3.0848759097984106,0.2632834882602426
2023-09-14,17.755559720170766,16.088479598469736,7.749423486625089,2.7750027998407685,6.77759057745907,7.10525538480997,5.689897669686211e-05,1.2539149390326606e-05,3.03976294710252,0.43438079921735673
2023-09-15,20.468305884282856,17.448726200619806,6.928151255174212,4.68475060801665,4.759611947137779,11.17793049840053,6.0034092797173396e-05,6.327195432451035e-06,3.0302245934339367,0.3494766538018651
2023-09-16,10.82592481135571,9.300483329450083,4.583660021243706,3.243153285219751,2.865831866918728,1.999469784383048,3.839563574767919e-06,1.613273953470055e-05,2.5262777774947223,0.23597819187729252
2023-09-17,12.40815000032434,10.796012769351744,7.071119368994419,0.2788965786829778,4.531271990809649,4.312304877679014,0.00014317834584609324,2.5072463468652992e-05,2.294171485133966,0.1830214596926302
2023-09-18,26.146860966089033,21.520093094662034,16.414681875449286,3.2686947924958334,10.42273137687975,4.257672116054695,0.013529961740175882,1.5603530285281606,3.0802816329847444,0.24122722949478356
2023-09-19,17.260958358087244,15.8687669906087,9.909654374921791,6.047990524785214,4.486537267039038,0.5277060670087073,0.0006066928362144477,3.326588522315702,3.1972436616807314,0.3195470135175884
2023-09-20,15.29730743660426,13.328448221693504,8.43223318207296,3.995133815437727,3.09605173848369,2.2140913450018567,0.001542316612472788,1.2450339004750905,3.3154374513881937,0.2952416687422627
2023-09-21,15.904067571037078,15.031488528010582,6.553171283363238,5.2784985128426545,4.458433879119554,6.201117499240504,0.0014976131682925753,0.12692845443911022,3.1510865080477135,0.2871450925902525
2023-09-22,15.656103177446793,13.682671129115956,8.645874928924243,0.005337557104958429,2.5392997259275116,7.172141569894155,0.005340774788326687,1.298300158023834,3.19737094432248,0.3160605534888639
2023-09-23,2.0402633933480585,3.907343526842329,0.00034329215023252697,0.015769096883402934,5.673748122321235e-06,0.002863484359847175,3.7368027369181313e-06,0.01408201763047112,3.283971063481966,0.25567770747952984
2023-09-24,10.584730440711976,10.116920726204448,2.03155698245234,1.3720560767057206,0.9484167232367728,6.156554333559672,0.001458489922417535,2.5355433818009168,3.0044349322046173,0.30481178009298115
2023-09-25,19.85940606506877,15.559141662642693,8.718839664178693,4.783811213294665,3.4319555914799365,3.653597469598982,0.013449157403839958,3.2098912555834977,3.1465310583914645,0.33421611038287485
2023-09-26,28.46618068659358,25.989502015510663,6.066921556288665,4.6607581518117565,4.132032685319848,18.69946482062843,0.009609815656873915,11.397837236426936,3.0531554200017452,0.38277479587886065
2023-09-27,21.870094370337597,19.75561779876815,12.149638108212153,5.937362642572456,4.862845621237491,5.988650575337145,0.014618276840315926,3.543481135979759,3.015302328913609,0.3379065853071213
2023-09-28,26.070798759038716,23.409155628874032,11.084928685037296,6.558511315491994,7.532385133615863,14.069084726488587,0.022193136107391785,0.6353124218514229,3.0452193821069926,0.27680536459657873
2023-09-29,16.525980908323923,13.030243313733735,3.8831420619763266,1.1692157518577577,4.8981777695512765,7.058663040753735,0.014244951480759514,3.588602364845277,2.3150856393014054,0.24636724221732886
2023-09-30,18.588234440422056,16.15252851496961,9.045940195371841,0.0070907281547122536,6.016764884707133,8.760108125792875,0.02352205876774258,1.010972921760612,3.119158861707051,0.27831828651348756
2023-10-01,17.999755864134897,15.708911273134017,12.025557780226869,1.4289259785596529,3.970215091221862,8.979419554459783,0.007818579374684227,0.13974406782653598,2.0519197462554772,0.2823542254634699
2023-10-02,19.566256625299452,15.580738230004837,6.651871510745949,5.402259501505162,3.985949307980008,7.2220643340532,0.011438444541560277,0.12278476601097318,3.3365440146270062,0.328785905611515
2023-10-03,18.404490345722838,16.799712734711434,6.818621477079657,3.8220982594532433,4.065302622398801,10.745617039719953,0.016610728578832414,0.1380247496008873,3.1944884046611524,0.34138826425393426
2023-10-04,17.735366552029717,15.76114355143388,8.152014819082684,4.916712706191539,6.069880390504203,3.1732365135720038,0.0037851802041795517,2.1358385906627437,3.0759468022580942,0.29388821295274625
2023-10-05,20.754339756151836,18.585610751376677,10.534274753368432,4.182975381990274,3.3011268010097075,11.5983161699107,0.013168880870077346,0.15153605887624952,3.2066514680847855,0.2842423660548528
2023-10-06,16.91023691740142,14.03554206712193,5.750389426681466,4.939266785598862,4.75088366522736,4.801243084402085,0.004373807597955068,0.09382057354132334,3.364431485954788,0.25106765539924303
2023-10-07,18.48680670709716,17.433364136047896,6.997839269519117,4.966571423855622,2.927960196280745,7.202007001085017,0.03653938113530478,6.044669265626801,2.8257941947586,0.28497562251647307
2023-10-08,25.778600213216144,21.699611850980116,13.16907293932491,5.3774388955640795,4.999832358905475,9.715405015776158,0.005218034773402744,3.125222599617905,3.0155330033195016,0.34375305779417353
2023-10-09,22.77666484214359,18.068426673527824,6.731317482503255,4.1689891673313255,4.085688710128202,13.197862394462692,0.00695994160970052,0.14271611642731563,3.333138129748901,0.3360722089274725
2023-10-10,14.700631718331445,11.950309909759095,5.177707761699622,5.008025911929873,4.204256786403656,0.8716588900897237,0.0006387821716732449,0.8404736036626498,3.2944896549204983,0.38437663355747853
2023-10-11,19.3266443486309,16.74777171249496,7.383084361905523,5.142296672435338,8.007093204166095,4.909063081674841,0.0015934432085355122,0.1459929854665862,3.3453868650998007,0.39943861972875067
2023-10-12,24.347087509163757,20.80509790616671,5.68230145259036,1.3193484770205286,6.340718591957622,15.614242435780366,0.012325323169496324,4.833291091008982,3.207740361087057,0.49999793847918517
2023-10-13,24.733398612560702,20.21951486040857,6.767215836870405,5.344057063966857,6.131871673356958,12.250774175023768,0.010505560470951926,2.2382420810071624,3.1462228435428945,0.41715362387432
2023-10-14,19.788671583538584,17.004629760476213,10.31120776564651,0.006522186402744717,5.684055387083424,10.199035331294008,0.002360600792037116,0.15698575783491137,3.247664922775428,0.3353810416595142
2023-10-15,23.585455312069787,21.704882402192226,9.810700423528617,0.0035018498961130774,6.964114700598715,18.95445454650137,0.006216589574284024,0.19685591853168274,3.0061034898963235,0.493879491925637
2023-10-16,19.646355715813105,13.751395259000986,12.231056402328276,4.146079413905143,3.242715206265449,0.0014965908794932893,4.11679752667745e-05,0.12003010877052941,3.30168418172333,0.35090913232882814
2023-10-17,17.993083891771104,14.151446954832602,4.409275326494905,4.488264827997685,3.5765075478328603,7.078598942109743,0.001506075692706638,0.13295218982511095,3.4057635348950495,0.6614887077670627
2023-10-18,20.73338157789654,18.32049584970209,4.98914844918304,3.7139159783607063,4.767081771888203,11.329144173643853,0.00756357024855084,4.311433080183401,3.215520633743471,0.36010711052854855
2023-10-19,18.344631288576124,14.77969879886998,10.212317853881782,5.547606483092044,3.8035786145313573,2.2452476286639107,0.004831078494919671,0.13530088364336224,3.2062700180241794,0.3878600495306651
2023-10-20,22.16671428207821,17.17542267007775,4.598403115105098,5.663193518376352,2.3730275798826748,10.140403043415544,0.0037535995433065628,3.2513211156397395,3.355981257541444,0.6454958421259457
2023-10-21,18.55414725430595,17.043371973177592,8.218315897282228,5.252212215207684,5.526718462627729,5.3161569942649205,0.0013002790798081292,2.4719478231554564,3.2184892472702926,0.30217105588144727
2023-10-22,23.99667000353601,20.140714572719475,6.159517232457797,4.7431122214969,5.5594995487282,15.535388198749489,0.004065247095955743,1.335553889409171,2.953926428047816,0.38804969582557675
2023-10-23,24.07080814558453,19.156064100829756,9.60804239270104,0.003194478857782152,1.9701251778533724,17.13698307279481,0.052512967456446756,2.1000748892418546,3.1559244782488878,0.3580374261498451
2023-10-24,23.4314375522942,19.50918536495473,6.8489057166218785,7.364178289047082,7.451420607859822,10.123597078174484,0.013530608286592695,0.18023162953721156,3.0512355700152454,0.36791554792722064
2023-10-25,24.66829798490313,19.75680824676461,6.314048282960786,5.046139191692408,3.7239001653136152,14.942121936333447,0.020369843918482462,1.2895894765782356,3.429365541468726,0.4054505205386215
2023-10-26,16.911053235806364,14.620653595097329,5.424454596430725,4.609953164059056,3.8327939014339445,7.172063523092005,0.0007810225179460314,0.13617857220702703,3.234880942882034,0.2708339999744627
2023-10-27,26.11308228866577,21.257020997203725,6.853986887236966,5.141154720429049,3.3532747994634833,18.377839034545424,0.012716468989584184,0.6754616187108887,3.131575530120267,0.6078925290754106
2023-10-28,21.729031293063695,18.218344525790215,6.475672813296317,0.006181878833240933,4.1391813000774365,13.930895342767238,0.0023853615736961365,3.165519521232976,3.449223795191447,0.6891830610152085
2023-10-29,25.52766063933055,20.56918577124172,4.7286911160733975,3.883771251590782,4.7883219584555095,12.459750930825605,0.011461964411735534,6.130442494280338,3.6631908580291275,0.8012257579904134
2023-10-30,25.54749490139219,19.75892025798427,5.326646746592523,5.139184275723297,4.100026327217949,14.099589940171507,0.007221760652330186,2.657773937109576,3.3777767421825726,0.43331416571497927
2023-10-31,20.078627029550347,17.757835873882502,6.215203668968942,4.523172621036108,4.538896100798711,10.957332856386765,0.0014602677188979252,0.15731417219771282,3.795291943953699,0.26352038384689225
2023-11-01,16.04126820771641,11.881051646579637,5.37960202508741,3.972868108077314,2.845021316499975,0.0021373385167121886,8.737802505493164e-06,2.2720131038970415,3.8115522394392225,0.5328212852997251
2023-11-02,14.492387991917928,11.757149959693486,5.035270161119569,2.819119997954898,4.595682342567444,2.7439741617385542,0.00014164840698242185,0.345248198893865,3.41148202662309,0.3405899319586489
2023-11-03,23.51947640167449,17.465322446050642,4.756485765899023,2.2389191202049785,4.451288690319856,14.67268509357585,0.008314324476718904,0.5659860538257493,3.2741672146169347,0.6583341792543729
2023-11-04,30.400737867245144,26.98851869803958,7.324796996932295,4.510735669260819,5.091725545020368,20.077029000457124,0.010567864571942222,10.243782014728387,2.8067834426951412,0.21823904829581584
2023-11-05,39.047371983617154,34.1819131228892,11.657959975813228,0.9649196706268522,7.185136497814391,20.17855791469998,0.06312006959279379,19.912052672885256,3.204765000817378,0.7214174872075187
2023-11-06,34.31425269207424,26.68018311862734,12.28345852943394,8.023604895608159,7.281932482677301,10.15639714992391,0.026715317424403303,6.428737638214428,3.324719347125954,0.8823541092211673
2023-11-07,26.582281131231515,19.909116925776267,8.033459947938656,5.608442621457047,6.504056141439013,9.86449583181805,0.003587963900566101,1.1928210418449507,3.1071016609038256,0.9693743833384248
2023-11-08,29.160381735581296,20.884300541593234,6.08579204219103,5.701907367917962,6.67557799348275,14.64438839365138,0.013680164788828957,0.20980746709982556,3.3826107986272707,0.6233538606248963
2023-11-09,21.297585973326363,15.388002292734784,4.552374397971366,0.005059409267107645,3.8910685214310217,12.720997791383265,0.00447357992251714,1.121886495352586,3.335874594186412,0.6083503771518334
2023-11-10,25.229182730433134,19.426163477878042,6.67405875566297,4.442033962186177,5.426780541721186,10.45489358572801,0.0023798387087716,3.343621148669455,3.2792993035676745,0.7829470969767041
2023-11-11,39.65625704034169,31.899076781000026,17.14081131688277,0.0005502088250054253,6.3061826377516335,27.67238964696355,0.04950597600830925,5.008135654691325,3.061270916155179,0.6649124511860477
2023-11-12,28.090558775058323,23.12954994948493,16.03801475458781,5.728815841247241,5.852712527150048,6.268669451647599,0.009017583051522574,5.193442244441243,3.239857685751253,0.27621279600646753
2023-11-13,17.387184396928152,11.031636914497481,5.965848043980598,1.9560087921584974,2.5146410536509096,2.191930022110939,0.001565482394165463,1.210344296078152,3.4497289427676465,0.3826336818798383
2023-11-14,15.86255281088087,11.321164761199423,6.932440367898941,3.484765942147043,3.435797664039135,0.4606429114781486,6.235391828748914e-05,0.11372552180316714,3.340807826000187,0.4418870472845766
2023-11-15,23.329659866989978,18.506048428812022,6.894644830761222,0.9316871028070979,3.7086790949646633,10.204103566947248,0.013217136279212104,7.383769421864617,3.352473257114755,0.348875050667127
2023-11-16,20.709088677965795,15.232534565063055,6.622196380025017,2.632994462878174,2.293174057277309,10.710110628959868,0.004349082136948903,0.1468138538524839,3.320918253142701,0.37307431018498205
2023-11-17,26.13412904175864,22.090018270528578,9.874064585643875,0.0049950589569409684,3.0457083945250503,23.12530200080422,0.013056616023646456,0.947703404706584,2.9243947102607613,0.33766356573859857
2023-11-18,21.31069659948561,16.59915205335034,8.442280740959113,0.007754511346552106,4.125141838450167,13.01310564364354,0.007989872447119819,0.1753469376672639,3.1622593826201224,0.32256468780941433
2023-11-19,20.50452064353731,15.230984706916807,8.439299477257197,1.2197597700370686,8.281829714405008,4.449458978309367,0.0030907000266181097,0.16552076300515067,3.138432457828125,0.5260911666064791
2023-11-20,28.907465536770292,19.146124442594314,5.00293405049748,7.257384251125652,2.9367205773480736,15.166172873928812,0.014830053977171579,0.17768211755487653,3.0333725934586253,0.5723000755577617
2023-11-20,28.907465536770292,19.146124442594314,5.00293405049748,7.257384251125652,2.9367205773480736,15.166172873928812,0.014830053977171579,0.17768211755487653,3.0333725934586253,0.5723000755577617
2023-11-21,18.788206732885577,13.870236243614624,9.114564348525207,3.1057338443149463,2.850138119591342,0.0016265747022628783,1.5127643744150797e-05,4.539272566843033,3.287831536533832,0.5621153182894654
2023-11-22,17.5634716492886,12.83433628522343,10.951758346256414,2.4789838903699986,3.6884567215548616,0.35963238070117115,0.0003934460229343838,0.12454890993303717,3.209781210369137,0.5094953193910916
2023-11-23,17.019756643123625,12.708186643383238,9.696441884789467,4.085071313409805,2.2451701153551205,1.0158952152024374,0.000492195008860694,0.5793233016816773,3.296679682238367,0.3214918057086732
2023-11-24,23.789502767643395,18.03787060625977,7.433353404440878,4.469731547062661,4.4487755657839765,7.123998941833178,0.01999690926286909,5.139373923491372,3.2584403846975167,0.307666203854084
2023-11-25,24.92737591288249,21.331737491397863,8.006700313042536,5.941092272690403,5.195471769946947,15.096679630527762,0.02735055079936981,0.19985840652227402,3.263563368336095,0.40237142488214706
2023-11-26,43.71544047084542,38.59836543273396,17.853744905865454,0.0026704864197307165,6.623427957118087,26.46881070845922,0.1276777910539839,18.732970456097387,2.9977506993169256,0.5407470269125039
2023-11-27,21.034263650232948,14.053099816871748,9.997974533650344,5.139508091648154,3.4287891634625858,0.793916986802419,0.0009370414924621582,0.8417935850410991,3.2512336763954157,0.4018059270820352
2023-11-28,31.55296407781601,25.602556340226066,15.227407509618068,0.004069046928087871,9.814015834312968,18.365559678931763,0.05888478224913279,0.40091514868021005,3.1072042157901665,0.45107282654258946
2023-11-29,27.20906169397142,18.404176744178137,7.161022172893151,6.461728521224128,3.407792346677781,9.55409679473665,0.014592320991886988,2.2013722680679964,3.252951625582112,0.4424004452460343
2023-11-30,31.879713523254395,24.20862019674142,8.119853612706395,7.098084432707894,2.509392079792552,22.289592501991326,0.05778909710910586,1.8220291240466964,2.792507096646362,0.36570598710629665
2023-12-01,26.615127271427575,18.566688890231447,6.845546094693079,3.271947420753108,3.7095319185900686,16.477534109432696,0.03304553022543589,0.1796604973318842,2.8400665923974246,0.3440265183171961
2023-12-02,29.351787799510962,22.60998560741265,6.7747515457102985,7.632787457229295,11.257430273454188,12.874753325039546,0.01470267656273312,0.2343760449878375,2.767771460264921,0.3056438957704437
2023-12-03,24.85401979618708,18.862504799514877,19.245410595846177,0.004489791355133056,7.8430257124972345,3.3018101292816793,0.018358381966749826,0.20064369047721228,2.989311817173561,0.28566606190813915
2023-12-04,22.86555826148987,14.436378530372515,7.576058708982732,0.34580869103246265,5.035833569761648,3.8099288588637776,0.00346738876581192,3.896065939778487,3.22228319453756,0.6623783073544502
2023-12-05,33.048971483974455,26.79265522130754,12.890313649864199,11.542467562103273,8.91335954533577,11.74151310390287,0.01577504524283939,1.0468121512002415,2.8447460138601732,0.6489306012304623
2023-12-06,27.649071936314897,20.627335647339294,11.914708511998917,3.62467782708274,6.390372053424253,3.167528763287862,0.008204468291600545,8.875665239880082,3.116861699873076,0.3686824710040622
2023-12-07,24.423444402531683,18.331293050539436,14.984007025176751,3.448779681161189,6.563130903776912,5.210682038513374,0.017030111301032876,0.18402930880793258,2.6841440906126484,0.3046370922906392
2023-12-08,32.7967123756958,26.38338240313826,16.32142235997776,5.806247166468624,5.394554204262731,18.387162401055413,0.044972250086908694,0.25164725288117934,2.7519258237092505,0.4295367544993565
2023-12-09,31.304626071022877,24.055429292807585,11.0290234107701,1.879619952969816,8.606854717008538,16.727141746381125,0.03473973523510827,2.0940427875362495,3.2357574730279706,0.47246470215664976
2023-12-10,29.021167305287253,22.77065948964755,11.330265162134697,4.497204952727158,11.810269660872882,9.280563806474474,0.02316303393602371,1.3758055453923013,3.130583836103148,0.36529731938163434
2023-12-11,36.64865788006252,27.848555630518597,22.508728934662344,0.0022664721504847204,6.268366790976525,16.848376230994596,0.06864780068821376,2.4008522153109975,3.2162324244226355,0.3550642945347892
2023-12-12,29.452212040818527,25.54010575657739,19.67499300940275,1.1672825971364975,7.16388952196545,3.208961003860897,0.010506946904659272,4.228059123595556,3.156302612551584,4.3412230410149375
2023-12-13,33.04954790563795,24.078563043823237,6.307490273822413,0.002495325553682115,4.7992104246552785,23.442107578773232,0.027941603254212275,4.594305555741258,3.3520305549561984,0.9135399356761243
2023-12-14,29.421853418731683,23.416923870879277,13.514191480378045,0.0008452497614754571,4.769285192481412,18.562242259839906,0.05915765855974621,4.604750378610558,2.1977784055696596,0.35758511864225073
2023-12-15,31.507654431648252,21.7527896702936,6.8192492090604055,2.547148275869952,8.267879236638018,13.29182026208851,0.055817703953319135,4.138745828349326,2.8746447550157703,0.861573049644894
2023-12-16,35.20498232842063,27.22207864470333,11.45028073614935,0.0032313128502376963,6.085996793081046,21.591408038480864,0.07791487518283123,7.969048503166344,2.6815886296019316,0.8139140914877925
2023-12-17,44.737522776893854,32.45310949844041,19.142675832248646,0.0002444469996011749,5.289951922483266,19.12734720651598,0.06882077205326562,13.125283985016752,2.741997142309376,1.1945199092818115
2023-12-18,30.000072501933598,20.18510021521877,16.494375324071992,0.23132876285815326,5.052151401536827,7.679993746386602,0.018584610774396573,3.214128149992972,2.95482777278129,0.6450669241903731
2023-12-19,28.972237305577597,20.953497404187523,4.748978116478125,3.315957661760383,4.888480725440714,15.351479380951723,0.030982391184435954,4.903132493760056,3.1470354853547957,1.0707990471967062
2023-12-20,26.84461014287616,18.285698641515737,5.526928168687386,2.66149081661367,1.720318963551698,15.768706117922484,0.03065363904800835,3.549458738290338,2.557919589271278,0.981140529543012
2023-12-21,13.845925213475445,8.003917109062614,5.404860453783459,0.009273413775494881,2.247757833353427,1.8990054739936504,0.009708586968532213,0.09694401752052215,2.587574171846094,0.32647019327110927
2023-12-22,20.34242030961189,12.923609574700883,5.988453360104414,0.005323176645603883,3.3200945146921703,10.458851549115929,0.012923310456521748,0.3577611389372974,2.3637719572784697,0.296521198960425
2023-12-23,32.324985144820744,23.307657011547086,10.746474450394315,0.0017651548994912043,4.688263259940677,19.82914420726034,0.04153485951979956,3.1450770929982927,2.6745646586363843,1.2652443991123306
2023-12-24,35.07435425576528,25.577668132831786,15.306108374099464,0.0034933858982721965,8.059870497943562,14.485022878961828,0.07630721709330876,6.629448047362168,2.3100455119910506,0.6778546632007758
2023-12-25,57.220197271830244,35.02603784817008,10.393098560062779,2.867123714569939,7.303587522318363,27.41358712533289,0.1537578651311662,14.144869662289091,3.0293825246787067,0.6730279480136764
2023-12-26,30.252180543340042,19.116519319051108,11.199619806654454,0.0037042173714107933,6.185923910386298,7.630044485117595,0.013175987577703264,4.8196602851949795,3.132977446839015,0.8761571918731266
2023-12-27,25.95998151780447,13.040417043969367,6.264904870688386,0.004714202475812701,5.103059079997009,5.676810089973343,0.008919671850999197,0.1835963887280888,3.3189907886910435,0.8462415173300107
2023-12-28,34.30634129577638,25.017025241651528,10.19104404158698,3.2572862142764194,4.17482630059772,8.984709204169908,0.02161309334516525,14.572655293848781,3.3028603916923203,1.0062923882993062
2023-12-29,24.720855529287128,16.666182534195585,6.569466980354256,0.005216396644115449,3.025909080365498,15.020119542040295,0.020664459983507792,0.18794319644875,3.394027279476457,0.6295984395651022
2023-12-30,26.56756273312145,19.901801330299374,7.98120404236926,0.004900562141471439,3.8322319485677605,18.97805897710164,0.040341617823441825,0.21720724826839238,3.362262107788457,0.7367281693640021
2023-12-31,4.476108491026562,3.782018577159246,0.00021848031388388734,0.02128641615549723,8.926327493455676e-06,0.005854781685140397,0.0,0.02970192503107919,3.047109770444631,0.25584746907790495
2024-01-01,4.527657143937218,3.3702866240432527,0.0001539583301544189,0.02699789557509952,8.744176228841144e-06,0.010280078690581854,3.07285918129815e-06,0.032402741619745885,2.7139217594610323,0.2561946516854233
2024-01-02,13.840470858209052,7.298791943626562,3.148172215875981,0.019981328053042393,0.020414773081514015,3.4920227681597074,0.015637072368904152,0.7274598267660054,2.9518465799900064,0.2925636348724496
2024-01-03,11.284977707357752,5.43575526234452,3.284352785418367,0.0038305724532421113,1.1470392704695074,0.04297296615176731,3.544494849688627e-05,0.08848069658555793,2.041533688174999,0.9074176734443375
2024-01-04,26.587457542203264,19.928909430299335,6.568468140797349,0.006249731070995331,5.767143090289434,16.967352403261927,0.030307610348065693,2.0124087679224547,3.0972287821374995,0.959867088719209
2024-01-05,11.46907007991367,7.2896514155424965,3.355331871490213,0.014168807797431945,3.016805538086626,0.010423512077596453,8.618492815229629e-06,0.8950224823644427,3.0482603788611624,0.2682518053903845
2024-01-06,4.4055109659597615,3.6627094039207027,0.00016917075157165523,0.023258007772763566,9.143420590294733e-06,0.013595269271002875,0.0,0.02753308975776036,2.992184346826342,0.2548099511158467
2024-01-07,7.399594729472268,6.101951233174007,2.8610833476755353,0.023262189618481532,0.6225619630148675,0.6098880514348878,0.0021611391740375095,0.5394445492241118,2.985180804104673,0.2959025209168593
2024-01-08,27.103759116702612,20.36236916427824,6.887874047379229,0.005916917481952243,7.524869996482267,17.88935683714814,0.03012894238816367,0.21465417955107152,3.1105650000691414,0.8023282790614499
2024-01-09,23.99024142837312,18.471709827375943,10.314630927169059,0.010656388215488859,9.451709146658844,5.280551911188496,0.017412770415676966,3.5526426973949534,2.9757187615557514,0.8324078050365713
2024-01-10,28.025192712514674,21.931957283626662,19.130021279706163,1.9420823975846502,5.345686913608974,9.1355148232415,0.02295266298744414,0.7323932164714072,3.0149189917045174,0.600971412898832
2024-01-11,29.057427747376764,23.16966631485356,7.7019154862499235,4.807510249189007,6.350410463243591,15.33750204858939,0.044012906848324665,3.718203045397865,2.983673978296121,0.9367423564528093
2024-01-12,27.034944409919316,22.601622180672752,8.720964698370828,5.098249888850583,6.173200129583148,13.66695252395603,0.039857918692429856,2.0487022089936997,3.170317469506926,1.0736202370903232
2024-01-13,18.558980023975373,13.52890531054497,8.114840590794351,0.009539573089281717,5.219049737885527,4.074838696889348,0.011481207530498505,1.8640599153449804,3.101773644101487,0.5625047277221414
2024-01-14,22.800159468326573,17.421731510409245,15.567174879637292,0.011495550253391265,6.2530820259030655,5.514649171015422,0.013408880944252015,0.19037445483446122,2.934124277045594,0.5377492554775873
2024-01-15,29.28128918084462,20.792609728989078,7.09613743956089,0.008630782263543873,8.28088408747779,15.399334812911881,0.04302379221253926,2.79181421525081,3.042902341916297,0.7380335828546684
2024-01-16,26.117023364399802,20.670718465048473,12.797251944186954,0.005340694523122576,8.401729987001685,9.975323009289635,0.02634694044298596,2.2171768285234768,3.4743267040812977,0.3058533581426408
2024-01-17,33.35624475172255,26.868001219270493,14.06274240773413,1.0233525733335813,7.494161069016721,17.180132842659948,0.0402323866253429,4.370992568568653,3.8594974106174043,0.8319165696389146
2024-01-18,29.986238794400958,25.698537731188676,13.201749266312383,6.83038991258409,5.254531349892882,11.414766615933841,0.027207782168918188,5.200003775287205,3.8221674815191164,0.8303543535619312
2024-01-19,29.073635239009857,24.324264919894535,7.488682915529145,5.6390008391433275,6.6882279857791795,19.221870031484762,0.038536915027035615,2.3030661121265097,3.304742195456028,0.2332484759083059
2024-01-20,23.77877154590607,19.845036466083535,16.765138689240878,0.004468201424280802,5.851236848426396,10.462493931391505,0.03270978205680847,0.17870556855546102,2.6983039622742595,0.3396016895332602
2024-01-21,30.59827551497566,24.734970183431837,12.774171513562735,4.191106355523798,8.543580359656811,15.162078969402314,0.051625207214885296,0.22904806886328585,3.6619287043070785,0.20900226908855968
2024-01-22,32.09399195392821,24.436772389861208,13.916402311523756,4.246632178898653,10.067807576425077,11.364022350035773,0.03479483295096291,0.21688827540238698,3.8539926524468275,0.4737997105322943
2024-01-23,33.059603352421654,26.874982691309185,11.848833970289231,0.5703500731407273,5.422376291370923,23.46871759548929,0.08409032778024673,3.857057481560972,3.742829316598176,0.3946458549307453
2024-01-24,18.862176878293358,12.240317331629862,6.708506595837276,5.388287030932902,0.05363066855033238,4.639279306853082,0.015349892877207862,0.12229608162747489,2.9925209426320922,0.5621713965479533
2024-01-25,23.454381850899587,17.408910189539593,15.09860346406513,8.192935692016281,3.728942108329137,0.012815944334665931,6.940202474594116e-05,0.18294514469279183,2.882053820780251,0.7932602273750307
2024-01-26,21.947225275092652,15.92213004655944,12.47846694994556,0.006189618071979946,4.792027783397304,3.7685287110439942,0.015438915798664094,1.2603151880611312,3.840119104824198,0.7304346099428337
2024-01-27,18.947699141661328,16.41658316754765,9.897476709313393,0.006847213262187109,8.908886708599992,2.559188457156817,0.0014135376485188802,2.856856315217018,3.5788569415284526,0.5337165107725728
2024-01-28,33.8185359632259,27.64091482548184,16.266034201908113,0.00510827581723531,8.35493426727931,10.314871518066193,0.04650636123816172,10.643531055167514,3.393525848329199,1.1419670828012625
2024-01-29,18.317920929665036,11.407406787489784,6.081235542741881,0.0066798637464311385,7.550571082231733,0.017237927588886683,1.1639169322119819e-05,0.10447029188632967,3.6832747628147073,0.509334966656102
2024-01-30,19.126504807976616,14.869776184129714,13.181062620860205,1.1260037845757271,6.226395889002219,0.012883744933340283,1.8382319609324135e-05,0.13919284017642336,3.7622899596990482,0.4387800771886772
2024-01-31,5.347180931566027,4.725601696590848,4.274577399080064,3.112338330061171,0.8014676279603111,0.005070684894985623,1.7432344489627415e-05,0.0444565146305826,0.5783437941934003,0.046697020186185836
