Time Bucket,2-Mains_B,3-Mains_C,4-Kitchen-Cocina,5-Air Conditioner-Cuarto Eduardo,6-Air Conditioner-Cuarto Principal,7-Air Conditioner-Cuarto Virginia ,8-Air Conditioner-Area Social
2023-02-20,8.33560088610967,12.402915652046202,4.048207694540554,3.9155823192956714,3.4899104726934436,0.0,7.597606950336033e-05
2023-02-21,10.142507999032338,11.220812221247357,3.3972643400528697,3.4287848426040015,4.334778057806227,1.5491468483230801,8.125177966223822e-05
2023-02-22,9.349470025104948,11.937051090607115,3.9728734886225068,3.5520557742712233,4.681968368662463,0.0,0.41501396599610646
2023-02-23,7.240794304917653,10.237201847658156,3.5238864992025167,5.096131492462158,2.31119743245946,0.1828626168153021,7.402553081512452e-05
2023-02-24,6.909859095233283,8.791395318529341,3.3094130883394346,3.7456399185874734,1.77720665441672,0.0,7.403967301050822e-05
2023-02-25,6.8508412703175,7.720502065232595,2.727095120490922,2.300600434504615,2.174708813510471,0.0,7.147723701265123e-05
2023-02-26,9.023746633605956,11.035487182492151,4.040734586446815,4.000639592153231,3.053968596997526,0.0,0.7153143266301685
2023-02-27,7.762038516287275,9.866555005779265,3.5747274981972903,3.79015722413275,3.1418321804716847,0.0,7.456833945380317e-05
2023-02-28,8.456854375110202,10.139941699492141,3.4953152696583007,2.600777982150714,2.2050405402180884,0.0,2.388046853362984
2023-03-01,11.461714521944259,13.442833991249934,4.070290778229236,5.901937134918107,2.173724010937744,0.0,1.9770579248529008
2023-03-02,8.809516796471279,12.215023103913204,3.9340100780508243,4.417339478339089,4.348613757494026,0.0,0.7766433061930867
2023-03-03,8.791352613675858,10.102115400567582,3.4407198665616243,4.601062723520597,2.5376555930055513,0.586830637043847,7.337130122714574e-05
2023-03-04,9.24087877954271,10.546588472444746,3.1985254700040815,2.55880111008962,3.6206938855987127,2.0149609696027966,0.9534419877571529
2023-03-05,11.53366251496421,15.196041348739199,4.4907903373797735,5.541531249154938,2.723384256647428,1.6633643531089357,2.5890833998868192
2023-03-06,10.496842136196557,12.305941483368343,3.179976456968784,5.896224126964675,4.022127638288339,0.0,1.1116995340198939
2023-03-07,10.572200473079683,14.126392214883165,4.449082998130057,5.537196797162691,2.4552420529047647,0.0,3.301747136530876
2023-03-08,7.834163343421089,10.705398988744946,4.010575517364607,3.6716761433182823,1.6754545276827284,0.0,1.9948485928220219
2023-03-09,7.390261156092749,9.388379598600599,3.3354297585418493,3.274573614001804,1.3801100695578257,0.002839158059226142,1.8968318439438607
2023-03-10,10.045191472293006,12.702956277696819,3.9175887326288223,5.429362942090564,2.673705749514368,0.0,2.805951474672424
2023-03-11,11.967619313295152,14.054624026023019,4.241328494370249,4.669776350283093,4.950518918713199,0.0,0.9752292408540513
2023-03-12,11.237468834448917,13.384465865720113,4.889936106331878,3.403318211574554,6.1626808011526535,0.0,1.7313042936982048
2023-03-13,11.397223793881734,13.83732203335868,4.109640161431895,5.093682836840947,2.689472584852642,0.0,4.870381699066691
2023-03-14,7.984886024951934,12.328265907719931,4.536643645454777,3.5886116041628515,2.4572671286082266,0.0,3.026267222612699
2023-03-15,8.866628332479264,11.168674679669273,3.8942185427194165,3.6264334784200454,2.301100596936014,1.2818241119384765e-05,1.1784637366935942
2023-03-16,9.525746146507263,11.565299936981202,3.856885407232443,3.745208672183885,3.54305205802838,0.0,2.3323312540960313
2023-03-17,9.43369107686149,12.352802897684311,4.0625301058141385,5.5986186679352645,4.261286303300593,0.0,0.36592372014760977
2023-03-18,9.703378913415275,11.435948766352334,3.9068795567398604,3.40914695353349,4.518354419280688,0.22841671530087787,5.703529543346828e-05
2023-03-19,11.905261940875583,16.26250018603431,4.559166912209722,5.6255646991533705,5.575497704415587,0.4013095172659556,1.8069419521217878
2023-03-20,10.599587747590805,15.1953397493977,3.8878341739320756,5.6645807406054605,2.958490029000441,0.0,4.359579238131841
2023-03-21,12.155402580411703,15.290237385055754,3.9155278948529566,4.64526544620567,3.3058068741562634,4.149022676132519,4.409960168089336
2023-03-22,11.433706318751444,15.73860946740468,4.374319889063835,6.131315905670589,2.528097932569451,2.8587045051127005,3.6278057997523416
2023-03-23,5.948777486833997,9.515477359693314,3.6057488559103006,3.0786948882548013,0.0062069210645887595,0.1914793677661154,2.722517253953351
2023-03-24,9.53905434370359,12.168406492067973,3.912461174624761,7.335309494373003,2.8430826190161707,0.0,7.55435774061415e-05
2023-03-25,12.071106767800647,15.111407983809574,4.047482803679571,7.40277435397413,3.4919344236085155,1.1136089300134446,1.9750366675896114
2023-03-26,11.851527327374352,15.426263311049146,3.796666075904635,4.448622772467931,4.285518168334166,3.2241403841874336,1.688707976225747
2023-03-27,11.376687547353107,16.228696306707594,5.33488409467962,5.66789511660258,2.7981552208471303,2.342524433500767,3.385696579691569
2023-03-28,11.460207122539945,13.713255114368867,3.600317500800556,4.767204663760927,3.9965321258730353,1.723169872748587,3.1166383034102116
2023-03-29,10.304312689385945,13.30618000899421,4.043672334207959,6.046351290640831,2.673013645186954,0.0,3.2531067951281862
2023-03-30,6.660247454652787,9.94644460565779,4.26660657602628,3.2212554335122636,1.5836707511104477,0.0,0.04739979681862726
2023-03-31,9.007602047159406,11.565265137568579,4.186630195160972,3.7589223529884555,2.5807901667139266,0.0,2.418170988059044
2023-04-01,8.654305124941931,10.9586032535998,4.5152167561647625,3.60720983083672,4.214670597199599,0.0,0.5549788331074186
2023-04-02,9.254042157537672,11.52834692463981,2.9735672643290636,5.422480290530523,4.055717376759052,0.0,7.558919191360474e-05
2023-04-03,9.844108640688791,13.060705225340525,4.352933465660943,6.9225821036465955,3.43953902353896,0.0,1.0203017425224516
2023-04-04,9.643937370675406,13.427595568008426,3.5517872893661924,5.00962309354994,4.622706841541396,0.0,3.828419580902788
2023-04-05,11.774430953648885,15.063473562295702,3.9968635048214596,5.2165703614944885,4.839979646811486,4.717320132665635,0.935670967042711
2023-04-06,10.797329039052329,15.66395151002672,4.35973409530057,5.5797536095598,4.753172567010986,0.0,2.6840672341797083
2023-04-07,6.84506200439771,9.339573738825056,3.740466123715507,3.190057348564465,2.789880042159822,0.0,6.913820478651259e-05
2023-04-08,6.033054368925095,8.30002885075887,3.2535182991144387,0.7094810309388903,3.7633263008371993,0.00011169739829169379,0.18075832796785565
2023-04-09,13.288980817936793,18.046445379214816,4.81497214881526,6.783235387274955,5.141352836819755,3.7542818255681465,7.735810041427612e-05
2023-04-10,10.84461001766099,14.45693506157981,3.958752670039601,4.992182327239779,5.279890457922883,0.3760565992196401,2.685160176199277
2023-04-11,12.433437073883479,14.868288248301614,3.582762979026901,6.48348290005578,4.6682659350093205,3.6066421774050927,1.4311710264351631
2023-04-12,9.977996174951132,13.20519592339622,4.315370507129563,4.72608278471205,3.979521218805578,2.9548215789175036,0.00011872830152511596
2023-04-13,11.115043360214234,13.810276482993235,4.0069343560451935,5.915179857792855,4.451131525262197,1.3440869836057556,1.6829384043036564
2023-04-14,12.253789264401327,16.20196705827713,4.701305062261688,5.937125528822476,2.5121175765257413,2.812390289250745,4.76623184406307
2023-04-15,8.158602531252967,11.133789793301688,3.706155707532565,4.232789408272637,4.592760796738466,0.0,7.333268059624566e-05
2023-04-16,10.440172709780798,13.844959039236706,4.504355156513849,5.7634373000754255,3.686843187726869,0.0,9.655484649870132e-05
2023-04-17,11.41476392289162,15.581822737953399,4.275947034540178,4.70086674888134,5.031255300916036,1.8784978926944733,2.181837846095827
2023-04-18,12.002675735999214,15.831898858116997,4.209289403651555,5.4653253881761765,1.7378673983801736,2.777243034352727,5.559410389743117
2023-04-19,8.931271255340574,13.140531573225656,5.284103032019933,5.055619297343889,3.079215141500632,0.0,1.1807798858096863
2023-04-20,8.6061066460122,11.319550687804751,4.444587668894663,5.2059561989227925,1.7244057953564327,0.0,0.7995469884602229
2023-04-21,9.14103912700971,10.531289043474196,4.078250681669448,4.631211210566627,3.6644434191176627,0.0,7.747862603929306e-05
2023-04-22,9.880827122470006,12.565705664572185,4.767381762056351,4.923587602151764,4.989999236432976,0.0,1.1587297526346314
2023-04-23,10.460635760326385,14.942791076357102,4.092983064611753,4.756628158891466,5.671395024792883,0.0,1.5293523653093972
2023-04-24,10.738124673526553,14.014792990875243,3.785722438175943,6.196677955697377,5.117751734351052,0.0,2.0065295527497926
2023-04-25,10.154743528433906,11.969263127297294,3.511876610595915,3.3567402721510993,3.4657311968191467,0.0,4.956565985137356
2023-04-26,8.245710131426916,11.226388564487031,3.961456890113088,4.038728416730564,4.25938900699748,0.0,7.191352287928262e-05
2023-04-27,8.437909767134983,10.818334712145063,3.405028433826765,4.015368794736863,3.3725141661882407,0.0,1.7058004694737328
2023-04-28,10.570482757697635,15.349505426273348,2.807199509104093,6.372151625967556,4.7483129491522575,3.336128102133539,7.214390675226848e-05
2023-04-29,10.875903444352682,13.092432682640286,3.779867882524596,6.926840789772139,4.31786409403642,2.3706809692332484,7.05973015891181e-05
2023-04-30,10.900839801981185,12.220844066317877,3.486893053997887,6.403576739294263,3.6765990548947123,2.20013875083579,7.061801115671795e-05
2023-05-01,10.984571468140283,14.286793886884055,3.5272030839443205,5.702914571882883,2.861368826398585,2.872534866859648,1.7923103861930636
2023-05-02,10.00985846675131,13.149128056898116,3.020027576066123,8.014294315717486,3.7922507663109566,0.917409495815701,8.211699485778808e-05
2023-05-03,13.27527333263185,16.719417822189328,3.2807507247490353,7.599866538535754,8.530437918554677,3.9575125578898853,7.29937047428555e-05
2023-05-04,14.0011484399075,19.219380931574502,4.7802872684828435,8.824168721574678,1.4674843791940477,6.7348899775735545,3.8002760564192135
2023-05-05,11.831924045193988,14.840216751150553,3.3225687286175627,8.903633712355294,3.7898220466038914,4.328786390413178,9.559079064263236e-05
2023-05-06,8.862393575779597,11.53776308966107,2.914849445938535,6.573729121527142,2.82582384819746,0.0,1.6666860769057275
2023-05-07,12.800840970858465,16.505749511277944,4.226645024442673,6.6993001570092305,3.601508028793864,5.275484911237558,0.5932319455997151
2023-05-08,11.404778046574062,17.326318972053524,4.9548869111824025,7.7963850609260135,1.1275673070973822,1.9971461057159634,4.555626062701544
2023-05-09,9.843637145205605,14.571895350220997,5.13820178554217,7.833376379584737,2.113627689273357,3.091679278841019,5.281793064541288e-05
2023-05-10,10.735027376378376,15.982933094613815,5.556911401379903,6.849337390204535,2.704751276923285,4.392925693926016,7.357425848642985e-05
2023-05-11,13.189287647957272,17.714584591263666,4.394453236613804,9.169100656821461,2.7509361830414667,7.800776322404544,8.856363375981649e-05
2023-05-12,10.89021759797096,15.76156284025616,4.453609089058769,8.036942447621557,1.9679298844740125,4.064568373134136,1.2796595807266236
2023-05-13,14.01413127453698,18.290889668456185,4.595963322294022,9.976566068698036,4.781542290846507,5.716515942021474,7.633540842268202e-05
2023-05-14,13.216182382689578,17.15817165253957,4.017146633278528,7.600362099023396,4.440569554901653,5.133515510150857,7.764963176515367e-05
2023-05-15,11.076362132126492,15.216352037940554,4.7541471193705656,7.155801919049157,3.1702964276048866,5.76029581839323,8.929342428843181e-05
2023-05-16,10.35539337598271,13.968924854604934,4.1292240341938875,7.203850019700791,2.3898800168625516,5.006710128126938,9.742503060234917e-05
2023-05-17,8.902448660229577,11.255330695374807,3.8358423694091375,5.211117114932802,2.4496972638641465,2.599556336869399,0.00010033607721328737
2023-05-18,15.412762503080373,18.52723925721274,4.315987702622944,5.127514671609138,4.637611659761005,4.920630882373915,6.868212302001053
2023-05-19,14.76160202798737,16.314254373789893,4.619475107355117,5.100259224521319,3.271194523863527,5.111810820192232,1.8029038251913916
2023-05-20,15.127362494307626,17.44166686982473,4.489156937708855,7.411186509182188,4.170939148287774,7.199448799323241,1.5394442351116076
2023-05-20,15.127362494307626,17.44166686982473,4.489156937708855,7.411186509182188,4.170939148287774,7.199448799323241,1.5394442351116076
2023-05-21,13.767584334197572,15.70012300079558,4.2429666512457525,6.351932679846023,4.284722679291036,5.0361161213435075,8.932443486319649e-05
2023-05-22,10.603528312271964,11.036623198897043,3.56075480782085,5.4581809155315835,2.5496768954372406,0.0,2.8046864737998116
2023-05-23,9.04766744375017,11.549809617833034,3.1150566593800653,6.296500975018078,0.2563839723491669,3.849858574254778,1.1418194241105186
2023-05-24,9.433847013663186,10.086868462485207,3.374202477463616,4.209741453252898,3.6936296377168762,0.0,1.7471025472940342
2023-05-25,13.554545046681298,16.4557262811025,3.4594871001688645,7.731824557632341,5.096280237627824,3.108118742658827,2.7320802494208016
2023-05-26,10.326339712633555,10.6025601855935,3.0189075686883924,4.593354717859691,3.755456703375445,2.9155633018777105,0.00012013006130854288
2023-05-27,10.983953816335466,12.613392144055897,4.0988697046105065,7.143400672458013,3.1461466034629613,2.0616950614219247,9.028076171875e-05
2023-05-28,12.034743288662167,14.310780095818838,4.524471881304848,4.137767280430263,4.344127799568441,4.496498855250412,8.280030144585505e-05
2023-05-29,13.41858992131339,15.659445389797419,3.8749504759248095,4.8459557060549,2.736018230588436,9.27605030941142,1.112765863418049
2023-05-30,13.990261804067826,14.378733199403547,3.818491263197793,4.2008729423491165,0.0043229049830966525,5.412071461298202,7.642546930066215
2023-05-31,11.473508878163232,12.966993090350892,3.517389191603131,3.9006789648569957,1.5754241226572463,3.8647443331628373,4.3580588081945315
2023-06-01,14.760353684208127,15.003674196590852,4.010202210434807,5.49507737531556,3.46256036377271,4.123268425232834,3.7316262457966802
2023-06-02,13.132541425416735,14.340668050206501,3.730776145940887,4.77086476665073,5.088659998083115,3.807678013673093,2.499793949751324
2023-06-03,14.038647100412584,17.250420776463613,3.6293621054712935,4.241215558535258,7.928384857665697,8.033537880780697,7.331458409627278e-05
2023-06-04,18.400476065427988,20.407071531039342,4.130796313869158,7.709302433449429,7.177481920607355,5.639836800295777,2.0361563181858595
2023-06-05,12.106698517447574,15.521794864551755,5.200242227772608,4.220804638171195,2.7300622763686713,5.258728479299281,3.6584274439647464
2023-06-06,12.849120972467,15.2565257059998,3.5403891531138956,3.4493479649623238,5.599080706777043,7.042241689631409,1.3266639595373473
2023-06-07,11.585848999349805,13.495720034300485,3.5301516019821166,5.321634180937873,5.61941922996362,2.45490773679124,1.8406584458104769
2023-06-08,11.04849938887596,14.06524022392909,3.842317922359043,4.87895481007682,5.7199330104313955,1.5966396066877577e-05,3.150809934206804
2023-06-09,11.62481870062934,12.49095608657413,3.4268623313347506,4.256672921934128,5.656640471309556,4.17763404752228,8.170569048987496e-05
2023-06-10,12.326811944201788,14.456957120392058,3.746937859831386,5.109046528850132,6.16955211531798,5.443153922650019,7.547137869728936e-05
2023-06-11,13.413551226738825,16.21732425512102,4.190833389929666,4.642347536593013,5.34188064708021,4.488097167291377,7.111718283759222e-05
2023-06-12,16.62704078002082,19.670136899954485,3.8993876177321543,6.263222072580655,6.866661428976588,5.876588099181122,3.9325664301729204
2023-06-13,14.26902780722406,16.000000690951875,3.8845030136754777,4.7441545136001375,5.397364490645197,4.457432074796094,4.550784627153873
2023-06-14,13.222297899177342,15.90673128667301,3.788165365774897,4.441933691747454,4.722773143937854,4.959300350256761,4.3294003842724695
2023-06-15,20.759941166186863,19.861144134616847,4.213998392232259,4.69938702788512,4.020606912762324,3.2530590772371824,18.13408803936296
2023-06-16,10.963481527061463,14.182632569779292,4.186632593887647,3.0759455525536006,3.7144281422419017,3.3946859790163573,3.346046930932469
2023-06-17,10.416656821647223,13.587095731951397,3.7326380161062884,5.0997608611679075,3.3759570901224345,2.3308318915828066,1.5297928627599613
2023-06-18,7.861019141061571,8.475298760313457,2.704371011448966,2.7564646078067354,3.5272347893381113,0.0,1.3957317049998708
2023-06-19,14.289358245804044,15.783082915689683,3.286194821596145,7.723501436894735,5.411552584707471,4.27680272548755,2.124668561770916
2023-06-20,14.733850723997751,17.045960996213488,3.279002302588887,6.21819670985063,2.820942557829751,6.459050911083751,5.642357419912549
2023-06-21,12.448824483033285,16.196594623245666,4.84072072215928,4.834902489541902,1.9575345464457405,4.189954939025773,4.206785260087119
2023-06-22,13.31760239266925,13.817110948208704,2.8626306065871985,7.994011321812735,3.066501038179397,4.59278450341728,1.0632497153764302
2023-06-23,11.358118474782305,11.715777885258992,3.340192809693019,4.205266172855165,1.7283275215440326,4.091401128848659,2.4574624224951527
2023-06-24,12.111433917204538,17.658863144139183,4.903160926727718,6.288231859783067,1.6021552840338813,4.992448684022955,7.315906789567736e-05
2023-06-25,9.02745105530421,10.936947315559387,3.593265819238556,2.3866433470900854,3.5098893083323373,2.0030820510315896,0.5992605448322825
2023-06-26,8.604857736409505,10.006375482723447,2.8900262054098973,3.2302979416121373,2.0439304378138647,1.6677180459727179,2.0320805735884773
2023-06-27,8.990612515469657,11.054202600852118,2.8116740111690093,2.5720073430458705,2.0929306651777693,2.300190614576605,3.7862180807569286
2023-06-28,8.53261794172287,10.219611162877612,3.3665374767356457,3.4113618173774083,2.6576545334355037,2.5605571913711227,9.193862782584296e-05
2023-06-29,10.975506031122208,12.723604579840766,3.2651178385543815,3.7271245686690007,0.0066556678432888455,5.521703421616024,2.521942890107632
2023-06-30,10.645283022187552,11.279058678551781,2.884017199794981,4.213048143960635,1.0257813655365837,3.995252941388819,2.301051051027245
2023-07-01,11.43531735036532,14.4960446715196,4.161699628917906,6.808888939785427,3.4813161566400526,3.002716505680085,7.297590388192071e-05
2023-07-02,6.11560858397272,8.28661617427402,3.824789173550076,2.3198011795642643,0.004321064164903429,1.2789309614192115,7.479236894183688e-05
2023-07-03,9.074956727199554,10.344343840279048,3.3324689423852503,5.270661310394606,0.0,1.879726403910319,1.5253164227819442
2023-07-04,7.540965242889191,9.90655786650976,3.300654068193965,4.298434631725947,0.0,2.2503232878390946,7.918155034383138e-05
2023-07-05,8.562882311836567,10.38294346270289,3.718270040785738,2.657242288606622,0.0,3.284175417038528,2.776788532876439
2023-07-06,8.47600341774124,10.389860603563065,3.7040132256759515,5.389522307609792,0.0,0.5002834275505992,1.390571134844886
2023-07-07,8.410713047512901,9.784537808033626,3.9394974489466343,2.3677415401580597,0.0,2.0689740748845207,2.8799262377987964
2023-07-08,7.508238983781602,11.855504701192643,4.516843514809079,3.661023155464067,1.211660558151669,1.2655805226620038,1.0455417026164797
2023-07-09,12.9413578962538,15.453195488679677,4.478676492869059,5.142030995583535,4.551490069081519,2.4273268924551537,2.7853073806370627
2023-07-10,12.551159648587968,14.567296949841182,3.9407847137535947,5.0405266096443615,4.221082245616383,2.9859882327546012,2.798805760227309
2023-07-11,10.691290231891209,12.147067099444069,3.80525605834908,5.38035241633892,1.3295984871149065,3.8691823753272163,5.797593143251208e-05
2023-07-12,10.726716524700588,11.94380912399504,3.863513949341774,4.835815287117959,1.792165533378919,0.4808738454506133,3.7178311500586405
2023-07-13,11.832103775486415,14.434391405413946,3.938515316122373,4.81510582072311,3.7232706719668704,3.2079826817978754,1.9876344224797355
2023-07-14,12.331348985640206,13.14887577257792,3.7134500161684882,5.438479263547262,0.716858147154914,5.0696577403744065,1.5779314374139572
2023-07-15,11.350184215637842,12.888997934918933,3.1030983757040236,4.30230295044793,4.948299392909474,2.6689405822973784,0.603321378054089
2023-07-16,12.62368759709676,15.77178019074546,3.857552878278096,4.968581272884475,4.596764400585492,3.692901646748119,0.9503755593503846
2023-07-17,9.831002639876472,11.736835851516727,5.1057884337843795,4.562818112455473,0.0,1.5578356229522494,1.6252188731858466
2023-07-18,10.879890704752603,12.963446820951035,4.077838915490574,4.027713993549346,0.0,5.358514818649293,1.7841664630055427
2023-07-19,20.219514597955282,21.13834960032039,4.404427202498118,5.902466840319103,1.425343471860356,2.2112735882883605,18.91165640901486
2023-07-20,12.993601300094392,13.853368729741838,3.2711750240082216,3.5401871494229638,5.6246480322678885,4.421615444689592,2.6355585150281593
2023-07-21,14.70212715365516,17.574166646376714,4.378594563904338,6.888826008015209,5.732138462906414,4.010690512057145,2.9022190736386513
2023-07-22,8.674408419707614,12.379534390233356,4.031962905493312,2.156147610191239,4.240262800352839,1.5331148216189279,8.669921186235216e-05
2023-07-23,11.328218438017105,11.216200865530439,3.3299023615349665,4.025959544738134,5.118794701491462,0.0,0.8136982887368731
2023-07-24,10.478474002505408,11.557694192145663,4.127499635561836,3.68510141743554,4.732831820615132,0.0,2.2208244503617287
2023-07-25,14.08049135912577,15.921244879500072,3.7153110827732085,3.2338651253520116,4.0493626099591795,7.063558311019208,4.431924823092884
2023-07-26,13.176659950934516,14.711856306248771,4.230712625822492,3.731216742536757,4.50526507920954,4.780805572100215,2.7135451472107572
2023-07-27,10.043366787516275,10.725044114127689,3.7477511432541735,3.7456357781012857,3.2835763224363332,2.438270155357255,0.705726105837557
2023-07-28,12.709234595809516,12.844419332003064,3.827571231152216,5.656629626353052,1.2101935245429145,3.304941878779464,2.4757917067686717
2023-07-29,13.012860934145188,14.75748484740151,4.120155834617085,2.7861047432200112,4.797044975555208,7.3450253602814675,7.845438374413385e-05
2023-07-30,15.678735129587386,15.927795998418596,4.3299627361811535,4.321377223273384,3.6068837263107305,5.852987620672385,3.7608229167048135
2023-07-31,13.91361556511561,15.20986096162584,4.575699081454807,3.7492030561452436,4.201609300871425,5.649971036450863,3.245584044286675
2023-08-01,10.761342218519845,12.611978487525516,4.428651833866438,3.0919105029429335,2.463530671744347,6.6531144866471825,7.296913358900283e-05
2023-08-02,13.04504766387092,16.508611753167045,4.435939467546145,5.814506448687978,3.521034616269006,5.585804606697824,1.0161804780726964
2023-08-03,11.30635890193939,10.236826526645025,4.09218641491731,3.690308992758857,1.5209432244560452,3.1025191591800585,7.34605818324619e-05
2023-08-04,11.328221847680407,10.84202913444837,3.5476430542940562,3.9119643823374637,5.044843687742022,0.0,2.01098019971874
2023-08-05,12.480343752674527,14.808987390703626,3.815621429199113,7.83290958138201,4.797446985211902,0.0,0.9279193141071002
2023-08-06,13.912629978032639,14.943358611733121,2.696058320633041,3.5230811375300086,6.1133423031330105,6.210786339854135,2.847720338242319
2023-08-07,14.303911068064375,17.20308903949737,5.655732394362555,7.1773741939735425,4.07600844145192,5.458803350746102,1.1853358039183088
2023-08-08,13.35200292830785,15.027161701304115,4.059709809589386,3.394922006843355,4.785202429500155,6.641122297836409,0.8437042931863997
2023-08-09,14.750834502773287,14.867603278596668,3.765638432939847,5.705148189979658,3.464551783705817,4.978452332291073,3.073022085353269
2023-08-10,14.55661999141693,16.817589135020572,3.978994597072071,4.049159404009713,5.124378997439279,6.262984868981043,4.754465942219893
2023-08-11,10.705600094150968,12.727499684353935,4.040978176484109,3.70077200132317,3.285784273150762,3.6664458327187432,1.8236409763659374
2023-08-12,12.24708104443444,12.862453867382472,3.40998156742043,6.323076901211738,0.0,4.912773792273998,1.702978508430057
2023-08-13,15.790128555577594,16.5112218901062,3.7031268036111196,7.275731158752441,3.206155103195509,7.314739562814236,0.7772157485932774
2023-08-14,10.360060810265011,11.506010816425748,4.768225021277534,2.3809546675544317,3.631272538014518,3.383757860756185,8.977420436011421e-05
2023-08-15,13.183467367220983,16.15712618433635,4.5105321461873595,5.0066930187394885,3.481903135008812,4.382357881855169,0.9032152709945043
2023-08-16,13.672911205950841,13.782661986424126,3.907665469681422,2.878699061575996,4.254326877164841,4.616280910921626,3.7564047507095335
2023-08-17,12.170120695013471,13.225962665421166,3.520084197722541,5.780776900074217,2.971485183648533,4.097864210489327,1.793406500790914
2023-08-18,9.341242338746389,10.829868735410903,4.621187353341844,4.091001693633397,1.1543791622908908,1.6947420610613293,0.779783276260164
2023-08-19,13.008155499496459,17.309730391426086,5.155509080142445,3.447380936294132,4.973442447348701,7.695396917101278,7.131145715713502e-05
2023-08-20,14.803061517535314,13.188761892884573,4.196863075266415,4.091291745700836,3.5380330474307797,4.01340695363972,1.7273950250350105
2023-08-20,14.803061517535314,13.188761892884573,4.196863075266415,4.091291745700836,3.5380330474307797,4.01340695363972,1.7273950250350105
2023-08-21,12.366938063769869,12.053303127827114,3.2359655056624943,5.536240167921913,4.729194188453357,3.131695389076339,7.27891206741333e-05
2023-08-22,13.142735190096962,11.951280250526004,5.48666385951572,3.057645163906945,4.143175351901585,2.0036813357257843,6.937504238552518e-05
2023-08-23,12.48981799475564,12.66197494591077,3.3584160583321254,4.760978874900607,4.098133818945885,3.8694927953388962,9.190155612097845e-05
2023-08-24,11.443287076494427,12.159783896179203,4.041674227845933,4.062784512240092,3.5467546233881846,2.034976214211782,1.4058124446921878
2023-08-25,15.312088767317661,15.170501883712344,3.5067353738901352,6.520653923135334,4.294368991763856,4.53640211707592,1.6500845924631753
2023-08-26,12.526509303112032,12.511497129489053,3.128815287302865,5.918256225259569,5.610941765277121,1.58682487054348,1.066140270289315
2023-08-27,15.260837116756434,16.226780550324122,3.3985010885026714,7.840386438916525,4.490699491847356,7.230140684782135,7.561829937828912e-05
2023-08-28,16.071175564130147,18.222260818876688,4.0675288927941855,6.261714372040431,5.644967487145001,5.7507074283589255,3.373324238610533
2023-08-29,15.487221274289025,17.4552047416793,3.9831662174092406,6.622531544692251,4.539938686818017,4.834146610473263,2.7485497190737727
2023-08-30,19.251045664352844,20.988886166786617,4.219528937539525,9.255042668860224,5.9804643447128925,9.719062058797943,2.2088443493302665
2023-08-31,14.500169955073465,17.226635262673692,4.302459936256938,7.612701361206902,4.713013162133958,4.345054015329414,2.661253445066346
2023-09-01,15.283859294906192,16.992948639473383,3.82483519431538,5.409619183959961,4.316434508012136,5.599681229359839,4.386507620096207
2023-09-02,12.770436934081182,12.841994500868056,2.858162350045311,6.3673331474203545,4.447869759164916,4.359701947903899,7.482035928302341e-05
2023-09-03,19.141467071539562,19.08491803066466,3.726393741290835,4.289657695631451,4.43154235124641,5.0163234512758255,12.6969092702908
2023-09-04,11.619285365854896,12.669196990006766,3.7399502675766416,6.83897798224608,5.423135960156124,0.8361139098890622,0.2065830897447798
2023-09-05,13.941123381485408,13.16782574251599,3.505800295799573,4.614459778021707,3.7428795375103423,2.626680977416303,3.8578803800047767
2023-09-06,16.19893035001331,17.65556737797843,3.9638792705742514,4.105350930478838,4.431883170470662,7.569629207080205,4.755059769344859
2023-09-07,19.011585065390268,19.009436530568866,4.086122791990704,6.472223615957897,5.741564056220583,3.8719483807773063,10.93063631991704
2023-09-08,14.937791634589303,17.07733177198198,4.070973669479159,6.982318267304103,3.835019483272764,4.789221985097461,2.2859576472595
2023-09-09,11.885354058738283,12.172535208085376,3.2927903592639494,3.469911971927219,3.14386328350491,3.4996384270384575,2.3019452108632192
2023-09-10,13.13789315524843,14.748743176839616,3.474377274360657,5.0493333138264545,1.5391450212897195,7.7527123293529625,7.69638024436103e-05
2023-09-11,15.699564636811154,17.512534415338305,4.474284748614629,6.750697547180388,3.8726486268981297,3.5226644992364773,5.4053593587867415
2023-09-12,16.831674026194676,19.51741788541582,3.783889704202016,4.516068031099108,3.9083954637829463,7.853053595317735,4.783542992068926
2023-09-13,15.464878347379894,15.984783540785049,3.913726907496982,4.945102221151988,3.8699414562861123,4.1401139291225535,5.055689101965163
2023-09-14,12.795618929871456,12.994266776443059,3.709152105081346,3.8961081135103437,4.233424093966484,2.99726967909495,2.412001619496346
2023-09-15,12.999267507752313,12.519730507840052,3.5788968225457936,6.705645124217138,4.0517509333197275,1.2293909642706977,1.2470933446203338
2023-09-16,12.190145751806895,14.02089369978587,5.196994720464281,4.2538702597978375,4.120276212340991,1.9434941696363026,9.088437424765693e-05
2023-09-17,13.730327521506416,13.369516731529236,3.599165632307794,5.430283534371057,4.283328889729182,4.470010289200411,7.530456860860189e-05
2023-09-18,13.678227891057332,13.205223754490746,3.942225027968088,5.393303061790467,4.0543691033040155,3.2605350961613655,7.032432344224719e-05
2023-09-19,16.49353958429125,15.874333253495955,4.1303704060496225,4.112546783543693,4.141802733080652,5.55313298816575,4.010529692850908
2023-09-20,15.88789938247257,15.210752724172803,3.5368642347950403,5.833890064573287,3.9027756721629028,4.285130592940648,3.568961759538915
2023-09-21,26.582343871733347,22.73541960304896,4.671003202206293,5.563670878116819,4.143684873241318,3.5782538925147054,21.614687884400688
2023-09-22,15.840083785120644,15.452944681551193,3.844589737385644,3.783127898732291,4.029747209662861,2.4980426153855855,6.410996714637279
2023-09-23,19.097534476981693,17.718477949773998,3.003549414786233,4.469052732804086,5.2725135113965145,3.097917632706695,13.076911959960725
2023-09-24,14.72350477675332,14.949893142852785,2.9954004213545056,5.626292360283536,4.568429878877004,5.800648618549507,2.738077572668658
2023-09-25,14.941513445705837,15.66146212788264,4.731701355383131,6.143280055875777,3.9103717109537124,4.755255017450915,2.0129962921653854
2023-09-26,15.052489458673268,15.845409269241756,3.2338185602018563,5.805257727391454,4.119771320842108,4.6925316995496225,3.57214253869719
2023-09-27,17.909810635339944,17.46775729552799,3.9115268215741055,9.537196385668647,4.435438139302995,4.154716840822697,3.2189689334781963
2023-09-28,16.226643604045442,16.917464044793444,3.390998259020911,8.057538859151204,4.746660269845327,2.7297066048012835,5.162683670458527
2023-09-29,13.25956930265427,12.583399958080715,2.5091410281742945,6.573413826210765,4.368277642620404,3.322562294330862,0.7008985729387072
2023-09-30,13.313116493102182,14.468902504386902,2.330645044529703,7.196775210914612,6.330095348983871,4.094553046011394,7.618772427241008e-05
2023-10-01,16.690664440731474,17.821932010332745,3.770387627424134,6.9137173009687,5.109109691341718,4.863929343054824,3.066972009493775
2023-10-02,12.530378459777832,15.787633113062117,4.50815358748118,6.2456818891731904,4.972890058774947,3.2565141399171615,1.3265428376748827
2023-10-03,15.0700662015152,16.506163878267074,3.740347110435697,7.700115073133575,3.9334444141186613,4.318745930502944,2.907635361330774
2023-10-04,12.766288393158382,12.614397552460565,3.043825859019491,4.352106834571626,4.075534806778165,4.398946204302841,1.9085817230757076
2023-10-05,11.522926992912291,12.631129075461496,4.184425484985776,4.817249495571985,4.004104360956086,1.511812871969011,2.025999117849403
2023-10-06,13.397237921517693,14.632439146152072,4.104375692771805,6.656239167432785,4.166335747987959,2.863485108011299,2.031169484140343
2023-10-07,13.989872110650804,16.82386335875405,4.515538194594384,5.648618798604541,4.756709622722732,3.5731882429546777,3.2407086626190607
2023-10-08,17.53683434359656,18.49791976027595,4.575422639715407,7.801405090697606,4.717170050313208,4.372487556276057,3.64546387932539
2023-10-09,15.628778950002456,16.749122629742093,4.629337671955427,5.98129657533063,3.855364950100581,4.592443533846272,4.418539447965357
2023-10-10,14.795053586807251,14.960597920396593,3.7907156870290963,6.9607543921359385,3.967796321640015,2.378058212263584,4.070938723401759
2023-10-11,10.650754270629884,11.602210782222748,3.272038825558556,6.082228130619791,3.7522559175872803,0.0,8.374689552519056e-05
2023-10-12,18.55433649542491,18.23726880395041,3.755535019162496,7.172974647452567,6.154099810597101,3.346102319759793,9.423530578248235
2023-10-13,13.305354281711578,13.748073752742343,3.5460593413437738,8.963697963706652,4.631037217398749,1.929169583228694,6.796287006802029e-05
2023-10-14,12.198749911560482,11.22653591779073,3.7012409765307113,7.302626707362068,1.113137440208329,1.9251901000987162,5.227377573649089e-05
2023-10-15,11.954452206581962,14.04548995188607,4.287187998447418,3.340731121690538,0.000814143558078342,6.477921537308959,7.473363982306586e-05
2023-10-16,11.959303751727209,14.423701863240135,2.930212556872898,7.38584471602387,4.642227476125822,3.8015990517661304,1.1255424704456332
2023-10-17,13.56973037695355,14.38273486521615,3.944303259098264,5.293582083449893,3.3318130871539644,3.95503399207645,3.3258065383111113
2023-10-18,14.134161859226223,16.079624030749006,3.6572038368219797,5.779002957187228,4.5278690851910905,4.588769111168914,2.98528554710865
2023-10-19,11.230484649380578,14.165834136011338,4.337752716461818,4.135128697738118,3.61179861474779,4.274766957278251,2.8368399089437064
2023-10-20,8.47879182182524,8.673766232766045,2.803181760898166,3.8818480091259215,2.83699165350808,0.0,1.4434071672074003
2023-10-21,7.959223071793452,9.75726659930335,3.3818575472487344,2.4468483405749004,4.268079973281224,0.37042950305064515,8.09212753507826e-05
2023-10-22,9.047583577651977,10.988710529208713,3.4810677497545877,2.8675171493932936,6.906829215363397,1.6971863717026179,7.433539496527778e-05
2023-10-23,12.046650365015664,14.420493247500524,4.644327435914145,3.9461742922602756,3.1455574846479633,5.703941840636464,2.039885169608858
2023-10-24,11.759841403026579,14.855378463264039,4.203394573597378,6.018529852027893,3.747849852970971,2.505043943096002,3.95172940750546
2023-10-25,11.644246054710814,13.855259274883268,4.002042868267165,4.644194079524146,3.5689080804400977,4.574665178205173,2.243597007946174
2023-10-26,11.68586526637819,13.66834463265313,3.996386353039212,3.836529089890056,3.1664367032252416,2.893074622334109,4.098128872555628
2023-10-27,9.873852559752994,12.141147869203358,3.852595739176539,3.3452193886878754,2.2138509768570795,2.7150664220515885,3.208813817396164
2023-10-28,11.94860544365777,14.21654061530643,5.252090545474688,2.3916421741750504,3.631780408997006,3.564149942292372,1.9468323293577299
2023-10-29,12.061223336427474,13.83773235301124,4.878022151879735,2.7307741996044577,3.2550645256137853,3.4104121727270553,1.4805626818672817
2023-10-30,10.37031230895784,13.188482375920614,3.656248717793359,4.321054147776498,3.4577861199993567,2.5472587287688255,1.401164012342559
2023-10-31,9.714989696833292,14.00737019747204,3.8663423547924896,3.9262031691503525,3.2319329246510398,2.506664415407181,1.8790155535491309
2023-11-01,9.077602101065317,10.669918844731647,3.614046783791648,3.684974606735442,3.1171390109814547,0.6446277449623744,0.5312267183597883
2023-11-02,8.865511667944592,8.311868791007996,3.60626118262185,0.0,3.1483485406229232,0.0,7.018805821736654e-05
2023-11-03,9.244525553084479,9.869695974053275,3.9204072430202697,3.235848598238628,3.438741575492223,0.0,7.125230683220759e-05
2023-11-04,8.724594229929183,10.541128391248913,3.841914446620412,2.8211301687007477,4.22451166050381,0.07351958344777425,7.606522533628676e-05
2023-11-05,8.73761981303533,12.052510552101138,4.644316175416311,3.5378295083189006,4.236124565984938,0.0,1.1295990442397856
2023-11-06,9.89490182190789,12.058377854156497,3.9001450686168675,3.6932285815609824,3.305517974328994,2.068799574916628,1.2709558590290282
2023-11-07,12.245912515826754,14.364524633496604,3.3071901515971294,4.520647779000599,3.3351102198304066,2.2613816967116462,4.190433564616044
2023-11-08,12.583844764344958,16.308172129806945,4.0754842954762776,4.4074249952311,4.231036199536852,1.7562709565607708,2.909069699820677
2023-11-09,13.117260756757524,14.985515491680568,3.813521345215904,4.525843505413797,7.45688862534417,4.382635429999563,0.8726667733038797
2023-11-10,14.241252399031321,15.387861991958616,3.659278922688166,5.655670057720078,3.8484286789756346,4.788098006645308,3.4102584809409247
2023-11-11,11.15340136381785,13.338485167437657,3.984618496803178,4.37288218412982,4.258806436076164,2.9033837284983535,0.00010147265805138482
2023-11-12,11.493427190102471,12.63396955148061,4.452864443123605,4.768243653299544,4.244284381351472,2.7522415440601775,7.21047502093845e-05
2023-11-13,11.320470229572717,15.078252708772023,4.867434418242772,6.22486205218527,3.691916717050341,2.0387927415723275,0.5857994655177328
2023-11-14,12.323629602845509,14.330618025182087,3.897228983931013,2.8768483884504104,3.9005994944233366,4.926103322939342,3.4990453376481274
2023-11-15,18.765014275970458,18.65799323101468,3.95429690603786,3.2733530997223323,3.9137510397561406,5.359362453339894,15.643258008814918
2023-11-16,17.998536759715613,17.528469185710485,3.7757944655948217,4.561978679243723,3.7496263890139265,4.898625639887651,6.304683786732355
2023-11-17,12.005323528842926,14.659451867349414,4.039511095376544,6.5344567601627785,3.7109316669146217,5.047870690695975,1.2944763412197433
2023-11-18,10.47664836897108,13.541233889024523,4.027317561359405,4.143997805264791,4.288459226242702,4.63104655959765,1.284781207528114
2023-11-19,12.922062443042329,15.083298360947502,4.370129047926266,5.720751609518263,4.201401995675829,5.334334032566812,1.204388779747751
2023-11-20,10.581395496205223,12.195024228153226,3.8665427380779054,5.237814559946059,3.5152575303151874,4.124094924382104,1.1301226848660575
2023-11-20,10.581395496205223,12.195024228153226,3.8665427380779054,5.237814559946059,3.5152575303151874,4.124094924382104,1.1301226848660575
2023-11-21,10.21540897075865,11.954339399534863,3.6433621241055594,6.022739178083207,3.624306813620461,4.3720018389569395,0.4509978525744544
2023-11-22,10.006740369224548,12.115065641269682,3.913606437544823,7.46398446680387,3.657749345814387,4.26755768354151,0.12754958077722128
2023-11-23,12.140148204222786,13.920970522566902,3.8827167861705356,9.910831265330845,3.7351335870689812,5.425173294845688,0.1366890804468261
2023-11-24,10.508900687296126,10.279974876289367,3.3231811006026803,4.299970202072991,3.8112878633721663,4.972258753504223,0.2143331385143598
2023-11-25,10.691399021636114,15.544161124081084,3.875074615937339,7.895155100529987,4.941330780057907,2.6208537024466185,0.1659414878222677
2023-11-26,12.144202618100907,14.370017000524733,4.031030676815245,7.291445656917361,4.614718454775281,6.270410234964159,0.1439528381164869
2023-11-27,12.766743242412142,16.239493213409848,3.979593141172197,8.649860967768563,3.8894609477541184,3.7869877938916954,2.1857960134032037
2023-11-28,18.476609440432657,19.173013166883255,3.9153782056469386,8.361313168356155,5.3011254332298705,7.227168124742507,3.0844075402381685
2023-11-29,11.995093452907136,14.450818237775165,4.12000625781695,9.03174066110611,3.8242347717369922,4.176667960134083,0.8368927355599403
2023-11-30,11.462699213318293,14.52544467733595,3.9871627056063548,6.366048992277783,3.8054051598485317,4.440855998709996,1.6696872945716645
2023-12-01,10.453258717420367,13.520060297961761,3.6745287533738877,6.91295385515213,4.7291326305686106,0.8731780914269552,1.6842002636088265
2023-12-02,13.117735513615077,16.073709709211986,3.687635939381917,9.995476031530169,6.972910913672978,3.628266467123032,0.8668679023928112
2023-12-03,6.225310626191034,6.745048333786858,1.3398477998643452,4.931800488310921,4.719101494782766,0.4030430261140399,0.19457080700000126
2023-12-04,11.207550764747197,14.207302726412875,3.908145914435916,10.407656827160519,5.036982730854881,0.8855430333190494,0.8535087359891997
2023-12-05,10.340605473921036,13.989907393811542,4.751739168989393,5.82775998439789,5.049806817087596,0.8667599176465138,1.582079459995164
2023-12-06,10.869261736759611,13.609613506978354,3.8305574248811936,8.603943351312212,5.039013553833432,0.8747616295533709,1.3718530410970582
2023-12-07,11.424543820434149,14.579431153664057,3.735080570884281,9.932190570338566,5.067039728695551,0.8782012506315444,1.5190265053770278
2023-12-08,13.738377070123883,14.709389859833188,4.55215587562349,4.136609094013637,5.131329703506894,3.12774976916843,3.0482788722777365
2023-12-09,15.840409608330198,17.639445995705923,4.44075629465421,6.77681745598687,5.701145719718934,0.8786172627549702,3.6913676362029713
2023-12-10,26.86609528320948,26.793753499264188,4.771368126919534,4.8643607218244345,6.6133722969563795,1.520497221670151,12.418568777076931
2023-12-11,10.660000170635648,15.74044161325667,5.396764898496733,6.664314582441118,4.648335683485667,0.8585223636367585,2.1997321500015263
2023-12-12,11.894494858205581,13.743345224338105,4.37358897046301,5.537744239102469,4.421332557528814,2.167393070790503,1.4457219525893528
2023-12-13,15.893093229558731,19.40347595228831,4.355714626520474,5.817558260969587,4.635324144860374,8.40938747892486,2.849640601299869
2023-12-14,10.736381955619388,14.583392785559761,4.260523256788783,5.3268983652951984,4.450379105394152,3.032685192761421,1.9864666737378964
2023-12-15,9.17858345905092,11.794166499332853,3.9605987236330256,5.394862651918201,4.3221879510890115,0.8627196245135202,1.253438082487583
2023-12-16,11.726770766624876,16.2605942877282,4.214507864295112,6.160535971786711,6.624091629949145,4.524792511771521,0.9545643395659659
2023-12-17,11.311094219674006,11.662958651782144,3.383264532161289,3.9952661717096962,5.248953579619726,6.054212029335235,0.21663951574034163
2023-12-18,8.96636832728704,11.25845852745692,4.349298921715419,5.749792626601325,3.967582571589153,0.8673192980644437,0.5563437997065648
2023-12-19,8.880404707660675,11.979807651693552,3.4635960221258806,4.987067800185944,4.269568468516667,0.8681281776449417,1.5059930664889016
2023-12-20,8.490147402333154,11.812906270482802,4.268223529238702,6.429474244179195,4.657245647363663,0.890695206184917,0.07488437001625697
2023-12-21,9.045542937433455,11.109719449185267,3.7577238834751974,3.9434425391091237,4.024500508557425,0.8639350271309747,1.315938732775052
2023-12-22,9.315377565277949,10.164117613449092,3.795445030749109,4.907721562431123,4.176280246199502,2.572274849358135,0.16346470971292917
2023-12-23,9.456864334638382,11.286112133335537,3.7712514390288456,6.036983264012866,4.854546522917218,0.8789380502785575,0.525610673201614
2023-12-24,26.86035186434216,25.055014388097128,3.993227561073833,4.9095870954333405,4.906371562788221,1.817249698783027,11.468138301427365
2023-12-25,14.030313069237605,16.791802983002132,3.9523352152840303,6.05666740726259,5.433638413732317,5.671697294191784,1.852882150050269
2023-12-26,11.295316687359282,12.620785627373591,3.693913715599908,6.247791093054874,4.296844474769169,0.8621478523397447,1.8248174071166245
2023-12-27,18.539275889932842,18.141652705550722,4.468633662052684,4.530807452373505,4.222821986792884,0.862565453857316,7.165917457473543
2023-12-28,19.072345200313993,17.628692363906435,3.7128542658789945,3.0069060738690707,4.419658014767964,4.378454201448758,6.912055037559403
2023-12-29,9.387587027867635,10.833921822931503,3.9847087335798475,5.620324227959315,4.238154325390922,2.4651706106779305,0.13331636519034704
2023-12-30,20.111188244921365,18.072946471898824,4.051032411799961,3.5933068230035565,4.300090801427629,0.8842060107707976,7.7723230626479785
2023-12-31,20.74205212585661,18.796538910829756,3.650360503808657,3.636824964235094,5.035984480212529,0.8860364331335492,8.273761303789616
2024-01-01,12.225376930851409,14.232567703863776,4.702185926352078,6.024150501102872,4.145966195234723,0.9032402527851529,2.535788802882566
2024-01-02,8.335565226131013,9.299267976512906,3.2626366674433815,4.429889055402543,4.094529291286468,0.8728867313316133,0.6762847425958846
2024-01-03,12.385525293557906,13.998138628692626,3.7614891460355127,6.689846253287001,4.323284074873394,1.9701228837940428,1.9033824974931606
2024-01-04,10.791127673015591,12.58108184048335,3.48916854604721,6.165785563669204,4.038073136837218,2.694116897006565,1.0942085951688556
2024-01-05,7.974891882141961,9.664066694263882,3.147178487293455,3.816198049624761,4.226367595128483,0.8542646040895251,0.9763373354437617
2024-01-06,8.975705276726616,10.737818394957646,3.6086947025669946,4.433414713880749,4.7663710320229,2.4575867966206872,0.45909488570133844
2024-01-07,9.854782638679081,11.175954247309367,3.8177489144558376,5.874580832802453,5.459855217375226,0.8813732374164793,0.3542155037196477
2024-01-08,8.255757126636505,12.102200885393351,3.75267080669456,4.378192823147244,4.272740048190223,0.8531581434901556,1.215563654475742
2024-01-09,12.743713580305313,16.919204535039267,4.573896297338803,5.631312967500686,4.860007076926761,3.361802575507164,1.7697182805980574
2024-01-10,10.920356720275878,14.113388494449193,3.8821131608878243,3.748632916265063,5.097125817377303,4.522747428566614,1.594616118300756
2024-01-11,9.565346196486153,12.155073039597404,3.7441560164668837,4.816279415215386,4.379495662381385,2.42501981549316,1.1278414647245405
2024-01-12,9.227180879325868,12.146804969952901,3.7377556731239956,5.914638940439224,4.394030708201727,3.0405420733949873,0.8799361826756266
2024-01-13,8.127150594624414,11.576080212629106,3.964487724314795,5.828714061040879,4.76957009334776,1.0107601665046477,0.08835526605314678
2024-01-14,9.808830609800552,14.230077966514163,4.2121466152339515,5.745549699035221,4.777896610898971,0.8658182217698628,1.172653669980632
2024-01-15,10.01604787469864,14.083713067215811,4.004256238056289,6.038726724024879,4.317230480416616,2.181562818726963,1.7834287010203471
2024-01-16,13.170685381351047,15.971019109857346,3.664834871177144,5.74119286016888,4.546681984491878,5.17042660609378,2.1726881437259253
2024-01-17,11.601983458037905,14.044184789797464,3.5808758883857723,3.2797639755015897,4.356017968754239,3.1071667816776696,2.730194832239681
2024-01-18,11.27745960097631,14.028515085879427,3.45799946018219,8.447427908702426,4.228302729863061,3.015939758187401,1.2103413700668013
2024-01-19,11.842520557543438,13.354131668866474,4.575527161056201,4.986514333552254,4.325431772487429,0.8556871011749903,2.343758212564786
2024-01-20,11.138051215449439,14.012238587303164,3.44203577703476,5.872806976742215,4.81362088215298,0.8664448090834088,1.6752731429955694
2024-01-21,14.655281887974212,16.973274459398056,3.7579720503483887,6.2107743531015185,4.957320915144814,5.152828000710276,2.278968360625108
2024-01-22,11.09370032076094,12.764692118837567,3.269664635110431,5.5316206285370715,4.353310556603537,3.1813106926896824,1.578674267119037
2024-01-23,8.786657061055502,11.387672270329793,3.419922518411213,5.918541075931128,4.322492000777986,0.8589100666051439,1.0705302635137242
2024-01-24,10.992945740776062,15.819656105999417,4.347443391897943,9.60911023900138,4.338913369568719,2.6688042559793264,0.6651760521186725
2024-01-25,9.642528933213551,11.51288559929318,3.392438002778689,5.5927105043877505,4.2017260814783315,1.6757841043339836,1.2851790323691898
2024-01-26,10.162439839680992,12.195497869667477,3.718891671719021,4.863146494691637,4.343080218819512,2.322916430033048,1.4254574986171722
2024-01-27,9.6798952799458,12.157001133177015,3.87934251065943,3.448396786433326,4.830689791632759,1.5775174670219423,1.284780706463125
2024-01-28,11.06208738732656,12.799579906641643,3.877083133069674,6.551097021607294,4.682198978728189,1.2169346396409144,1.0079943233039643
2024-01-29,9.350802448238799,11.556218569823372,3.710904607017305,4.652894706527922,4.139059922334883,0.8399272999736997,0.6899146911017101
2024-01-30,9.475278749516805,13.29291986395094,3.959305197271771,5.806371691981952,4.861980429127481,1.2921761974520154,0.8522842671529451
2024-01-31,9.18597062690099,12.099571616886989,3.951583073839612,4.223203426439497,3.9858138293149743,2.5580969985384416,1.1050523407819532
2024-02-01,9.523407112223309,11.409205553836822,3.3004714360533827,5.15853287074407,3.9491076606665714,2.4467334999201045,0.7067399299224219
2024-02-02,9.70031466798994,12.584537862392,3.9758370565589276,3.957230759247673,4.217397737490337,1.8753836295625899,1.0931625264385012
2024-02-03,10.528669185829159,12.407296629250844,3.796970367772315,4.947018519348568,4.886845579233169,2.9607659991645825,0.6699572694174448
2024-02-04,11.604714241873422,13.615891337170067,4.150631812886132,6.0441680057610405,4.888998779873318,1.3418282711187999,1.06492362058719
2024-02-05,18.469554465382892,17.353940289247305,4.7769620911942585,4.167970076931848,4.470033364511066,2.914297973453734,4.859221091656684
2024-02-06,16.271561816291808,15.429731864022145,4.632976655278736,4.016736484560437,4.014731424693003,0.8478047151830461,4.475800865672694
2024-02-07,8.523268741713629,11.46977993727578,4.002447309070163,4.016215900032257,3.856846277318531,0.8457201687192917,1.3420131691484982
2024-02-08,9.089253493472206,11.56910465813319,3.4427573043468263,4.262271311279932,3.8681793005530043,2.206555450012949,1.1223021065298717
2024-02-09,5.959697552615272,7.793594044757417,3.1312657641251884,3.27521799732738,3.125089144965278,0.844193165447447,0.23887878170437285
2024-02-10,6.690253213229709,10.480246195288764,3.5943510347705407,4.825017314971287,0.9325957409074571,3.307792276047601,0.10825947960959541
2024-02-11,9.80833839108997,10.924783799911076,3.466633280251821,6.499438795371585,3.2569641492239634,0.8617328008100721,0.9850396203811965
2024-02-12,14.538726539043852,12.644476197172803,3.2300056014113956,4.589693882898755,0.9797969349416098,1.685773612572882,4.208113025385274
2024-02-13,8.074670084412896,8.685849123359255,3.097886106894811,5.265092036359576,0.941231457746294,1.4068637011671066,0.8454084603073863
2024-02-14,5.388834668091669,8.196408685739305,3.3905530017842187,4.964139111515681,0.9324496016534171,1.6530699120102987,0.34258791504409575
2024-02-15,6.557668066921234,9.352052383001116,3.059671415117052,5.286722471228705,0.9340103941260444,3.780169792144563,0.3166025307952034
2024-02-16,4.223547997538248,6.6272015525436405,2.8451916280598106,4.111486627569198,0.9253332864157359,1.4371332389979892,0.0008484558926688302
2024-02-17,8.753026033613414,10.955162836187153,3.4182958505540424,6.054510251889229,0.9419894454325572,2.0723181426903934,1.0630461662048762
2024-02-18,9.117977858318753,12.849539592331782,3.392343355414602,9.380246290662555,4.460780990804037,0.8718449067942301,0.04065143355316586
2024-02-19,10.134704149506886,13.578890139673021,4.138778669079144,8.156253522432117,5.144113332022561,4.542959525703854,0.05804631221373876
2024-02-20,6.564723306460911,8.73890575381809,2.20972952843931,3.604420530619091,2.300025023336411,2.630201374573708,1.0976827179251776
