Time Bucket,1-Mains_A,2-Mains_B,4-Air Conditioner-AC Der. Altar,5-Air Conditioner-AC Izq Altar,6-Air Conditioner-AC Fondo Room,7-Air Conditioner-AC Sankey Kids,8-Air Conditioner-AC Hisense Kids,9-Sub Panel-Tab. Toma Black,10-Sub Panel-Tab. Tomas Red,11-Sub Panel-Tab. Media Red,3-Mains_C,12-Sub Panel-Tab. Media Black,13-Sub Panel-Tab. Light 480v Yelow,14-Sub Panel-Tab. Luces 480v Brown
2023-02-20,8.687644206526015,13.144646695582072,4.086052624910143,0.0,17.378813078715005,20.309519266323512,1.519913672955036,0.0,0.0,1.411639319525825e-06,,,,
2023-02-21,8.625440166829426,13.06394755160014,4.071439450461069,0.0,17.25740756847805,20.171822172071668,1.5112038146909077,0.0,0.0,1.3946012655893962e-06,,,,
2023-02-22,8.701172068585288,13.165686032931012,4.036018148819606,9.21614416440328e-05,17.374052980653445,20.182291251864967,1.7421649179948702,0.0,1.5846134556664358e-06,3.0194793807135687e-06,,,,
2023-02-23,13.24024995292028,14.935380159960852,4.1631180250295,0.1143282232157389,17.740843675405717,19.64998952852143,1.5174054943495328,0.8905981787363688,1.379573467678494,0.2835644117906358,,,,
2023-02-24,2.6622617450883648,3.8186245492045088,3.992449181344774,0.0,0.0,1.5804142303117117,1.53417518844578,0.0,0.0,0.0,,,,
2023-02-25,8.392969003312851,9.28232757155948,9.142342640687094,5.830594801851113,3.564418645796246,4.769220384084914,1.905753608960046,0.4316691569236914,0.4293890098582374,0.0,,,,
2023-02-26,18.33601262348493,18.29227078342014,18.599919859072376,14.801783777633242,8.850724123737548,9.968991327003907,1.554932670129405,1.2011599983172947,1.6435105310571194,0.2894515949764517,,,,
2023-02-27,2.4713724220678546,4.019636876207988,4.632083009223938,0.0,0.0,1.1449671042516496,1.7551783991061318,0.0,0.0,1.4352529578738743e-06,,,,
2023-02-28,2.4800168906762865,3.925177179356681,4.641240794424482,4.307379828559028e-05,5.989184273613824e-05,1.1478513075253698,1.5533480662910142,0.0,0.0,0.0,,,,
2023-03-01,2.476029128186968,3.9097826024140248,4.636625785293578,0.0,0.0,1.147561657669279,1.5293223155032265,0.0,0.0,2.8026420540279813e-06,,,,
2023-03-02,2.4772580962965223,3.901390935200585,4.6346339181137095,0.0,0.0,1.147707079893748,1.5141393739824829,0.0,1.4387265841166178e-06,1.4059246910942926e-06,,,,
2023-03-03,6.272281640626059,7.135433255935246,7.820878080012005,3.7281794700188113,2.606396112187173,3.639966994868384,1.718706450832155,0.4449484779548645,0.4265050413068135,1.3581352511639069,,,,
2023-03-04,9.896209592484372,12.103106964630552,13.530238183670049,7.524699235902891,4.524938069140646,5.557505128529866,1.4938594962631329,0.6104431290725867,0.7632997801240285,1.963314361993869,,,,
2023-03-05,18.468175935505755,19.657458225477004,19.415034632199603,13.504261723716525,9.676383603597484,11.303918414839638,1.82549664894104,1.1909010977066887,2.044121937338512,0.71299164546397,,,,
2023-03-06,2.6981377580451964,3.9068917481358847,4.12771202492608,0.0,0.0,1.5905431165409083,1.577236597416136,0.0,1.3987971676720512e-06,0.0,,,,
2023-03-07,2.698561089846293,3.90280765089459,4.126271107694838,0.0,0.0,1.5907545711962383,1.5726726217714946,0.0,1.6430013709598117e-06,1.5680130322774252e-06,,,,
2023-03-08,2.7081600754123265,4.00970728392707,4.14437215332455,0.0,0.0,1.596498346590466,1.765249918117788,0.0,0.0,1.5221818288167318e-06,,,,
2023-03-09,2.695306223015256,3.7529362999025984,3.8956918087853327,0.0019925105370415,0.0,1.5876131861601936,1.507095969968107,0.0,1.9830738173590767e-06,0.0,,,,
2023-03-10,8.769889625076717,9.086340920825537,4.202734135140314,0.1444727350913153,6.915350422562493,8.309340423013898,1.5343610103307828,0.8078811339897579,1.1820862237146166,0.150579353512658,,,,
2023-03-11,2.749405476275551,3.7774273175642223,3.6772911487706494,0.0,0.0,1.6189749563259546,1.741245370754401,0.0,0.0,0.0,,,,
2023-03-12,18.75333765233464,18.70593054975086,16.807300313048895,13.546640261247688,9.91193127227412,12.14254132261912,1.6274099085564084,1.264055686261654,1.7714797494941288,0.3867941637486881,,,,
2023-03-13,7.374137557911343,9.060170232045914,10.25664804453956,4.917319121954176,3.3830759301389586,4.914834796524048,1.5272428798190751,0.3321305193625556,0.0021894495121637,0.0,,,,
2023-03-14,2.7002480775600004,6.954200948058233,10.140677683376738,0.0001082032669915,0.0,1.5940161494498786,1.7500210338645517,1.4338997999827068e-06,0.0,0.0,,,,
2023-03-15,2.7993217287826537,5.1874446436966775,6.601106549500358,0.0053101142544216,0.0,1.603591261557473,1.548596360151238,0.0323212374072604,0.0351904240692986,0.0,,,,
2023-03-16,2.702118484194013,3.570724414143033,3.5006087081951573,0.0,0.0,1.591524553551144,1.5369123666591116,2.8660588794284394e-06,0.0,0.0,,,,
2023-03-17,2.717471027480688,3.6677572973258337,3.505068117673952,0.0,0.0,1.589019415985341,1.7349354382895168,1.43278612030877e-06,0.0,1.475777096218533e-06,,,,
2023-03-18,16.21134293704436,16.10590984420681,13.436487908971724,10.923261992672815,9.827517556819387,10.967111590470248,1.4814210539963153,1.1313140989557902,1.5559494756359524,0.6724633767472057,,,,
2023-03-19,17.609012132176044,17.322575719943828,16.682719118571374,13.54978719948398,8.992526661222776,10.601849453638232,1.5373118276343365,1.1023360403442384,1.817981160299513,1.6443523817992531,,,,
2023-03-20,2.252302825404273,3.872952677006192,3.932924313557943,0.0,0.0,1.558810457717048,1.7496484904911789,0.0,0.0,1.469089615389771,,,,
2023-03-21,2.246772760910458,3.779594350821177,3.948675741182963,0.0,0.0,1.5667980596076112,1.536918403773838,0.0,1.5250232484605575e-06,1.5097123282974294,,,,
2023-03-22,2.25229310956849,3.7925501599926417,3.958029239561293,0.0,0.0,1.5725432993708717,1.5485951574439472,0.0,0.0,1.4994086143591667,,,,
2023-03-23,9.14697049700207,9.506440755036673,4.352379751692878,0.2644163150109185,7.15845345577346,8.318238328155942,1.788746449619664,0.927517982605828,1.467061710209052,1.5377702530352275,,,,
2023-03-24,2.231954968562656,3.783492514849769,3.9604707461081614,0.0,0.0,1.575132683558994,1.5253039553753536,0.0,0.0,1.5353551050007344,,,,
2023-03-25,9.344378807057272,10.922457268335553,11.578355880519023,7.093019224048455,4.122784875735971,5.515632242208057,1.539906669227017,0.5293952385478549,0.5236951139101718,1.430048922189739,,,,
2023-03-26,17.89088391144011,19.12496832026376,18.8929418274604,13.022072344134648,9.799160752102798,11.115947440349789,2.1523334903195166,1.13509735941569,1.56298932665507,2.139135165472162,,,,
2023-03-27,2.4771921312056646,3.921333601784176,4.091966599108378,0.0,0.0,1.5614094688415527,1.6785844403823216,0.0,0.0,2.3977419371228748,,,,
2023-03-28,2.490668604387707,3.904486196125878,3.9648839018079975,0.0015758568636576,0.0001120332336425,1.5449355067737898,1.788299438241588,0.0,1.4265447192721895e-06,2.2950592135575087,,,,
2023-03-29,2.493890061857435,3.811575282139249,3.943144271630181,0.0,0.0,1.558637355355157,1.60867542594062,0.0,1.4091726144154866e-06,2.1914050040688777,,,,
2023-03-30,2.4077490688514707,3.776472780437469,3.92277026807997,0.0,0.0,1.551504511167738,1.5677439014450711,1.4516585403018529e-06,0.0,2.585191991396216,,,,
2023-03-31,2.4069400473997327,4.104127886098227,4.1873628597217145,0.0328339477475484,0.0,1.553169127017127,1.7716063039734629,0.0616999992173247,0.0004629595381683,3.062945182524787,,,,
2023-04-01,9.037689696913825,9.953827026983898,10.846537193573845,6.754365149521297,4.630356603661643,5.776303373390833,1.545238565150367,0.2669185870816972,0.4284057702324125,3.0677187568918862,,,,
2023-04-02,22.24764175373501,22.220608285458884,19.96411651574665,17.14697057739364,13.519131939574878,14.912928297137151,1.8182294416464704,1.2895429684638977,1.900215043504503,2.879212830454509,,,,
2023-04-03,1.8767322260750663,4.117217876862419,4.549941877216763,0.0,0.0,1.547807228439119,1.6207627739742068,0.0,1.5355239974127876e-06,2.6327913605647617,,,,
2023-04-04,1.877479730260637,4.138628477681477,4.562622866715325,0.0,0.0,1.5548538308419122,1.643371834746732,0.0,1.8204751279619e-06,2.6389995615471737,,,,
2023-04-05,1.8758043471442327,4.216123124923706,4.549924897732205,0.0,0.0,1.546250276355743,1.827126536971198,1.471480793423123e-06,1.5631469090779623e-06,2.630550875850253,,,,
2023-04-06,10.77499344495985,11.351798309815726,4.919617336328295,0.2611025842052036,9.899070541627143,10.934127167820405,1.623502104608483,1.03032080458747,1.4954598642052543,2.9246725246365872,,,,
2023-04-07,1.844288268648784,4.117264792166816,4.563176711595324,0.001636926275889,0.0,1.566768425881068,1.6006741068106227,0.0,0.0,2.6164410380130345,,,,
2023-04-08,16.08263410836538,16.78088914106793,16.70758750673506,13.946510465501678,8.935342053105037,10.082232124491794,1.790584086757501,0.6722044977696737,1.2903593513078158,2.571912263628642,,,,
2023-04-09,20.291057685852056,19.553115299481284,16.078348218926326,12.713713346060649,13.096266808170212,14.236277538825146,1.6199338151613876,1.3773139114390478,2.2533023412790567,1.320513035199907,,,,
2023-04-10,2.7131968236647714,4.058520313924153,4.223715595147874,0.0,0.0,1.575231955136193,1.816446682320436,0.0,1.5571129322052005e-06,1.667282051510281e-06,,,,
2023-04-11,2.698886154899598,3.9439922693528056,4.210202098566691,0.0,0.0,1.5655827571646372,1.610429121752315,0.0,0.0,0.0,,,,
2023-04-12,2.68843373787774,3.929880882642534,4.191900689222547,0.0,0.0,1.5610537124824526,1.6082982710234326,0.0,0.0,0.0,,,,
2023-04-13,2.708515842412313,4.049006911714342,4.241437443648445,0.0,0.0,1.5715465907287598,1.779402965933217,1.4343459076351588e-06,0.0,1.4889188607533772e-06,,,,
2023-04-14,6.0194768007553945,7.0129002603764015,7.731457870093452,3.859316044111517,2.419251215466923,3.8258127878952033,1.5715261649841734,0.1362916032854716,0.009665740846263,0.0,,,,
2023-04-15,6.0684184249623625,6.967509376525879,7.319044423281351,3.504692457654212,2.227622526170413,3.697077649007373,1.564644440624184,0.1746730192756652,0.1782149743600686,0.0,,,,
2023-04-16,18.28862910161972,18.46502562353134,17.083902298912477,13.890587344689102,9.5702096592421,11.336024616649151,1.9365974760174751,1.1892512099880643,1.7832677321751913,2.956934372584025e-06,,,,
2023-04-17,2.767874644858043,3.891117858214909,3.877213868762123,0.0012848831298616,4.729700724283855e-05,1.5580640075262384,1.8377803448462489,0.0,0.0,1.4561327298482262e-06,,,,
2023-04-18,2.7948702356232538,3.7945579083082417,3.8892127711613975,0.0,0.0,1.572533447154363,1.6167935207962991,0.0,2.7961986594729954e-06,1.4515341652764215e-06,,,,
2023-04-19,2.77230622762892,3.8154771352132166,3.9093340286212497,0.0,0.0,1.5775419608889685,1.6294553669656646,0.0,0.0,0.0,,,,
2023-04-20,2.777269845483568,3.917612062653435,3.916330717281765,0.0,0.0,1.581162268899282,1.8251427223391008,0.0,0.0,1.526745425330268e-06,,,,
2023-04-21,24.66388088040246,24.200361872109305,17.79713638341692,13.954076731340884,16.40713887938367,17.738914480760364,1.5718932539187536,2.193476117225224,3.239185665841632,0.1012718314827813,,,,
2023-04-22,16.573320571099387,16.663908243938025,16.56951947405073,11.79540627485593,7.868208624489042,9.43048304368231,1.590037068726751,1.0836664048194886,1.7125825200822618,0.4651591076931689,,,,
2023-04-23,17.469406318950657,18.283519365974005,17.190639159783256,12.508827743767103,9.227537290658686,11.023307126238082,1.82729365799692,1.0618501411848598,1.6594832404106192,2.186550656923983,,,,
2023-04-24,2.211544352075789,4.672315301492479,5.587654049263002,0.0,0.0,1.585270923336877,1.6546452887150978,1.4451918337080214e-06,1.3941778077019586e-06,2.9653220125982496,,,,
2023-04-25,2.214983082203336,4.432681165368822,4.922762970907423,0.0,0.0,1.5820963826931846,1.83963550841358,1.43153362803989e-06,1.4015384515126547e-06,2.9673627700106304,,,,
2023-04-26,2.2733596306673687,4.041121585229238,4.282638048674266,0.0013023957223362,0.0001137605306837,1.4273895604162747,1.848235703379313,0.0,1.408195628060235e-06,2.9367476973999875,,,,
2023-04-27,2.3753269191445243,3.748942550415463,4.216512391698625,0.0,2.3004652659098307e-05,1.13185786614524,1.6265239226534631,1.393692625893487e-06,1.4361671606699626e-06,2.9707197962612573,,,,
2023-04-28,17.731602654832205,17.766729498649173,18.59740937699636,14.135235298448135,8.494790255769624,9.498226574229136,1.621577226813634,1.1872460955015816,1.5651502700508964,3.053970044222937,,,,
2023-04-29,14.603537144351538,16.60247451992459,19.46179686332279,15.925302278923455,4.882484912658267,5.91001917169677,1.7647795781800486,0.5142951674058702,0.6270091654396057,2.902180367692311,,,,
2023-04-30,17.930821556612653,19.68197433834712,17.561082252561782,13.830678736780484,9.282677319054605,11.062891281326085,1.6024366599837938,1.1496813034672209,1.5520815038335325,3.053571924866571,,,,
2023-05-01,9.46176607433531,9.924159664537642,4.529203822996352,0.0342698616536458,7.6418227519856545,9.050588456415603,1.6332617371649214,0.919578440208435,1.5238431497026816,3.0917861217774285,,,,
2023-05-02,2.242529124505785,4.055035905818938,4.099024275631375,0.0,0.0,1.587523782697254,1.902973965309196,0.0,0.0,2.9820810324033102,,,,
2023-05-03,2.28353012237125,4.040512781280942,4.299881950441996,0.0,0.0,1.572310853129493,1.6908567226645683,0.0,0.0,3.012301201640234,,,,
2023-05-04,2.253875087032318,4.03498526930915,4.297571829770406,0.0,0.0,1.5721371077590516,1.6844551905353864,2.870378891626993e-06,2.8541987472110327e-06,2.9836097403823003,,,,
2023-05-05,31.172805109926863,30.87377248431736,29.844747753334048,25.83689497997151,16.46406832287285,17.743307531280518,1.9910638493850497,2.072602172372209,2.587028252468109,3.923062772089641,,,,
2023-05-06,27.64959198559656,28.257696063806744,29.511123244624663,25.199821354866828,13.332984193093512,14.853255099147155,2.072750392823484,2.186284215271208,2.329712471181154,2.661596624052259,,,,
2023-05-07,18.924662722939384,20.05793537850485,18.75065464987861,14.91986664911853,10.331726743595071,12.517237109959922,1.9359183144399856,1.230751283132765,1.7357983993257418,2.572789874617259,,,,
2023-05-08,1.8754316641108195,3.973828689543408,4.167526890186734,0.0,0.0,1.5668744296635515,1.6911573489907052,0.0,0.0,2.600406191287571,,,,
2023-05-09,13.64236708638933,15.656576719315847,13.701947820650735,9.127305244325797,8.876300487682554,10.642653520224886,1.678949926181105,0.8747605009608798,0.9703161418045892,2.594598061218262,,,,
2023-05-10,1.8625787452634173,4.431998453297085,4.900041417282953,0.0,0.0,1.5713013162284426,1.876941097385353,0.0,0.0,2.589617981219821,,,,
2023-05-11,1.8631310722944472,4.323079247457716,4.905006350309584,0.0,0.0,1.5644378398100536,1.6604990779572064,1.4274822341071232e-06,1.4318027761247422e-06,2.5859223148833377,,,,
2023-05-12,17.48144405541738,18.09504546533796,18.09067906945547,14.914710079660152,8.240994130769039,9.673948366417354,1.5212829888828596,1.1964443346956042,1.6510165629349811,2.484196891649035,,,,
2023-05-13,7.867073723595936,9.80532119542228,9.43838290702396,5.318628324731191,5.214892452517086,6.6110886190202525,1.7977384686226316,0.0175325135103861,0.5725094695197213,2.543557998847961,,,,
2023-05-14,18.13749695838292,19.648398287150066,19.429472460691663,14.634090838399462,10.030108283244768,11.827617565615974,1.6472876846008828,1.139430059686237,1.5305916824658712,2.5551400581338672,,,,
2023-05-15,1.8709502547687955,4.788579287151761,5.617320152087739,0.0,0.0,1.5604823786799114,1.8873652803119023,2.926816013124254e-06,1.8232374721103243e-06,2.5880379123687742,,,,
2023-05-16,23.70106334150738,23.8872754593828,16.754232698838976,11.759833553558456,17.720676056527296,18.940445736120008,1.6272853684277002,2.120547267663744,2.884902355039649,2.60820439388911,,,,
2023-05-17,1.8243687157821653,4.064712744884492,4.428104368053011,0.0,0.0,1.571300161007775,1.6098643791527218,0.0,1.4740604824490016e-06,2.546902304562463,,,,
2023-05-18,1.846358719827864,4.194268394474453,4.458894706446329,0.0,0.0,1.5734434811528524,1.836539191031456,0.0,0.0,2.5727223090786406,,,,
2023-05-19,17.90010077876621,19.27792342293421,19.6929434352027,15.9250484348917,8.191108391683366,9.750812625496122,1.5975721170311508,1.303450258191427,1.296505248324341,2.5855664605183075,,,,
2023-05-20,12.64974916253196,13.845327813794876,13.916835894131127,10.426157800278665,6.157630972810322,7.66625138230112,1.559221358830399,0.7889636877907648,0.9400871159707176,2.5184110067388743,,,,
2023-05-20,12.64974916253196,13.845327813794876,13.916835894131127,10.426157800278665,6.157630972810322,7.66625138230112,1.559221358830399,0.7889636877907648,0.9400871159707176,2.5184110067388743,,,,
2023-05-21,19.12271191515392,20.073591045686936,18.61250652475145,14.426703121860292,11.444445348034437,12.971482223154704,1.8012171545420754,1.1964693193478055,1.771227430771722,2.5727667050870258,,,,
2023-05-22,1.843268772110409,3.944010373700461,4.142967128011915,0.0,0.0,1.590239234271579,1.6212851320004462,1.229221092330085e-05,3.8508186605241565e-05,2.590268757080502,,,,
2023-05-23,1.8013668475871614,3.93381307173623,4.149133694788615,0.0,0.0,1.592069774336285,1.5981854683083956,1.5686195426517064e-06,1.9048364162445067e-05,2.5511726893933617,,,,
2023-05-24,1.8087370048692493,4.032133668041229,4.1565696914800006,0.0,0.0,1.5943780719301437,1.7868935028280153,0.0,5.859765609105428e-06,2.559176887696584,,,,
2023-05-25,1.8209977646340263,3.937938510833317,4.162042798656887,0.0,0.0,1.5965264742056524,1.5891156887094176,0.0,1.4479079511430527e-06,2.5717736335563663,,,,
2023-05-26,1.8216624951913625,3.934602557873195,4.154293270865546,0.0,0.0,1.5926180002095962,1.5938972539427545,0.0,5.764555003907946e-06,2.570515854303572,,,,
2023-05-27,10.587541790392134,12.069209542234208,12.4435152297465,8.929260997321077,4.870595654991997,6.365370373333825,1.8001014529339472,0.6208451229539182,0.6190881714570522,2.55855230330997,,,,
2023-05-28,18.49278500794305,19.01014920976427,17.753484469172157,13.474543513471817,11.0055129687553,12.503305540888045,1.5760107452268068,1.1070050938044655,1.5595912823443945,1.19506925823013,,,,
2023-05-29,2.778614117152956,3.9922705287912152,4.252897035672929,9.66862522231208e-05,7.770358827379017e-05,1.5776286949197451,1.6409797167828348,0.0,0.0,0.0,,,,
2023-05-30,17.91060804061042,17.784876550610857,16.749981462194654,13.126417795075575,8.184002444019052,9.697954459622702,1.818992210196389,1.2410434484778508,2.1558591160551708,0.6530869625657134,,,,
2023-05-31,2.2193409027777777,3.9693056349203326,4.22608917561849,0.0,0.0002813572290208,1.575579376607471,1.617279688536591,2.828576962153117e-06,1.4437141683366564e-06,1.5545923169003593,,,,
2023-06-01,2.3826037419721824,4.198696459888883,4.216421361978318,0.0,0.0,1.5720570259931352,1.722534889150196,0.0781746209907531,0.0861926595555411,1.6770349176206856,,,,
2023-06-02,2.1552402870676253,3.957654856224059,4.225461300794813,0.0,0.0,1.5748547617922888,1.5928615927290914,0.0,0.0,1.6953977376071614,,,,
2023-06-03,25.834293282231226,25.06797879610061,22.20467753268348,18.25779286011669,15.804912499689792,17.11307718274752,1.3475151356159314,2.2858730013216864,2.8457160779338406,1.7899734620526102,,,,
2023-06-04,18.25811079814593,19.14246500875685,17.645726804658047,14.157106085418066,10.593399325381917,12.265792619670234,2.253963608833684,1.030481944583257,1.6507532975704142,1.6851965361131562,,,,
2023-06-05,2.163289086898168,3.967511545037164,3.919859950837029,0.0,0.0,1.5740189030753244,1.9227122502027616,0.0,0.0,1.7168495579873195,,,,
2023-06-06,9.70264732860883,10.839098837593925,11.024195032196046,7.605919176165528,4.411656920158069,5.9084802166610295,1.646366486757596,0.5415804673834642,0.5415822851974433,1.6337576714420314,,,,
2023-06-07,2.133244738196267,3.9463372226312425,3.984454334998661,0.0011626100325584,5.561816533406576e-05,1.560907266040643,1.8260286267873973,0.0,0.0,1.9650434127928151,,,,
2023-06-08,2.038121325121986,3.7220147441842815,3.696383261445362,4.4507959153917104e-05,0.0,1.5637574897914464,1.649696839487023,0.0,0.0,2.598263542221918,,,,
2023-06-09,1.834652455692291,3.959291502598657,4.206694767625597,0.0,0.0,1.5631614233377245,1.6272675849575466,0.0,0.0,2.554956770769756,,,,
2023-06-10,13.940340030441282,15.262499130738576,12.15899819521798,9.032515538575916,9.040612069048615,10.359109102516172,1.8324529971249897,0.9814745449562868,1.1490041819519468,2.5137175843429564,,,,
2023-06-11,27.89173455847528,27.176694971629253,26.21167303642697,22.9562280130638,15.624799171150787,17.094274376939403,1.885187577211592,1.7630600762934154,2.7217797897635565,2.863294522022671,,,,
2023-06-12,2.294948124135335,3.808281972603268,3.896580285544925,0.0,0.0,1.5640092232778335,1.6282050228797065,0.0,0.0,3.0090207136302527,,,,
2023-06-13,2.280880286055671,3.920780402726067,3.900794890882704,0.0,0.0,1.570367815534803,1.8526968736653864,1.4818881617652048e-06,1.4707251389821371e-06,3.0001853518973456,,,,
2023-06-14,2.271936640050676,3.806288730979495,3.907108898709615,0.0,0.0,1.571371798021528,1.6179864444330003,0.0,1.459555228551229e-06,2.993678125949436,,,,
2023-06-15,2.2569413933838733,3.7918366389444143,3.898815763871936,0.0,0.0,1.5676330945958032,1.6004298083557025,1.4420711994171143e-06,0.0,2.974061934235892,,,,
2023-06-16,8.774671714136337,9.3004436675432,4.164502199168735,0.0100040331575605,7.290481154971122,8.59378539757093,1.7703309574227863,0.7735973754035103,1.1708457809109158,3.179962772907681,,,,
2023-06-17,12.4048744458029,13.206852385368348,10.725354862505592,7.377793734759755,7.60487481370555,9.055103622787264,1.547803621678617,0.8847174997753566,0.9402306137171056,2.921938406145308,,,,
2023-06-18,16.347078297949892,16.905299271057974,13.279010789065897,9.688542658176422,10.93990179418458,12.828288216373654,1.6604605382792157,1.043867222905424,1.5498469413683151,2.9615642987887063,,,,
2023-06-19,2.251766520729065,3.97538513405482,4.02962212849511,0.0,0.0,1.55315881910642,1.851785611122714,0.0,0.0,2.956085565683577,,,,
2023-06-20,2.30038105354521,3.8989735138638815,4.046655299500359,0.0,0.0,1.5585648697217307,1.6748587653848863,0.0,0.0,3.009579178418053,,,,
2023-06-21,2.2892812055397034,3.888166027740902,4.054185109973483,0.0,0.0,1.5496523597462972,1.6556816516672237,0.0,0.0,2.9928467897309194,,,,
2023-06-22,16.160568147888185,16.703137217894657,16.217570093070133,12.068974376298057,8.337885284600787,9.793143947883182,1.7958257942618263,0.950343225508001,1.7215853834576076,2.917421857657962,,,,
2023-06-23,2.2564841655593453,4.030361810184054,4.233623574504853,0.0009933219152026,7.468712700737848e-05,1.5549303148396811,1.759387081811163,0.0,1.4919124709235295e-06,2.9434668496757084,,,,
2023-06-24,15.769938600847455,15.631619844548968,12.206917859344484,9.180611889990702,9.89066019949701,11.183813547995884,1.5486452285766603,1.103185874303182,1.7773347282330194,2.9658460475179886,,,,
2023-06-25,16.751436030233176,16.838445768669978,16.007432806413433,12.33997399403678,7.6526987838485505,9.697288053073882,1.59408506013102,1.089528980916341,1.80407634044581,1.4171474695438806,,,,
2023-06-26,2.736714656863742,4.014100485064189,4.194724263788859,0.0,0.0,1.551283013711506,1.774678150639269,0.0,1.3920727041032578e-06,7.901605632570054e-06,,,,
2023-06-27,2.739857564158969,3.9284787911944927,4.225693554195828,0.0,0.0,1.5529825580702887,1.569576875974867,0.0,3.179519971211752e-06,0.0,,,,
2023-06-28,2.7543439608934195,3.933120202645196,4.236960656428867,0.0,0.0,1.5612184688292612,1.5664626632001666,0.0,0.0,1.7403564188215468e-06,,,,
2023-06-29,2.764060542585585,4.0387696856858994,4.227266373748779,0.0,0.0,1.5657493029806346,1.7847502574608058,0.0,0.0,0.0,,,,
2023-06-30,7.417145987120734,8.007512448351118,4.598633143043518,0.1399282722049289,4.446556254237493,5.885697019140455,1.5891621399445,0.686703862669468,1.232189008227984,0.1517393883101145,,,,
2023-07-01,8.126091246849695,9.894362143378787,10.31721569860034,5.251186870115598,3.223584548165004,4.685896403389242,1.8080208220436835,0.4910917394214206,0.5329037720882892,0.4981030080134338,,,,
2023-07-02,19.75895483148045,21.8569020432112,21.49858679570516,14.720487384476131,11.3637512906456,13.45477535834524,1.6639495248897875,1.2512282002576192,1.9638174185434976,1.979706597120497,,,,
2023-07-03,2.2265317304494645,4.545908271679348,5.2296463622072,0.0,0.0,1.5450078801398806,1.808748556433519,0.0,1.4245894220140246e-06,1.402774811588261,,,,
2023-07-04,2.227723974380493,4.422544240680272,5.227750089704724,0.0,0.0,1.5421821233230164,1.565469753142198,0.0,0.0,1.410692894639704,,,,
2023-07-05,2.2212421048026614,4.347948270250956,5.031381677360535,0.0,0.0,1.5499230846330854,1.6047508581055536,0.0,0.0,1.4554801100526915,,,,
2023-07-06,2.2318358258925546,4.3711177445093785,4.8926252259190885,0.0,0.0,1.542707600315942,1.800018300064934,1.3942372798919676e-06,0.0,1.3917884317277536,,,,
2023-07-07,2.2515974915525643,4.275620515102811,4.9254329631508735,0.0,0.0,1.558817327287462,1.5534603399189315,1.4325959152645535e-06,4.627100626627604e-06,1.375123634809123,,,,
2023-07-08,14.378731983412637,16.632841423267788,17.514763550313315,11.140955127419366,7.678768529414336,9.084496982077493,1.564020311566194,0.8304962089322673,1.1015436151239606,1.324681325513257,,,,
2023-07-09,37.382809317764696,40.13656263429005,58.40109271775563,51.267029226099126,11.565022902901438,13.349269104279411,1.7719055463488895,1.196274904461437,2.024969772866567,0.9983847643503876,,,,
2023-07-10,34.973893091261125,39.02570601162381,74.65061965996637,69.28660578030056,0.0,1.5305340955850812,1.3554045886079469,1.662343872918023e-06,0.0,0.0,,,,
2023-07-11,32.44406033782959,36.73345165001764,70.11187877448188,64.35400420498318,0.0,1.5424789558664955,1.311019843481647,0.0,1.417240169313219e-06,1.6349396440717907e-06,,,,
2023-07-12,30.970423709750705,35.51077999606662,67.5071059954834,61.46944782504612,0.0,1.5417015934615663,1.482952458775838,0.0,0.0,0.0,,,,
2023-07-13,30.523488969523108,35.0244069044664,66.7443371343316,60.59671296529135,0.0,1.5424054717593725,1.2753108790800305,0.0,0.0,0.0,,,,
2023-07-14,24.643287179771004,26.975886372578938,41.68643449797737,35.610780056937536,4.154233850404687,5.815826909226312,1.2826598372440867,1.0209432426680458,1.7338505072871846,0.2497121309399604,,,,
2023-07-15,8.368918532278274,9.866872498109604,9.682601200955707,5.0513334070486495,3.735518454786407,5.204760063181984,1.9063839346377056,0.4486397643767463,0.4508870505486594,1.400002506044176e-06,,,,
2023-07-16,19.26780909977913,20.001017720794675,18.157352574573096,13.78060972208023,10.99678038151847,12.972077065800558,1.5445164526777797,1.2446449538486537,1.7479704358445274,0.3700219397577974,,,,
2023-07-17,2.7544917232979667,4.171438094728258,4.576913980500963,0.0,0.0,1.558130584798389,1.703961127606498,0.0,0.0,0.0,,,,
2023-07-18,2.7342135598797275,4.062080170635647,4.554953168754579,0.0002949992802408,0.0,1.547045804007848,1.5170956421165998,0.0,0.0,0.0,,,,
2023-07-19,2.7435228346888225,4.075412969152661,4.568657125248378,0.0,0.0,1.5522676648341285,1.524320943710539,0.0,0.0,1.6432518429226345e-06,,,,
2023-07-20,2.7311899120140075,4.205018106998868,4.594991721132067,0.0,0.0,1.5520535375722246,1.7567107831515203,0.0,0.0,0.0,,,,
2023-07-21,31.77110883233812,30.95856737821791,22.10493708956401,18.1732584485107,23.51920003239976,24.78206464177662,1.507591966054704,2.716835626602173,3.816333624854882,0.8568104154572223,,,,
2023-07-22,19.371328305121523,21.453560974104143,17.758050361925765,11.714836005361343,14.48491020033492,16.7002317631997,1.826555162754059,1.2010334490337635,1.854912700368564,1.4711101837424445,,,,
2023-07-23,19.49023744638125,22.1836355710178,16.23025519724528,11.630333219206069,17.44197070107963,20.485990885891383,1.8026907029239327,1.114685199339125,1.6515946041403875,0.7783211895332071,,,,
2023-07-24,5.103708547070822,10.449777558841706,5.4180242645454415,0.0,10.192744556114674,13.524700573967827,1.538870557034811,0.0,2.8965442710452607e-06,1.4297583368089464e-06,,,,
2023-07-25,4.485572682481341,9.794997106056211,5.41140335226271,0.0,8.996553152783711,12.198310713710784,1.555590332576434,0.0,0.0,0.0,,,,
2023-07-26,4.423961893051994,9.812675709643894,5.415639064797295,0.0,8.886677392315335,12.067794593955147,1.719163409691651,1.4319928487141929e-06,1.393711699379815e-06,0.0,,,,
2023-07-27,8.058846322786543,12.559542995832231,14.64065906010098,8.981327672615052,3.544397417230871,5.745435301510495,1.5331984953059088,0.2033851335472531,1.1847433591886365,0.0,,,,
2023-07-28,33.77960289611816,33.709605212720234,30.68697934432136,24.25644317181269,19.37346896963914,20.779587312804328,1.4528956140547329,3.167086480992636,4.271030310399135,0.3369248224817381,,,,
2023-07-29,8.921746765439776,10.283891450992158,8.894306627869076,5.309827855352561,4.435020018149482,5.862865556308958,1.7016453530783129,0.5927383355217509,0.540840820239385,2.950069374508328e-06,,,,
2023-07-30,18.99106256347021,19.87100067311181,14.472066295265622,10.328944658755196,14.152309433158766,15.937236047735212,1.5905236747958926,1.2587089021632407,1.63875907658471,0.3295682405132717,,,,
2023-07-31,2.7331760744921363,4.415941488291422,4.98430111729092,0.0,0.0,1.5458539608245427,1.7595030662526026,4.34235519833035e-06,2.815932565265232e-06,4.353891346189711e-06,,,,
2023-08-01,2.711927989029354,4.287774193272061,4.9647065436850655,0.0,0.0,1.5362276833237545,1.5350404694623414,1.5404558181762696e-06,0.0,0.0,,,,
2023-08-02,4.088903178484175,5.622318605910406,5.009733315065172,0.0,1.0303762087527912,2.7272084214327066,1.5342505970205202,0.3077498878648546,0.407077268398073,0.0,,,,
2023-08-03,11.321775014456644,12.321495680669148,8.98655368455251,4.499387116510603,8.084495850658417,9.65440165399022,1.5176553853159485,0.9149370163811577,0.9903768864492576,3.03169051806132e-06,,,,
2023-08-04,2.744923138612111,4.01974480940289,4.220242606911129,0.0,0.0,1.551179028877682,1.7251429332378174,0.0,1.6010520193311902e-06,0.0,,,,
2023-08-05,8.953840300347009,11.450207684788175,13.737110206231014,9.794301075341702,1.7905752608532377,3.594991283036338,1.5369817583629826,0.2847174166954888,0.968993229058716,0.0,,,,
2023-08-06,21.12569325360192,21.558566503910484,17.039136501727633,12.617462458965514,15.606312992191844,16.994740588719043,1.7989457522625392,1.2551470002407497,1.7231313392194116,1.9900202080578275,,,,
2023-08-07,2.257144530393812,4.650078914485508,5.612998639742533,0.0,0.0,1.5480468350018397,1.5795978699127835,0.0,0.0,2.9582685777706565,,,,
2023-08-08,2.2280656641409133,4.677328704126146,5.693379009284972,0.0,0.0,1.5455281472237905,1.5586150975971749,0.0,0.0,2.9263254543495183,,,,
2023-08-09,11.175882915759615,12.37994177901162,5.977198887755076,0.0127123409483167,10.000997887648476,11.274359908629524,1.7351407962690455,1.160876685067283,1.5806606150425804,3.2168908121766,,,,
2023-08-10,2.220899564046672,4.675972508097346,5.729750940823187,0.0,0.0,1.5527883806383995,1.5134916742631537,0.0,0.0,2.923177129139506,,,,
2023-08-11,2.2149976038818115,4.696782215256569,5.754755476442812,0.0,0.0,1.560144251694508,1.5247555664341246,0.0,0.0,2.9214053368715422,,,,
2023-08-12,10.921472892718848,13.570472214431764,16.06320769477844,9.591722336206434,4.495107410643896,5.928261244986852,1.6955538644454216,0.6328353264617921,0.820214374466737,2.918752605476379,,,,
2023-08-13,21.68844158464431,21.55612803778331,20.99079174090068,17.175561780905724,12.225631705330478,13.641672550682491,1.941761646157636,1.2416676130358375,1.6494638021172416,1.495688797484504,,,,
2023-08-14,5.305432273286185,6.410325174783071,6.919290629768373,3.2650770970384286,1.7147432132614986,3.029638978220092,1.6144218331988656,0.1973266626845466,0.2060874963780244,0.0,,,,
2023-08-15,2.7041953851403124,3.983287158828312,4.320926220389472,0.0,0.0,1.5641319112470415,1.5312786865091323,0.0,1.4736800723605685e-06,1.394884056515164e-06,,,,
2023-08-16,2.7118986701393126,3.9878079135470914,4.331000852745903,0.0,0.0,1.5674812273459966,1.525792577917311,0.0,4.549311134550306e-06,3.071600331200493e-06,,,,
2023-08-17,7.804463958723279,8.885785456759137,9.243190849397449,4.983709007956982,3.2857313735930123,4.72785302353647,1.7110135281165435,0.3962274636978573,0.3735956690184275,0.0,,,,
2023-08-18,2.665925646383498,3.904617100230323,4.2089964431126905,0.0,0.0,1.5550932320223914,1.505233335326778,0.0,0.0,0.0,,,,
2023-08-19,9.741558547196917,10.584406151176031,11.563749343948366,7.821254626443385,3.85057658504698,5.310532535518011,1.4948070631980896,0.4817339594724443,0.4504872008694542,1.4467049969567192e-06,,,,
2023-08-20,23.11048629255825,22.49949669478311,21.00741671910498,17.833843864398006,13.687062108783191,15.084014475177126,1.9347115718407104,1.4048699780103897,1.9304977202118767,0.4090224659193887,,,,
2023-08-20,23.11048629255825,22.49949669478311,21.00741671910498,17.833843864398006,13.687062108783191,15.084014475177126,1.9347115718407104,1.4048699780103897,1.9304977202118767,0.4090224659193887,,,,
2023-08-21,2.371600932163662,3.584256668925815,3.541378126750522,0.0,0.0,1.5450253281529744,1.521762702272733,0.0,0.0,1.4443276988135446e-06,,,,
2023-08-22,2.404182760041554,3.591945082452563,3.568817715543111,0.0,0.0,1.5655739914957685,1.4887712654209135,0.0,0.0,3.072999053531223e-06,,,,
2023-08-23,2.4096914525731403,3.586017788747152,3.5760817793231543,0.0,0.0,1.5679473249499003,1.4680536256202064,0.0,0.0,2.824208868874444e-06,,,,
2023-08-24,2.4087537515809805,3.778908477683596,3.620389657300313,0.0031736646644274,0.0001756120077768,1.5405105739357732,1.843778042389552,0.0,0.0,1.414507230122884e-06,,,,
2023-08-25,10.876616781383094,10.8264522957929,3.506672274487813,0.1891918097178141,9.185343719673686,10.440205998548931,1.474595398988194,1.295406155289544,1.9719547513643896,0.0004426954019069,,,,
2023-08-26,12.909123758691154,13.525472770434488,11.318846957240632,8.195590862873399,7.555586141285897,8.900640301191542,1.4789941142810716,1.513444303693374,1.1185542698266773,0.4096686445401775,,,,
2023-08-27,18.42344329356829,18.516745663759448,13.888052867122225,10.625190744181738,13.481596406558351,15.114243681733871,1.7336498175154793,1.1547660971387226,1.710441163146628,1.8182221808422936,,,,
2023-08-28,2.526339496893353,3.6731667371495567,3.663156766607497,0.0,0.0,1.5488568307569297,1.5635088498486411,0.0,0.0,2.012183977544043,,,,
2023-08-29,2.510971057217916,3.6928994276597775,3.686376747194926,0.0,0.0,1.54290729233106,1.587310321967072,0.0,0.0,2.067659004618194,,,,
2023-08-30,2.5244106939888,3.8011677232509182,3.688244213358561,5.628654056125217e-05,3.938848442501492e-06,1.546192863930596,1.796463112200366,0.0,0.0,2.1258315757828288,,,,
2023-08-31,2.528985770517985,3.6728747466723126,3.6256006593460506,0.0,0.0,1.5457728315438164,1.6016976619166798,0.0,1.4333803123897976e-06,2.155057349064748,,,,
2023-09-01,11.230032780833778,12.63462198053148,11.410789332201215,8.415486090533733,8.698210724054972,9.890941533661946,1.5569354709143108,0.0001333955944908,0.7967882221512,1.895290913379457,,,,
2023-09-02,20.978261674514343,22.26621864075131,18.599360816727746,12.897180604279836,13.68707882828686,15.056238425399991,1.7552759671380784,1.9438216984558103,1.870899817296134,1.854366882630189,,,,
2023-09-03,22.6042199604755,23.91256721752166,24.15605891020881,18.129611902960143,12.557770082410444,14.19511098046091,1.773169159280459,1.4887444336964024,1.977977875134415,1.6670725743357344,,,,
2023-09-04,2.31923431983206,3.984265809858112,4.203143134057788,0.0,0.0,1.535067733186086,1.581259077167776,0.0,1.4087837272220189e-06,1.3640752885773446,,,,
2023-09-05,2.3035296392133504,4.070995932284461,4.185685200928583,0.0,0.0,1.5249138176907435,1.7849908727576995,0.0,0.0,1.4159139310950704,,,,
2023-09-06,2.2643984941185846,4.025103790493012,4.255900698178609,0.0,0.0,1.5324112800460394,1.6104098100180095,0.0,0.0,1.5850658149184118,,,,
2023-09-07,2.34705567811754,4.162404328929053,4.2954227088091095,0.0006392698351542,5.514484193589953e-05,1.5503157075828975,1.6314900061013962,0.05709434744517,0.0491739528181817,1.500202670469814,,,,
2023-09-08,20.82687170967314,20.580693966297574,15.470984197934468,11.39282906003502,14.096601127019191,15.192474763111536,1.749324151711464,1.8871358681048287,2.33319180064506,1.6657238835789103,,,,
2023-09-09,21.02204293126318,20.443283541611567,20.68884804309421,17.82705960340818,10.49407591135714,11.745559386903974,1.5827508089176814,1.314627583755917,1.8217118689748977,1.4855778340262833,,,,
2023-09-10,22.371652419677314,21.776750325879,20.68713092133416,17.475212434144552,12.058174118480949,13.474631944628822,1.8383506840949595,1.4718457829560174,2.1959623626115583,1.633876442932023,,,,
2023-09-11,2.323261695768568,3.959464345813327,4.194406484209696,0.0,0.0,1.5291458363130357,1.5486526258153386,2.931076553132799e-06,1.4650289217631025e-06,1.3695443309744202,,,,
2023-09-12,2.343376615640852,4.005233420143127,4.259349066912332,0.0005535647116767,4.023363325330946e-05,1.534651070042716,1.5678387677868209,0.0,0.0,1.3657991873770292,,,,
2023-09-13,2.264092250239054,4.0879248235299865,4.239152616250782,0.0,0.0,1.5241127878210274,1.7727365730720093,0.0,0.0,1.5698583579426342,,,,
2023-09-14,2.29620678861936,4.002050026859707,4.256083466411166,0.0,0.0,1.5343313046020932,1.5743871087519326,1.4024188783433702e-06,1.5109203921424018e-06,1.4975320034869513,,,,
2023-09-15,2.324174231495327,4.032821539741092,4.296970909665426,0.0,0.0,1.5600699015882282,1.5625455758632552,1.5214407444000244e-06,0.0,1.4118325379247134,,,,
2023-09-16,24.04375796806971,24.84521760331896,25.15245708967845,20.83027767854213,12.143633439353309,13.68604470916748,1.6737632676031853,2.07893848370817,1.91284690586514,1.20174903216256,,,,
2023-09-17,23.414110152963,23.299483249804176,22.27519218826294,19.04892487725576,13.580718359938198,15.223036541171602,1.6181156097854508,1.3689108756934272,1.882403296871716,1.570403090073665,,,,
2023-09-18,2.3467990218162544,4.062891910010444,4.187895353762309,0.0,0.0,1.5377307703600993,1.7611633382746914,0.0,0.0,1.435190926018821,,,,
2023-09-19,2.356365631406572,3.98524775575214,4.219433384950425,0.0,0.0,1.5516796597099305,1.5589653302412565,1.4372894499036998e-06,0.0,1.4687210247080855,,,,
2023-09-20,2.347788324133556,3.994991928325229,4.2186035586420685,0.000492555164761,0.0,1.5524690495109557,1.5718074389007357,7.73814598719279e-06,5.68064292271932e-06,1.5003235624147786,,,,
2023-09-21,11.497133243893517,11.62851875813802,4.502926933725145,0.2722858855144183,8.984070254764557,10.58473202471733,1.7493442397925587,1.351332237196631,1.973679991639588,1.843659257574346,,,,
2023-09-22,10.206553376517826,11.377231122576395,12.046846883299086,7.544279462121327,4.6818392098715576,6.107123820230696,1.506410443218549,0.6343857972802057,0.6955789408090379,1.3415048770833016,,,,
2023-09-23,3.124964248227013,4.302606744202507,4.716858781500923,0.122305048787064,6.421510484483505e-05,1.2986279785897996,1.532208384610282,0.4150181108343601,0.3158294517909156,1.4043963724882074,,,,
2023-09-24,45.15516870704544,42.81721628058965,37.47128896436479,33.26325491435368,27.06905988791095,28.413498235024345,2.06354342278772,4.111488251518011,5.490459192259046,1.4102822288172778,,,,
2023-09-25,2.296284093093872,3.7902706186760793,4.049614209471808,0.0,0.0003609883647494,1.106433678820928,1.7784388796909654,0.0,0.0,1.3600569208180904,,,,
2023-09-26,2.2745188234562344,3.825307054672241,4.105756607517665,0.0,0.0,1.1105187536737653,1.7843867587123976,0.0,0.0,1.482032501195272,,,,
2023-09-27,13.13978182685534,14.249458482846157,10.862432527539992,7.372925753934647,9.734430876525243,11.025881162830986,2.2114953529098296,0.8621389319780138,0.880014651866489,1.3479157646842803,,,,
2023-09-28,2.2464143974452546,3.861671444049412,3.961721046214634,0.0,0.0,1.5720019972080654,1.5351871268637975,1.6504993703630237e-06,0.0,1.578864186962048,,,,
2023-09-29,2.2782666701454586,3.849750659908718,3.978374144003127,0.0,0.0,1.5826908887534672,1.481357626376417,1.5230006641811794e-06,0.0,1.5158605306025348,,,,
2023-09-30,15.14377449059804,16.334113158594764,13.678288254623412,9.178587702644135,10.687321263553304,11.94796935126305,1.6760315706486173,1.1296947508939108,1.0553452064641318,1.374933636947605,,,,
2023-10-01,23.5042307614496,23.67321611930847,24.66568123948416,21.35242240495549,12.68631296345949,14.288319756904706,2.0027428139694536,1.2450896926678552,1.572871230600145,1.485452419402732,,,,
2023-10-02,18.97676417969598,19.47976512632369,25.82340165281932,21.810093946612145,3.0557350574146374,4.464970982908673,1.496296681600941,1.510855319551097,2.0743113084440763,1.3220624713554645,,,,
2023-10-03,2.3265762592082555,3.898026325215234,4.057890249608358,0.0,0.0,1.5806646495109136,1.4927455051477747,0.0,0.0,1.4171243157480822,,,,
2023-10-04,5.519667238135869,8.729153521247442,7.460361723183527,3.5949960375213625,2.0077740167284013,3.510018579113219,1.5054761991678345,0.2701515201294422,0.2527364690123664,1.368243201571968,,,,
2023-10-05,2.3111204676278434,6.674157575759889,4.035110483818055,0.0,0.0,1.5823453108861711,1.674952532662551,0.0,0.0,1.416891112093528,,,,
2023-10-06,11.746513570571471,13.498633903859456,4.701056077278984,0.0068375820414225,9.997556831233236,11.30918646673732,1.4757972401576571,1.3074254409874808,2.143698239116801,1.699738444147375,,,,
2023-10-07,11.064375156041253,10.93506124259313,3.7769224677488538,0.0,10.03659663138787,11.411551834317317,1.452525409939289,1.1809026243779392,1.5855051909716926,1.3263769376688532,,,,
2023-10-08,15.297968036972684,17.826145865915095,24.8030340511873,16.816083722797497,1.2357078049114014,3.0240494304996064,2.135491470152537,1.1714586228240862,1.4661909952788883,1.1255501646256447,,,,
2023-10-09,2.3274799325476754,7.664741144290499,11.735517708477442,0.0,0.0,1.5832457625314924,1.439733487039407,0.0,2.89917786916097e-06,1.4146110056067838,,,,
2023-10-10,2.28645897825665,7.677673887600369,11.76962974017673,0.0,0.0,1.5870763290235732,1.4279167393589025,0.0,1.7176780435774062e-06,1.526496468390094,,,,
2023-10-11,2.3004630356237628,6.110119964925977,8.59784729303148,0.0,0.0,1.5857523237864175,1.4286355554215109,0.0,0.0,1.4887507367595032,,,,
2023-10-12,5.43154695851538,6.947402441018422,7.523031516138712,3.555107188996209,1.73361643055439,3.2313988216834604,1.7084260420905215,0.1761237441190083,0.1958309537352456,1.5173030764816868,,,,
2023-10-13,2.2367061549780103,3.917733353129493,4.04469209174686,0.0,0.0,1.5783893742190465,1.548564481454955,0.0,0.0,1.6746608826714091,,,,
2023-10-14,10.273281914972728,11.96375011666616,13.656576969704098,8.645316359680493,5.721207516831291,7.118430747618147,1.358058691219489,0.0477471594177352,0.6133156791122755,1.4699544642742477,,,,
2023-10-15,21.783242105465995,21.79740176472769,18.73189299103208,15.327519461045794,13.218834593101075,15.012415805921558,1.9275847830658488,1.3972963818528916,2.092718436937729,0.918512504159212,,,,
2023-10-16,2.849680763821072,3.981362398747338,4.037623825191921,0.0,0.0,1.5825637602848477,1.681050389388932,1.5213718679216172e-06,0.0,0.0,,,,
2023-10-17,2.870819121858808,3.891729215655857,4.053104692887199,0.0,0.0,1.5926018526109058,1.4856241197586058,0.0,1.4486342006259497e-06,0.0,,,,
2023-10-18,12.396742632196217,12.218361365038552,4.509544090029399,0.1664313374294175,11.171849885092312,12.451959621511037,1.474380793896251,1.2896921682654487,1.7879692751501666,0.2381181829441918,,,,
2023-10-19,2.869570461228689,3.963337232964834,4.049913257492913,0.0,0.0,1.592297160047955,1.6380013935632174,0.0,0.0,0.0,,,,
2023-10-20,2.875106884098053,3.8865163151698647,4.05056089934667,0.0,0.0,1.5944305795182123,1.4791681829852528,1.4661296208699544e-06,0.0,0.0,,,,
2023-10-21,12.818147849488788,13.777814563742744,14.092819502800836,11.53905990592824,6.47803248097976,7.867426781609852,1.42305924820741,0.7642743069267273,0.7050558891465929,1.4114920298258465e-06,,,,
2023-10-22,17.86788305971145,18.267130897833507,15.620811267742582,12.484313467746311,11.539246212829749,12.874683789490597,1.666323067161242,1.199109547123379,1.6494470243438084,0.3230322217932012,,,,
2023-10-23,2.849099764908684,3.868026098993089,4.033377863354153,0.0,0.0,1.578568557748795,1.477543858555158,0.0,1.422289742363824e-06,0.0,,,,
2023-10-24,2.8722682362302137,3.8867474952973255,4.046495182571411,0.0,0.0,1.5899788989734651,1.4870051409573022,0.0,0.0,1.4975424607594806e-06,,,,
2023-10-25,2.8682474773449376,3.97392050974528,4.042759288991292,0.0,0.0,1.5865500280125937,1.670644454489814,0.0,0.0,0.0,,,,
2023-10-26,2.872868765765296,3.887718157759772,4.047068013742235,0.0,0.0,1.5903931535911562,1.488992926931646,0.0,0.0,2.919136948055691e-06,,,,
2023-10-27,2.852753126123217,3.863501099931929,4.031070985166761,0.0,0.0,1.5780790343983968,1.4718062623778978,0.0,1.553483009338379e-06,1.5367429786258274e-06,,,,
2023-10-28,2.878105803714329,3.895222067637973,4.086522369181314,0.0,0.0,1.5902037828413642,1.4617588270915878,0.0,2.9872114128536646e-06,4.62510797712538e-06,,,,
2023-10-29,21.653043005164463,21.606598723549315,20.686647825202943,17.03773032266829,12.086291759439838,13.510397451531096,1.8750130554620423,1.3488421481515305,1.700098787854645,0.2594368766135639,,,,
2023-10-30,2.875828620936076,4.6297012381320535,5.464619939002992,0.0,0.0,1.592192531501982,1.5595901745125982,0.0,0.0,2.9681396484375e-06,,,,
2023-10-31,2.851100456608666,4.627844937383864,5.401154203266568,0.0,0.0,1.577562961352666,1.6344048465267818,0.0,0.0,1.4309144020080566e-06,,,,
2023-11-01,2.8441740716171267,4.556465031288995,5.433519434594047,0.0,0.0,1.5750685957495372,1.4651272603935668,0.0,0.0,1.4339858955807155e-06,,,,
2023-11-02,2.874282527005937,4.563314371371798,5.450769748857288,0.0,0.0,1.5930592099359298,1.4400515210212597,0.0,0.0,1.528899139828152e-06,,,,
2023-11-03,13.784572788828442,14.659344269185327,12.36216982150186,6.925965348564784,10.462059574417804,11.748477015602296,1.6127417698241715,0.7061224108081393,1.0537724973192475,0.2127107775043116,,,,
2023-11-04,2.869349633556241,3.810620262276597,3.93170239012398,0.0143846424018012,0.0,1.5907598201561266,1.410370976043664,0.0,0.0,3.265982336468167e-06,,,,
2023-11-05,21.003798625082435,20.24252137052112,17.92235184009975,14.769465231174893,12.557808106155925,14.03452168939696,1.6356669061424998,1.3121387160555522,1.9350935325643752,0.3344628963600264,,,,
2023-11-06,2.868972256562975,3.798150024611156,3.895746560113695,0.0,0.0,1.586585939650006,1.45386930188285,0.0,0.0,0.0,,,,
2023-11-07,2.859302849390242,3.8137987873691976,3.89110094520145,0.0,0.0,1.5828033978006577,1.492498896799617,0.0,0.0,0.0,,,,
2023-11-08,2.8515009409756127,3.907655500153436,3.8863634715970368,0.0,0.0,1.5775250324662524,1.6910219236813648,0.0,0.0,0.0,,,,
2023-11-09,2.8417974768702194,3.8044071045409305,3.875321327616376,0.0,0.0,1.571731042225096,1.5015672530852426,0.0,0.0,2.889085610707601e-06,,,,
2023-11-10,2.8930899786440523,4.180397810031042,3.9211857586458,0.0,0.0,1.598686604458491,2.187180183113681,1.4880559179517955e-06,0.0,1.4533081319597032e-06,,,,
2023-11-11,7.140900132434632,9.306685273676976,7.986804651451113,3.831209207498763,4.649401951442824,6.103163683526781,1.5788397807600765,0.668476362806956,0.463508204421997,0.0,,,,
2023-11-12,18.62936378332349,18.304952673252952,19.16856220275879,15.606539495689074,7.681361752722528,9.469517709262636,2.0018828091584315,1.1804565749994915,1.777638271104495,1.4049328774744936,,,,
2023-11-13,2.600503100574281,3.857035094691384,3.965641535966661,0.0,0.0,1.5657289495213826,1.5168633681358232,0.0,0.0,2.1908207988320454,,,,
2023-11-14,10.217392524816724,10.321140252710975,4.283953143130408,0.008916888575024,8.449586193059286,9.755913920550878,1.528208690302637,1.0480570295461018,1.4046087393993802,2.1753722148915133,,,,
2023-11-15,2.5951422931883075,3.949320618161096,3.977174496260749,0.0,0.0,1.571414881146749,1.6812137813748254,1.5738136238522e-06,0.0,1.978218203682502,,,,
2023-11-16,2.617080326925913,3.877219850206375,3.98794952240944,0.0005016887834337,5.046902232699924e-05,1.5859767695140845,1.5098665838419063,7.806730137930977e-06,1.4191675186157229e-06,1.876845126164754,,,,
2023-11-17,2.6032284651480784,3.8603989252620265,3.981524843122694,0.0,0.0,1.5833073792976806,1.4859432790078055,2.8486833307478164e-06,4.700599908828735e-06,1.9376891553937063,,,,
2023-11-18,15.479178900853263,15.893300194447836,16.602030157233347,12.590986574658816,7.368094787339634,8.80581070854505,1.450190834154818,1.0277847815635468,1.1742643881999122,1.8276116674478848,,,,
2023-11-19,18.13256422189288,20.032325938368903,18.71715838344998,10.840108184469011,11.613066505764326,12.998625748548507,1.6892331293686231,1.2900310619947646,1.7650610886637372,0.7506382285576396,,,,
2023-11-20,2.805209493510988,7.646955941967434,11.665549155671862,0.0003451104609171,0.0,1.5807489341905383,1.4757378147925269,0.0,0.0,1.592211855782403e-06,,,,
2023-11-20,2.805209493510988,7.646955941967434,11.665549155671862,0.0003451104609171,0.0,1.5807489341905383,1.4757378147925269,0.0,0.0,1.592211855782403e-06,,,,
2023-11-21,2.791988489532472,7.61792801349216,11.632139515033298,0.0,0.0,1.5734198392232264,1.465500515871843,0.0,0.0,0.0,,,,
2023-11-22,2.8015147699779943,7.733315461603801,11.67059495759752,0.0,0.0,1.5781362646018136,1.6523839466394314,0.0,2.9591537846459283e-06,0.0,,,,
2023-11-23,2.568232727033827,7.0048528984748,10.717096798994277,0.0,0.0,1.4470899059051934,1.328355158879757,0.0,1.5520324971940785e-06,0.0,,,,
2023-11-24,2.789533039951325,7.653224534539119,11.72614262277391,0.0,0.0,1.5727644939062329,1.4450772218118777,0.0,0.0,3.0686940087212454e-06,,,,
2023-11-25,12.497146670608522,15.960345257882016,19.733205249481195,9.612344106583596,5.6644666606564,7.097057147667143,1.4356903371413547,0.7233072814136081,0.8154922729916043,0.5022617443226443,,,,
2023-11-26,21.69085718604829,23.75851566842397,21.89825658317142,16.84264816330327,15.460007330920694,17.580163439979554,1.6352814580141175,1.244304543524848,1.6728660069825914,0.8812824513852594,,,,
2023-11-27,3.735952811484867,8.586287719133164,4.76840147500356,0.0,7.375595723287795,10.412427786246408,1.4320203930250803,0.0,0.0,1.4810205830468072e-06,,,,
2023-11-28,7.318274398061966,12.0494833084276,11.554601852260165,7.0810637952115805,7.287795860324437,10.36153638645596,1.6117927848617235,0.0,0.0,1.5718807114495172e-06,,,,
2023-11-29,3.5313788944774203,8.39291121679518,4.77901394206153,0.0,6.969728886905248,9.984474265865748,1.4559447912576462,1.4692951573265924e-06,0.0,1.5108625094095869e-06,,,,
2023-11-30,3.463365097877715,8.377264968744914,4.767211768478816,0.0015748833052317,6.82144036503368,9.819468302321434,1.6033285352736049,0.0,0.0,0.0,,,,
2023-12-01,11.88000298743142,14.108120586806402,5.142344521823459,0.2142599501037597,14.394073936426372,16.498918850217397,1.4492035444916622,1.0542734294070135,1.579200553862519,0.2865493015315797,,,,
2023-12-02,16.825786349459758,18.55460099071502,19.124271155887183,15.084695861854554,8.758669372226928,10.38250222734451,1.6560684886950916,1.7969975391692583,0.9825520732197496,0.0844126315159267,,,,
2023-12-03,16.240481086766984,16.374516563296847,19.31050961014641,16.12278569444868,4.789746049658457,6.469600754343669,1.6257319690179823,1.0197407077601222,1.247283519440757,0.205835987522602,,,,
2023-12-04,2.664876875171662,4.019297801967198,4.319386853654651,0.0,0.0,1.558313497142792,1.5014703303909305,0.0,0.0,0.0,,,,
2023-12-05,2.666310145166185,4.037817044949002,4.3530494122611145,0.0,0.0,1.557872103362613,1.504994812520345,1.4995882246229384e-06,0.0,1.4491980605655245e-06,,,,
2023-12-06,15.98421827434222,16.23980599802017,14.458016242273118,10.251367126966583,9.60308488729689,10.85429272975498,1.667554771484004,1.17565999122262,1.6371987972874111,0.7298600834808087,,,,
2023-12-07,2.332704724082946,4.024160822508071,4.337369793027241,0.0006490068467458,0.0,1.5566772763898638,1.4903744813783966,1.4905934863620334e-06,0.0,1.316217006716596,,,,
2023-12-08,2.3023086280918115,4.057175256292555,4.376087709668476,0.0,0.0,1.581057227592468,1.492724767555926,0.0,0.0,1.4738014030770463,,,,
2023-12-09,2.290057934762108,4.146978942146301,4.38389749525282,0.0,0.0,1.5886483622423813,1.6558696103133097,1.3978003131018743e-06,0.0,1.5706496942982413,,,,
2023-12-10,20.70933022455851,20.707334803924567,21.360348847673208,18.300504234647224,9.746810286333297,11.413863850894506,1.894252903714975,1.2591121992337704,1.620269609363874,1.7772234143996242,,,,
2023-12-11,21.110614761895075,21.67612890201992,23.867373788227507,21.01063216102336,11.002671925066576,12.67381672776858,1.7888096736862924,1.0311362259017098,1.1328170957978565,1.1796217201088537,,,,
2023-12-12,16.513481174195604,17.865079357554116,31.46990261628892,28.815549880543816,0.1554223743078443,1.6990106117174362,1.6870108426417243,0.0131118861728244,0.0174033209504021,1.1296194071012071,,,,
2023-12-13,3.543321225341161,5.054030999541812,6.363690032611424,2.517893120583428,3.5565689934624564e-05,1.5467382209332792,1.5246781064677235,0.0,0.0,1.31043269598537,,,,
2023-12-14,2.321154247088962,3.88676085861206,3.990620229483711,0.0,0.0,1.5665464747577245,1.542182699256738,0.0,0.0,1.3860660346915985,,,,
2023-12-15,23.0555184194533,22.24899548274994,17.793378178655832,14.058127080744638,14.415506603382164,15.446183523198762,1.7088340346542996,2.056398289171854,2.8666778465200795,1.601544893744522,,,,
2023-12-16,24.12799962522507,24.262832441950906,24.51824746203952,20.63809401486609,13.862463763440186,15.004073030486635,1.479500275306172,1.5856408273590936,1.850257122373845,1.2119261448997922,,,,
2023-12-17,18.40498510360824,19.46892736228518,22.06418165359921,18.134853761317466,6.134752166449229,8.218322043205896,1.6930823215858144,1.2360194510565865,1.5868814147500196,1.3759123323724003,,,,
2023-12-18,2.3281909119415283,4.371493796831767,4.971780557399327,0.0,0.0075923590858777,1.5685879200935366,1.533790776819123,0.0,1.6364943981170652e-06,1.3903059287399715,,,,
2023-12-19,2.3166607555622525,4.3887434964582654,5.0017231586753,0.0,0.0,1.5691773162810008,1.53726855014907,0.0,0.0,1.394067045067019,,,,
2023-12-20,2.3701685262298584,4.372028477634854,4.963930227767096,0.1934380807696448,0.0,1.586371257431242,1.527271216932668,0.0,0.0,1.3828110193687015,,,,
2023-12-21,9.553532629194258,10.371971802181667,4.663299935251873,0.3285738816621568,8.162217420255608,9.503700867996216,1.721474083874226,0.9798854939248828,1.3129166990714602,1.6081920528258218,,,,
2023-12-22,2.33617127647188,4.144899557202657,4.529079815665351,0.0102837038697136,0.0,1.5752848631064094,1.512478579903444,1.0569636159472997e-05,7.07240581512451e-06,1.3865459723920297,,,,
2023-12-23,14.370119174070354,15.123059105678136,21.7907362823444,18.194569892322225,0.0,1.5719167910586465,1.4869318893718717,1.0095899555015564,1.2607554128110408,1.2645861883513134,,,,
2023-12-24,19.741902885412635,19.77733380820169,23.10147861721039,19.127133591327667,6.862163436357975,8.473975161780253,1.887255323854817,1.1720232746219634,1.728520764848656,0.7923896012014813,,,,
2023-12-25,14.11822570910772,15.674572639185586,27.616215415144502,24.1795307034572,0.0,1.5728112357298536,1.5220685518688624,0.0,0.0,2.9454423321617973e-06,,,,
2023-12-26,10.4186381161552,11.870961981217064,20.06075124454605,16.319387952532768,6.641560872395832e-05,1.54537564321412,1.5014014481539202,0.0,0.0,0.0,,,,
2023-12-27,2.838098129579756,4.050651783977084,4.387170769009061,0.0,0.0,1.556136712696287,1.5310536301077735,1.3909561104244653e-06,0.0,2.9347973399692107e-06,,,,
2023-12-28,2.712085124831729,4.206763955972459,4.398233334138658,0.0,0.0,1.564899017510944,1.701902616356744,0.0298364376498593,0.0333754324483871,0.5743350709425079,,,,
2023-12-29,2.403804716823366,4.068471113238864,4.40986108487447,0.025474833946228,0.0,1.5744142255306242,1.5186484189928902,4.702133867475722e-06,6.302284532123142e-06,1.2015112011316087,,,,
2023-12-30,8.72619931556066,9.825403032262589,10.701791603804692,6.7872915406778125,3.2701071580251053,4.722845980081559,1.4898250173679983,0.4701818716857168,0.5369446544251177,1.200897377716965,,,,
2023-12-31,15.137725365740456,14.835890417993337,16.66660784359826,12.50539831064383,5.652714506361485,7.648190197549395,1.6886738803839685,1.832130202951431,1.562018070907328,1.4238354383590484,,,,
2024-01-01,8.531317111643686,10.107213714027406,16.52067029738108,12.606750406875612,0.0,1.569974898572498,1.4843244009417962,5.090015199449327e-06,5.831204387876722e-06,1.185674088094102,,,,
2024-01-02,2.383920081409878,4.038143770230612,4.353513762931824,0.0,0.0,1.5563063998667397,1.5341833101272584,4.382820394304064e-06,4.4656083318922254e-06,1.2445040982258322,,,,
2024-01-03,2.3838966015169354,4.126903266743554,4.360035536922879,0.0,0.0,1.5589716187318166,1.7033383991318278,0.0,4.311359326044718e-06,1.207175798300372,,,,
2024-01-04,2.3635842820686763,4.025596380021837,4.353699883469475,0.0,0.0,1.5516014217185972,1.5156469592793784,0.0,1.5387539068857829e-06,1.24590947269294,,,,
2024-01-05,2.352589946800868,3.980399083107842,4.345756049734751,0.0005356853045357,5.374323632982042e-05,1.4679547112168203,1.5138789080172117,5.974686278237237e-06,5.782919592327542e-06,1.2760228482847742,,,,
2024-01-06,16.223786848833292,17.47854133278529,23.56975602450901,19.95738183226691,7.169762255171669,8.233955553282634,1.4639928681699437,0.0364723467563258,0.2783380585107538,1.1688729039386907,,,,
2024-01-07,18.92805234240532,19.20861107350561,19.744609050835507,15.971852832283972,7.176183727535672,9.00513160262956,1.9992135019384487,1.416162949661679,1.9865898559231228,1.8332975779687035,,,,
2024-01-08,2.6246520821486574,4.070689282355838,4.409658802460564,0.0,0.0,1.5458232292567362,1.5598840703566863,0.0,0.0,1.9749321364757748,,,,
2024-01-09,2.6030283254030016,4.081424933844672,4.411141081212363,0.0,0.0,1.563963898011314,1.5610922610640527,0.0,0.0,2.016037220352888,,,,
2024-01-10,2.612450740316179,4.194076737954881,4.425158226415846,0.0,0.0,1.5515972993331488,1.7826742454475828,0.0,0.0,1.8991045715998285,,,,
2024-01-11,2.704068279676438,4.114800510474312,4.390772342499625,0.0,0.0,1.5513175114716424,1.597574626660612,0.0153751355658637,0.0209396535656187,1.732569550746282,,,,
2024-01-12,2.6384126977252955,4.109511725713941,4.455767510837979,0.0,0.0,1.5580800948969524,1.5758656970103584,0.0,0.0,1.827129676828252,,,,
2024-01-13,10.281564975264866,10.977605065027872,5.179907201580471,0.1693687283388773,8.507433072486453,9.913866729256316,1.7481638751024673,1.047764382413758,1.3950241247134736,1.944851397349702,,,,
2024-01-14,22.74889416027493,22.547101066356227,24.8079637787162,21.38846548054165,8.972467923306624,10.787001808067956,1.5845390866729951,1.496841040420532,2.1853757349109646,1.8160319209281608,,,,
2024-01-15,3.6573337558746335,5.348446077168783,5.844866692810057,1.409033459956911,0.0,1.5506834123388926,1.7572900828009184,0.2287897495598263,0.2574699512179692,1.3487643241665097,,,,
2024-01-16,2.2784467345428467,4.121214201634724,4.495373639305964,0.001040253947046,4.11450285381741e-05,1.5462173799779682,1.5711952091526984,0.0,0.0,1.624037531781726,,,,
2024-01-17,29.686247272199,30.41519737024096,42.69092441043431,38.49954849884404,0.2301395730932553,2.600970599342981,1.7105157758079634,2.9590914126756456,3.309763745561176,1.190274872610304,,,,
2024-01-18,13.315479968150456,16.44345102148692,24.39682032365163,19.150612367271847,0.0,1.532882742945353,1.6966385677104523,1.5835617509078976,0.6611284225895669,1.3050721921216115,,,,
2024-01-19,2.5528557795715336,5.178113316713969,6.055527790442572,0.0593879786957634,0.0,1.5549600313833023,1.5333288376243908,0.1494587376864751,0.1215218354988098,1.5630365649818048,,,,
2024-01-20,10.241880336273493,11.37006075559459,13.05991819780437,8.099703812705675,3.9025077601218223,5.282529010508758,1.6276285960938757,0.9097819870698453,0.7215136125081115,1.4448040823523796,,,,
2024-01-21,17.65981881724836,17.313619306288274,19.39024332303066,17.154070810189776,5.73303219357729,7.214344546294838,1.318403997515352,1.3389237061219748,1.7285170546637638,0.4646661166578603,,,,
2024-01-22,2.873647848296696,4.08386198676851,4.372408722881742,0.0864360394101672,0.0400769130595525,1.5830496688026854,1.5887824507737158,0.0,0.0,0.0,,,,
2024-01-23,2.8218089386452565,4.0273103701697455,4.291216769235399,0.0,0.0,1.549049084731208,1.5915909874714746,1.4183321264055038e-06,0.0,1.43347077899509e-06,,,,
2024-01-24,10.234679810865192,10.73590038341946,4.76398808640374,0.1378239760229322,8.687408026543723,9.998217265045376,1.8061327415331203,1.003146242458158,1.3585880495366789,0.2153523118060165,,,,
2024-01-25,2.8207012309137984,4.028338220816719,4.293665142801074,0.0,0.0,1.5491893374930483,1.5914873816596136,0.0,1.3919832971360947e-06,0.0,,,,
2024-01-26,2.8377548186620074,4.039557566676669,4.308128126318191,0.0,0.0,1.5583556043105655,1.5915410285231797,1.5632722112867569e-06,0.0,1.4819512102339003e-06,,,,
2024-01-27,21.6519951786677,21.44571774330139,23.343384722582503,20.511921535912087,8.45748005408446,9.773878369466992,1.74754648594194,1.604138760985931,1.94372986720668,0.0,,,,
2024-01-28,20.737518297340607,20.67365436798519,24.778968064871894,20.978599643637867,5.97174481368012,7.91147604827881,1.5871050886199212,1.3195494767623477,1.806859285151164,0.3967469025932418,,,,
2024-01-29,7.15320034713957,8.105066658876208,11.146734637413026,7.511260652536285,0.0,1.3184124056318074,1.3734323056525657,0.8005528661738502,0.63342394715733,0.0,,,,
2024-01-30,2.8315549520238243,4.196637589990828,4.431559105494817,0.0005451188781526,6.146911833021375e-05,1.5537853665680357,1.784542164960967,1.3937388526068794e-06,0.0,2.8419388665093315e-06,,,,
2024-01-31,3.243364319877624,4.780973703757391,4.892109120301141,0.6313704869778951,0.0,1.5669540408749052,1.600819203752147,0.2214247367604573,0.2088163722630341,1.4074387815263535e-06,,,,
2024-02-01,3.5354556610722017,6.160715369580587,4.40780916829851,0.0,0.0,1.553631779663298,1.5799438769494163,0.2976046093802982,0.3408729288416439,2.831123140123156e-06,,,,
2024-02-02,2.8583882232422297,6.872098061379328,4.436400253350999,0.02585552441544,0.0074483722387419,1.568357136735916,1.7598765695786474,0.0,3.091124561097887e-06,0.0,,,,
2024-02-03,12.735530985737904,15.321596484620832,17.560273098826936,13.166204230554367,4.324238854307864,5.784717270474963,1.5409889154044785,0.4897663763131036,0.6463277241897583,3.130334615707397e-06,,,,
2024-02-04,21.05776009032355,21.0343771315066,24.342097663082544,21.50653296395832,6.362973097691007,8.441727416587405,2.038191946085293,1.342390432951185,1.6077320325787865,0.4326887897523244,,,,
2024-02-05,5.145110053342182,6.64765237426758,8.729085370407104,4.900002319571708,0.0,1.5450349329577553,1.5701602152514458,0.0001402142573727,0.4029080488088395,0.0,,,,
2024-02-06,2.829604347390068,3.8187246714252896,3.88561969294866,0.0,0.0,1.551564101389779,1.568899801589648,0.0,0.0,2.9221096303727893e-06,,,,
2024-02-07,13.350475811460282,12.94119241330041,4.092268555522496,0.0152762055842081,10.30935545040687,11.616457623265584,1.7676216656369634,1.7357627904807196,2.8573177347819008,0.9126072428876824,,,,
2024-02-08,25.087882716382342,24.65822470037249,6.876090779536565,2.4818846373150083,25.24533654094325,26.763767435980903,1.6981887800232571,3.0002257238705954,4.259186321964264,1.2183693824799855,,,,
2024-02-09,2.3289234913995527,4.032548526961008,4.36284759168413,0.0,0.0,1.554645393197801,1.5090383300905754,1.4270804988013373e-06,0.0,1.316821476251152,,,,
2024-02-10,24.53530734072898,23.93271454945033,7.409437530890572,2.875122493314743,24.200836626367305,25.21137632106252,1.742194993527201,2.942026605474684,3.883732151647144,1.40639937330895,,,,
2024-02-11,18.36324714210298,20.36753434203254,26.592645904757184,18.90390191522492,6.011407609169218,7.947518675206502,1.802990159596337,2.0958936336188847,0.9125582476875518,0.797491317893929,,,,
2024-02-12,28.92892445537356,30.24158002331628,9.435407872183058,1.3230007344410155,31.27253492821401,34.50514242601394,1.792616912047598,3.233915937416818,4.653589419170618,1.327147278718816,,,,
2024-02-13,10.185856645304238,10.145858226910756,2.118650615530408,0.1495208149037297,8.523447842492237,9.575135136375238,1.0253701605059968,1.639419425930239,1.941202231877801,0.9014534160983948,,,,
2024-02-14,0.1026546828942383,0.1014681841434354,0.0017575231638699,0.002707718564295,0.1634972674709318,0.0019492061054245,0.0028255533875832,0.0134641288875466,0.0032997538868254,0.0017761143444603,,,,
2024-02-15,0.1026546828942383,0.1014681841434354,0.0017575231638699,0.002707718564295,0.1634972674709318,0.0019492061054245,0.0028255533875832,0.0134641288875466,0.0032997538868254,0.0017761143444603,,,,
2024-02-16,2.809928725927352,2.674357957155913,0.367592700066341,0.4833931539112328,4.770575311780447,0.2549693677012295,0.3335835011635338,0.6066159621375374,1.0764183095671498,0.1909987175554394,,,,
2024-02-17,27.52528931117375,18.1810785182794,13.318067686108485,15.185126769809722,22.707399586498468,4.363287282414967,0.7693997318236031,2.0254053035312225,4.650299740879273,0.6334310597885979,4.971075130379995,1.935007783313328,1.6627698233922323,1.4036408824369642
2024-02-18,20.17805694385528,14.13311676252365,10.788973556377623,11.644880812650255,15.523615249503454,2.8161348561191555,2.2887745400145323,3.5629785354285777,4.1515586952432,1.8800665149847664,7.612202123229105,2.742208044012917,1.878841193849775,1.7431745649634467
2024-02-19,8.63415929107666,8.4330886113294,1.1126271343326568,0.6364354819530912,15.583448676779533,0.45310729763031,0.5856852292042307,1.569129745708042,2.644082889781528,0.584819728053411,1.0498862858826583,1.5506769810385173,1.443933630223274,2.184794592881468
2024-02-20,12.28849120326254,10.88305569940779,4.842756056370207,2.5204784242195553,17.235663689904744,0.2853392052163018,0.3716038842058182,0.9683134103361765,3.0694791855250463,0.3675108322932985,1.7198530649725599,1.4271435323958925,0.6227936300004854,1.686947299753825
