Time Bucket,1-Mains_A,2-Mains_B,3-Mains_C,4-Air Conditioner-A/C 5 Parque lado Cochez,5-Air Conditioner-A/C Gimnasio lado Cine,8-Air Conditioner-A/C 6 Parque lado cine,9-Air Conditioner-A/C consola gym lado cine,13-Air Conditioner-A/C Cine m√°quina,15-Air Conditioner-A/C consola cine,17-Air Conditioner-A/C Consola cine,19-Hot Tub/Spa-Bano turco
2023-02-20,31.539494302868313,31.587763684628808,11.17396113992903,0.7051088859685262,50.74207970128377,11.476836535269419,2.703700520448419,10.893897659036849,0.7809460109284189,0.0,0.020873084744347462
2023-02-21,28.777385637946658,23.98836215012444,7.055126383947797,0.7030009836694929,45.913568578300485,11.426276580314637,2.7054438288683356,2.2401011800787187,0.0,0.0,0.021255758421421057
2023-02-22,30.96889228362401,28.096901746646036,11.541962436276542,0.7054835528871748,47.283500925161576,14.46592343928549,2.7258084834501477,8.560609756541783,0.3485128934457567,0.0,0.021708243907822507
2023-02-23,29.2492072100597,24.50143801878823,7.033607466464571,0.7044169479327731,46.91824877754212,11.391437150011061,2.694811839106613,2.2425575571166143,0.0,0.0,0.02134380348920822
2023-02-24,31.212175885052158,26.471040263491737,9.017587188453676,0.7017797559452058,48.903147660446166,11.10340293666098,2.7012950261057753,3.6911510122553506,0.06710135800944435,2.108738677531348,0.0379704256717364
2023-02-25,30.971181955250636,27.167084221399094,12.11153269720501,0.7062614758348464,45.60808916376325,11.438435345693167,2.7019621966176555,8.173699422692195,0.42144291221353747,4.197638316054874,0.028966186725563475
2023-02-26,31.594604656263993,33.010304495052765,15.240479387137096,0.7103409655205407,48.09891958990309,11.56312271417406,2.5693586989553774,16.16560983504825,0.8007286186475224,2.6507659444003635,0.03200398190895717
2023-02-27,30.63960472938114,26.566100544891356,7.410617123831644,0.7032741866530313,49.6137801824273,11.523603347401087,2.669016679975722,2.8927059654002716,0.039275408839649625,0.0,0.020242009453243684
2023-02-28,27.95018340438631,30.779426393612756,14.15898189394421,0.7030966324414147,43.42716544409011,11.458480542511408,2.6921512527590328,17.28693205721961,0.8290984916822116,0.00209824951171875,0.02112520365450117
2023-03-01,31.728264439987605,34.25156553003947,12.767716984365252,0.7017592738193936,51.65082570755004,10.836314133497874,2.6904887384772294,15.031843732859295,0.8021172836059994,0.0,0.01976710538837645
2023-03-02,36.9974875865237,32.24100250400967,8.847824933154849,0.7012760386594137,59.799394613265996,11.531906310104793,2.6561374132349753,2.9092357976892256,0.03984924188110563,2.7698079651302763,0.02995612797048356
2023-03-03,35.31583797995885,35.31324645231882,10.883133120722238,0.6999240043576559,58.2131323593055,11.710712574240368,2.671946198707422,10.068179947230023,0.540736510145929,0.0,0.01904773405075073
2023-03-04,38.50263687011083,34.557170317571426,12.433717668117946,0.703976217809783,59.40998031903161,17.434679621398715,2.672563060890039,7.624459314467113,0.3968760914569431,0.0,0.019273945825629763
2023-03-05,37.33176215778987,32.34402463447994,13.703675850956175,0.7012843188179863,55.2335746059884,17.155363830453027,2.509284775000678,7.405529351124232,0.3269121864435408,2.6755361909951105,0.019706021946271263
2023-03-06,33.8158014131758,30.746592509242156,7.91494651245541,0.6985407510736256,56.16219647438049,11.42898058718999,2.6558887925733465,4.1083006702423095,0.08346392724408044,0.0,0.019057108420001138
2023-03-07,32.83634649156994,31.04783868355009,9.497915568982231,0.697795988181432,53.74943691681332,11.70036306621975,2.666722454097536,7.292451271603903,0.27270097676674526,0.0,0.019293469342390696
2023-03-08,29.868134781648845,23.033909110914863,8.996275826011233,0.6988529822916455,44.081967159682385,11.590783336382971,2.668806154856682,2.231307361818949,0.0,3.7696935867648658,0.020053709291881987
2023-03-09,28.703046049690244,27.396862933332653,10.271208411225214,0.6942117673518922,45.271019463441625,11.56410148393419,2.682659668339358,9.123827506910958,0.436476802359687,0.0,0.018615388490623896
2023-03-10,32.000918158130645,32.663495213991794,10.330496412473254,0.6948160968181822,53.13983088155958,10.281356690297658,2.6844503169009424,10.709772975847454,0.521120025551319,0.0,0.019075907403098214
2023-03-11,40.504944210908675,37.26444095853806,7.29870443693373,0.6934292912069956,69.36172181800416,11.967920765442315,2.6580919405253725,2.2301113351355655,0.0,0.0038116685655381947,0.017672450548542874
2023-03-12,42.840790807543854,40.6219585169983,17.12192815302001,0.6965410979541143,63.745482117186654,18.285468795824052,2.5835582639575008,13.442582520292069,1.1224312457590633,2.6266664855278865,0.017798000067869822
2023-03-13,45.432678580176045,45.009588792249886,10.044761402355832,0.6903231760517756,77.76626025860679,12.312817247623865,2.6667095614091547,7.671691923120287,0.29840317323499255,0.0,0.010529535693062678
2023-03-14,44.915711186455624,45.09981955382454,11.28133873213768,3.0438388247431645,74.15366506600698,13.14980976665497,2.854714043426778,9.537732168306775,0.7314972878657447,0.0,0.0
2023-03-15,33.709309093509255,30.437248891306982,9.538556204333837,0.6277057918522093,53.97458205361684,13.744659006504483,2.529530405986309,5.130398147672017,0.15607865922583475,0.0,0.0
2023-03-16,28.5277984049352,23.805753619615768,7.063715251345104,0.6636745989338557,45.415644204906876,11.447061493526036,2.6916645762851497,2.132141922331917,0.0,0.0,0.0
2023-03-17,34.28335634697385,31.253146312423283,7.4321275779883065,0.6946032784435484,57.67981659444596,10.641996882295608,2.9120704572603437,3.0296417601331065,0.03720059096362855,0.0,0.6654118311256834
2023-03-18,36.80347486239539,38.71674483807458,2.5096694690174526,0.6897056427902647,70.76424782770367,0.641631784327825,2.8791764004532503,2.239159919870165,0.0,0.0,1.5197972763125105
2023-03-19,36.01385763600031,45.648210148362054,8.992477419100865,0.692974060561922,69.38456538049061,0.6378066677443187,2.9077592200628914,17.453996084986795,0.8685734412958888,0.0,0.018408143599298262
2023-03-20,40.42099552467134,35.58227179422591,6.852552900906669,0.6914413706964917,68.88226557979159,11.651091015171474,3.8534212403501398,2.2124052203920153,0.0,0.0,0.017216309988498688
2023-03-21,37.75099094023599,35.19940532822079,8.214635496887633,0.6936401605770323,63.87603237044017,11.689277495118244,2.8406361543223593,3.041453582011328,0.038435651400883994,0.0,1.1954167302536964
2023-03-22,37.387617255984416,34.06399639388191,8.35801773364703,0.6972997429784138,61.35276880658891,11.645826007927788,2.846367253056367,4.591447045379215,0.17465370256768328,0.0,0.01798147961033715
2023-03-23,34.6235996505822,33.6660484178204,10.321131449375152,0.6961359156237708,57.266427350014574,11.506867685838273,2.8299826419242224,4.000646857011583,0.08731442098352644,0.38813193481445313,4.601459590100181
2023-03-24,44.10105131881078,52.666980430950595,23.355953027571573,0.7006883473671807,70.04248372929042,14.77361605249299,2.8805503153093657,30.24075478615655,1.2117740397577812,2.84970332189348,0.09405588911188971
2023-03-25,42.21836530959659,43.24596683674284,9.495982181578743,0.6967382222392823,73.9548660910034,10.392252405952878,2.858078698644373,8.609261380678813,0.2817425475470225,0.0,0.019102452144887715
2023-03-26,43.77606908061133,47.279626042264304,16.343791470300886,0.6952335397264693,72.22576987851036,12.457292283089956,2.7841729492269622,17.811011949696013,0.5452145344948771,2.669728594801161,0.01807838681856791
2023-03-27,40.07774980343288,36.47045194062551,7.316216530117459,0.6922741834031211,67.79711281537374,11.782260137854681,2.8084822442939545,2.262013995596568,0.004359802074432374,0.0,0.03466178330739339
2023-03-28,40.229856252006954,40.39968063798693,12.871988490390777,0.6919158842102688,65.98984462932586,11.621780791755251,2.823429942794641,11.930597525363495,0.46186730548434785,2.688830763888889,0.017498614427778454
2023-03-29,36.96171663496442,37.265196264739565,12.76713700574345,0.6946765895525615,60.259348728769105,11.609206733340157,2.8141078513977265,9.09663982626809,0.3319424017132653,1.8878415682644314,3.30270496635649
2023-03-30,33.10801259098053,28.8023333902359,10.169938299962151,0.6956541097535027,51.895889917967054,11.343422474219002,3.0594560317762687,2.754079332646264,0.02646133310953776,2.7310322058275007,3.2570831169756254
2023-03-31,45.850943786654994,48.56500746342765,14.694026808464264,0.7009180582592223,78.77936621506586,12.444097242839602,3.3275253741568993,17.33099643006219,0.719671325905588,0.0,0.7406644654014376
2023-04-01,43.99471717490726,47.938143204127414,19.695539489042492,0.7078318955304889,70.21105976363712,11.658565344820023,2.7840219390638663,22.008607771371203,0.8048351811785168,5.370498786400688,1.0145149262576634
2023-04-02,40.93398143417994,37.068415132641256,7.216649046987958,0.7069917624192769,70.32059796268888,11.653765805501937,2.6913600525840127,2.217115090213352,0.0,0.0,0.01683422640297148
2023-04-03,52.998887672320464,49.2465890671179,7.053760693309571,0.6993245007514953,94.72261891415913,11.612769835118186,3.2972354887710673,2.47596191212972,0.014983616342014736,0.0,0.013350699315071107
2023-04-04,44.11285795206282,40.018135337621906,7.683586720550325,0.6993029031997258,75.63811742969088,10.438152932537927,2.7376693533452348,2.1903527239206104,0.0,2.2022374448649087,0.01988289063533148
2023-04-05,43.24266617507087,42.71206751499811,10.006645165777208,0.6996238884332444,74.73145474739076,11.623227375400333,2.7454180347641306,8.124658927285937,0.3182038986049758,0.002387110053168403,0.0400146220530404
2023-04-06,47.98290660199484,39.113299901913535,16.042393119482465,0.7017420877917607,70.7898246770562,22.178004196098115,2.729441995062563,3.267661318058438,0.04849873560322655,4.228516126030816,2.6159726701278156
2023-04-07,51.98083490218903,44.40254011462742,22.359223151897854,0.7105328401348326,73.15068659836665,33.365848877489306,2.7716383378431524,13.01068663500044,0.5255271623463101,0.0,0.24158877076307933
2023-04-08,37.22624253961563,42.49088765833961,14.776762969726986,0.7025790754720899,63.30938827399784,10.177925241847571,2.792613875700368,19.825065324984656,0.9497951334971851,0.0,0.016318035479121737
2023-04-09,37.8541879521749,39.81315135741683,12.79118146998078,0.7077595634681274,63.67975210738014,11.658325504572558,2.5914135924507997,13.878470356168929,0.44761799744738473,0.0,0.01733972611959329
2023-04-10,39.21649631989609,36.51516869643399,7.949871830292904,0.699308543645711,67.28731362973807,11.088615769365733,2.7439333121756238,3.7487051446118103,0.07055449141184489,0.0,0.5971424564941504
2023-04-11,42.054241813151044,38.39504312145021,7.184961972560883,0.7001373502831989,72.62947082205879,11.63394516861492,2.7209138927970993,2.187382950873905,0.0,0.007857845798068577,0.014453135827382408
2023-04-12,41.86518702120464,37.915322696475975,7.624606031641432,0.6978196610842811,71.44775768249933,10.067089287380641,2.718932402469317,2.181419065640767,0.0,2.2065172753567164,0.4525732735466957
2023-04-13,45.72233220015633,43.92518622402403,12.482075591954127,0.702097173423767,75.9259742477078,11.88752174495273,2.7337740764379506,7.044703131548562,0.28237515542030334,3.583503077460395,2.2513114248506234
2023-04-14,48.62298245979098,41.532547257974414,14.415569157670337,0.7038467406611973,75.21168623762343,23.227923553205066,2.7335640090160895,5.671558482778337,0.2028095925447676,0.0,0.014609325781133442
2023-04-15,45.290367968682176,53.0499143777148,20.8832161654377,0.7067496167665055,74.65333966140746,12.582476818263794,2.7748788955248727,26.93363220807182,1.1518309776027997,2.440774125450982,0.867554487229718
2023-04-16,39.498683541088106,45.6217238620313,19.784258788646063,0.7064713021447925,64.18904025952233,11.691540472200181,2.549414949565993,10.761871506101821,0.3482246775203281,2.8099456560262044,14.377634341603915
2023-04-17,44.52589926456027,44.16951238330205,10.787697017441857,0.7030175512006549,76.60601910722097,12.451070807020399,2.746625725137127,8.937649387789833,0.2774927042622036,0.0,0.015042338890499541
2023-04-18,42.65998166982651,38.97952396509383,7.58252183511628,0.7003492301644221,73.41847099946764,12.044701191086238,2.7313831059606875,2.615137881620195,0.0219092575067944,0.0,0.014681078686979083
2023-04-19,42.637098644748264,41.67497502269533,9.122586157344182,0.6943067384089365,73.58574373398676,11.965249913641612,2.761315464654499,5.981899462731679,0.15432136214229794,0.0,0.01631544883145226
2023-04-20,38.28591536539714,36.35631723855124,8.806173708101907,0.693003038526641,64.62645406669616,11.932579367635515,2.735308706509007,5.337174694665272,0.25332356456809574,0.0,0.017507362049155758
2023-04-21,42.114604787890116,37.85324026755862,11.095872560419505,0.6910988506041631,67.50038822601319,14.38782214050399,2.7615196690633557,5.046893614593082,0.2991394269249174,2.6367429959784614,0.016410062175591787
2023-04-22,43.80646295995289,46.47736989934073,12.63922115896119,0.6933551690975825,75.17890896389008,12.369755196285247,2.7806272916645476,13.551863447888692,0.6864646701492203,0.0,0.017354551505512662
2023-04-23,46.086895611002184,50.59813907339732,19.6924656661627,0.6935562284994126,74.05046591236113,18.43277192196422,2.5863273757820657,21.644602219335773,1.0752407476764254,0.0,0.017247286535369024
2023-04-24,41.64619686407301,54.13506036383522,11.704734352089563,0.6853934139066273,80.39422940839557,1.0488877941491868,2.7685079906842445,17.310695419040254,0.750386100194719,0.359965143500434,5.015741325916978
2023-04-25,46.779791544664164,44.59000673089345,11.651562200082143,0.6913146621868346,77.72454495500352,16.2541390292973,2.7627675972236516,6.7205022169939665,0.4415284846417109,0.1013398838297526,0.016882254302236766
2023-04-26,41.28160450735728,38.177063127197684,7.685547449891832,0.694053376508289,70.58017302627987,12.303178502149583,2.7623764718106063,2.5639569610892403,0.019719655498663585,0.0,0.01825311001777649
2023-04-27,42.60908742211235,43.399581466774414,8.822506246708766,0.6893667203903198,75.10297200248293,9.965224119318856,2.783868107227219,7.457825025906035,0.342793063691722,0.0,0.01687408543109894
2023-04-28,36.943368496070434,35.54529010105133,9.053241257919735,0.693218572567304,62.30525038053724,12.153178390250737,1.642474571413729,6.145749469877879,0.5637086400938034,0.0,0.01869854894849989
2023-04-29,36.80596810047573,33.405758607815635,11.056361025668249,0.6967660715643562,58.76958281462351,12.157196045320298,1.466746375236511,3.1915779943678113,0.044388745413886176,3.7708219134224787,2.822122754946285
2023-04-30,34.31082782570945,33.807567052330434,7.064984497448602,0.6913171181286707,59.081825694575826,1.0648842851596405,2.4334982997740635,5.304458705243006,0.5058571324327257,7.226870444166395,0.021183878820472294
2023-05-01,43.08739908474392,47.071758278380514,8.516399640874862,0.6874597253640493,78.3688581462309,1.7208116478856403,2.733656231071419,10.247733189256456,0.9263441303176351,5.071727805430095,0.018116421887079872
2023-05-02,47.60963606108136,50.151847712552794,2.902231085745494,17.783666993675233,76.73717391893175,1.1870281879255504,2.7170788352749082,2.9383367003525622,0.032824609154065446,0.442928439839681,0.7502659021597439
2023-05-03,48.035710551995166,52.739437126952275,6.808020244287913,15.904731112316977,76.96634635309007,1.0972551958296033,2.7020195028644127,6.416906396988763,0.4065250387107001,2.5862996560668945,3.2872135665949185
2023-05-04,42.47091209790972,44.86796727438184,2.142888068558375,9.40495255449719,74.9647077999454,1.0603726076338025,2.6823187375092505,2.1238820359463166,0.002639098653263516,0.0,0.6897837054978478
2023-05-05,47.37886075001399,50.72310015543194,5.980186200348536,15.428175780523617,75.72890445740595,1.2894868756802877,2.688312626328203,5.23092050011317,0.35790471492396464,2.7662792884318033,2.369824754023552
2023-05-06,43.91640196674347,47.86208404176075,3.805169448841943,13.07494414018419,74.2248965385225,1.1090931858030955,2.705077177469466,6.32400799393548,0.17569510757923126,0.0,0.018813289854261613
2023-05-07,23.89939905408011,38.02884850887298,19.91322955339855,15.32713324309561,26.904610092286006,1.2122478634632958,2.5436679770896173,25.39146579983606,1.0435021545622083,3.3134865186140274,10.728986711610952
2023-05-08,43.83569942558712,49.40610980712043,5.265656190933653,13.05963065087954,73.89994222986432,1.0919658871587117,2.7156995191971456,9.273651397777137,0.2719072868360414,0.0,0.017341432132720946
2023-05-09,45.954941290160285,50.56101411133661,6.583685129733616,13.33587226917108,74.99955800227272,1.0949497417704264,2.713421244741016,8.710696253208583,0.7007627943396568,2.5665332550271356,0.5027478316497804
2023-05-10,49.63217833076901,50.98559196868895,5.376651577372022,18.99782027584341,76.01143321729872,1.1625083348698086,2.738066398639679,2.698615852764977,0.022538934237692092,4.109443914421929,2.3313197537499
2023-05-11,45.62401253446368,47.88878079037348,1.9659058407380845,12.25821428829352,78.70724472969056,1.0881369387192195,2.8089288211350976,2.202642544822693,0.0,0.0,0.01593756906588872
2023-05-12,52.45016517496744,59.635506694884825,14.071410572550564,18.38754494371043,78.05782598306868,0.645506657301585,2.9448743537428648,13.586634030742648,0.40406968805578025,7.650822618334028,6.46680999345965
2023-05-13,47.8329752470525,53.09703619920307,8.59195544312795,13.914300075616307,76.88315545249093,0.64087013745096,2.9408128533742173,12.521292430057523,0.42144624686665,3.860487599809435,0.06746371325042512
2023-05-14,45.154225076200696,52.10810004598193,6.782745555226008,20.22736422291491,69.21154027999454,0.6385012373669942,2.6640371571418973,12.686142462124295,0.41091666220559014,0.0,0.017645113972293004
2023-05-15,41.67259080599467,43.3067010562812,2.0895598424932693,14.093663700621923,68.46267416163127,0.6341811581378513,2.912106313286622,2.829324829995897,0.02765660494910346,0.0,0.016903417455355327
2023-05-16,34.97291543890213,35.31661751372232,1.910627899092568,14.074028020515442,54.82062223101297,0.64006020266215,2.918910830639733,2.453733712395562,0.012271022548675537,0.0,0.019176760855780708
2023-05-17,48.75496179768244,51.22580477198493,2.5517229903093974,23.12329691841496,73.91031281704794,0.6368835705608792,2.8784123613733716,3.820846292364333,0.07049679793039958,0.0,0.016985200169881188
2023-05-18,46.90911858994589,52.32583995354971,7.157662456757228,13.81300662436538,76.76569557164085,0.6386783072831894,2.88847501096646,10.637112539683446,0.3094136465758748,2.3551733958943686,0.509016591533555
2023-05-19,49.59333881509992,49.72851120157665,8.452673353945416,13.34468191619926,76.54150187370723,0.6420879843733046,2.8444078358777363,2.9529338233481517,0.04088144241756863,8.69740921119478,4.153598536597358
2023-05-20,48.67539030298022,54.45527231913461,10.04623066320949,13.688079302144581,77.7680370355182,0.6348797355906167,2.8623398214250138,10.062795560830434,0.3414615963906712,5.020918758205838,4.27881741831859
2023-05-20,48.67539030298022,54.45527231913461,10.04623066320949,13.688079302144581,77.7680370355182,0.6348797355906167,2.8623398214250138,10.062795560830434,0.3414615963906712,5.020918758205838,4.27881741831859
2023-05-21,41.262904220194244,46.6254829012264,5.134865838375239,14.016998769179079,67.61930205522772,0.6401719041927445,2.5729509492271805,9.207227580673454,0.29087494695769417,0.0,0.018241547350241583
2023-05-22,50.269522470023944,57.20464645953419,8.404028200032831,17.689905461135282,79.73912298606427,0.6380576172831534,2.878634341753953,11.521201699611847,0.4252569220270051,2.2941405326949225,2.2558104521932663
2023-05-23,44.41812564558029,45.5105454180675,2.7138478122976086,12.60229440527545,73.75713285561454,0.6206630572954812,2.744558509631157,2.2421591333198543,0.006026982186635335,1.8845077057562933,0.0166729621219635
2023-05-24,42.705611297914714,44.13805358818691,1.776251863284641,14.383906337131396,70.33307224172381,0.6425261844105192,2.865334989283085,2.2281466608386564,0.0,0.0,0.018903602824476035
2023-05-25,51.11482266642889,53.45639226257536,4.592226223235659,20.26466609761715,79.03050605710348,0.6419006874349382,2.846240480413172,3.2960243132824365,0.046428331082926856,2.5770497507052954,2.123738570732011
2023-05-26,47.74941326455011,55.45251767915302,6.546169746203953,13.804442749966517,80.84275916966331,0.6395961107391782,2.8501433068198634,12.905953642470042,0.5262888593970404,0.0,0.017576478327645195
2023-05-27,48.050981674455,53.63127151142757,4.601218983252843,15.841401341141594,79.30121116048178,0.648290495223999,2.858959756864442,9.797805226073795,0.8418928804990982,0.051808120964898,0.020393088411225217
2023-05-28,40.854545441835185,44.445988149753155,6.473452585664326,13.844017300802868,64.25883684288024,0.6479575694105362,2.6038359474844404,6.617078704111311,0.24606754697269864,2.7310333688354493,2.485167142368952
2023-05-29,37.09856848264908,37.7224255192248,1.7592242329597474,13.520645708893671,59.7772902051417,0.6470485187000697,2.8319855229144633,2.2494063145425587,0.0,0.0,0.020806444092326692
2023-05-30,50.30404204032897,50.77924758597692,6.210067828763326,13.708125136271585,80.14737428638458,0.643271645067003,2.7984430466967156,2.2285424133110046,0.0,6.3524142939249675,2.7232830052698986
2023-05-31,50.65281990244336,53.079873302942914,4.253951040264766,16.908729737674925,81.63308701427462,0.6471223417790731,2.80705019825644,2.2397329805755612,0.0,2.4579299451022676,2.669099517108599
2023-06-01,46.979360991925134,50.934567341524755,3.332442802729077,13.577805891031156,79.77891794358996,0.644329954512914,2.813935695881049,5.598110178053115,0.1534336994351281,0.0,0.018856555320951675
2023-06-02,22.597789811386278,23.91471612597427,1.1052621566805594,4.536112269903878,40.257483823845064,0.3807568726079978,1.446939496331972,1.3209873422944782,0.0,0.0,0.011919147057974946
2023-06-03,23.20319370785845,30.87488575234028,7.131970754352012,9.45839634302716,36.17339517957798,0.25926473057998706,1.3561801082105487,14.655620392631533,0.6766295743587283,0.003993344184027778,0.0083151270938801
2023-06-04,42.60135218548244,45.47724448100832,2.8250868375640446,14.943025259247356,69.60732160113864,0.6473074079948,2.5744688792573083,4.381650003077188,0.14354648666593764,0.0,0.020550597150325776
2023-06-05,43.684473548221575,44.50114164328681,5.633302211451,20.66996685614268,62.25602802476671,0.634786805121104,2.792747535451783,4.008551685670216,0.0853382066986296,3.7898889396942987,2.3672799969736738
2023-06-06,46.24712468607585,54.496322681914435,7.429160021678076,13.820406427933907,77.85784847909292,0.6327517129283482,2.832988738878568,10.636364541511533,0.3693834612711271,0.0,3.6674716704678536
2023-06-07,50.033785557520126,56.137173876147806,9.525242993356917,14.011233968369165,80.96275337481181,0.6350562859556411,2.7989361278433273,7.791633932709164,0.2534855416340298,4.504341225503286,6.036488223346074
2023-06-08,50.203160103647434,56.87463515988244,7.872530270047718,18.342055560305912,79.3893216312366,0.6322715231111314,2.789337214719189,10.2814105401357,0.3568012254683176,2.0414722426350913,2.6579391488970643
2023-06-09,48.38147228112751,56.85576458813985,7.594795754610698,17.260791914838155,78.5191006925583,0.6375440810924106,2.809046182499462,14.65751252477222,0.5783415863066249,0.0,0.01717450665924284
2023-06-10,33.04141702718735,38.08836128684786,8.684011873011059,18.39737727842384,45.14690764347925,0.6366587543307412,1.1823429198090234,11.2957662812784,0.3688673425274425,2.5662558262464734,2.6249440718860093
2023-06-11,47.31172509756089,55.08957787598504,10.677649068657558,19.53230935797056,70.67982541940053,0.6374860898505317,2.550208724273311,14.7572670614179,0.5650528554619683,3.598407617763943,2.39678734626823
2023-06-12,51.13195462368435,58.01752344947604,10.314976185145909,19.6942419156954,77.96551709067028,0.643553869187037,2.7785530761567756,11.915669516031478,0.30300876562595375,4.066238900621203,4.134061874213218
2023-06-13,47.43365275891623,53.023518606281264,5.268332533153957,18.00900465336429,76.23337723175896,0.6409284818352593,2.764888444020748,9.723846582620412,0.22075712947156695,0.0,0.03152880479733149
2023-06-14,46.51621789626227,47.22895105153189,3.2439357730950245,18.297644743195114,72.07754792458431,0.6419780095439486,2.747363375480969,3.151791779971652,0.0276436949189504,2.212699528910319,0.019059610142972732
2023-06-15,34.79542126383676,40.04360880446964,6.334661503004499,13.488713799362188,54.70332516948276,0.643065910009808,2.7718634698989653,12.102743089540269,0.43160572125328917,0.0,0.02097318666272693
2023-06-16,40.285414126173656,46.086251486356524,6.631967261077032,18.65140999439239,61.020680182067025,0.6430799452855852,2.740270536278089,10.56552847987281,0.2656744803071022,0.0,2.0796029570351706
2023-06-17,41.04942686844296,46.96323216894362,6.747128108853235,20.38081364252461,60.82906766771105,0.6456816925070021,2.7540600341306787,12.913197578614554,0.33397052227020263,0.0,0.021499309411843616
2023-06-18,44.14844305883831,51.181382479245926,8.984569605051677,14.224907041171921,70.7018569213952,0.6441402010366652,2.4701679644012446,10.75973471926159,0.2749680881105529,2.685914499736362,3.7785586091785954
2023-06-19,49.01218066814424,54.87048489005406,7.928261630937788,17.379903837612467,77.6288239602534,0.6428059038861591,2.710697137280835,3.1813091727892555,0.027430763494173685,2.647568222927517,9.157779726687538
2023-06-20,49.59112894065219,53.569232669656536,3.657218397499721,21.998737369219462,76.8484704186376,0.6445111303329467,2.7194751005774074,6.394683540797764,0.12884676166057588,0.0,0.019592218527793883
2023-06-21,41.44369063921822,47.77369655303744,6.374105908510421,14.662131022203763,67.28991465183258,0.6435137636142307,2.7144443404841434,12.257168502729202,0.34622151394685113,0.0,0.019818082741896316
2023-06-22,42.84655746821934,45.905001920852655,10.020309931969113,13.963099414320522,64.54756456827376,0.6445495160314774,2.6919652805545597,4.329349629675547,0.05763605159706539,6.451110928039551,8.4912173642736
2023-06-23,31.884194931189214,36.774358226379825,8.76900030315505,15.67322350151486,44.98935194114262,0.6432675855763753,2.716006407140891,9.904838478238846,0.2503792909667227,1.8505054358588324,5.231576054235829
2023-06-24,36.99009988755121,44.287988951926756,8.068578536388609,13.375093708640206,59.156555549757215,0.6400585234440698,2.722097864000267,13.480066173934938,0.6477952095172139,0.0,2.1851346103702656
2023-06-25,29.452430780421363,38.203537883548734,12.118540699387657,14.866538286361166,41.0797396279992,0.6407780933751,2.526900318347878,15.084054599056243,0.5058892799207899,1.5350976398420333,7.370264156683551
2023-06-26,32.09946888864305,34.03368815855026,3.983262500491672,12.003283328119387,51.04454601480273,0.641818274948332,1.7111827357808749,6.2256705701594885,0.36452981913778515,0.6251494422997369,0.021531592673195734
2023-06-27,43.80379937027189,45.7776171251191,1.8706971035808988,13.775843868128458,73.30583239245095,0.6463041104348501,2.6997838794787725,2.6402726400099863,0.019007983668380312,0.0,0.020399849085542893
2023-06-28,43.29713437752618,47.20982162842433,4.009937310770883,13.712796126859983,72.14128298808204,0.6487571303855049,2.683671025202539,3.006493655840556,0.03249397193696764,0.1707679776679145,3.8781322802421787
2023-06-29,47.86008587764951,49.76048632701661,1.6825057990752326,19.187441697678565,76.23450860508389,0.6493290592024061,2.6681236850264334,2.2563242424371515,0.0,0.0,0.021027189690007105
2023-06-30,45.83792125663122,50.31519426387575,4.134708381935756,14.651091450826858,76.39981353399914,0.6504179710833231,2.670059003797902,7.478865904335446,0.22316037607616848,0.06564330381790796,0.022133810501363545
2023-07-01,39.458939789841956,47.99114614629109,9.165574426320394,15.325591886118254,62.514396381068764,0.647702939092848,2.6787446858239172,13.070726784500549,0.4261886332027117,0.0,4.9536320415963075
2023-07-02,33.4733465762753,38.04393189915127,10.030083991818959,16.13772853879187,45.58196794608645,0.6457068825054169,2.508515294436084,10.939149466406505,0.323170417807897,4.019646038182842,4.463156336990992
2023-07-03,35.16133229525248,38.47597291741054,4.382165650231044,13.624311291675566,55.61790244189792,0.644893096988466,2.679080762129624,8.080114498076968,0.254781095231639,0.0,0.022075477393468223
2023-07-04,42.230560539160834,47.95023210891936,8.520403035765755,14.11940283387131,67.23630667182074,0.6472282130040063,2.675340602657795,5.102877921182844,0.08514660474803712,2.369748571372562,8.791779078395367
2023-07-05,46.55311888929579,48.216716900513966,1.6872711040846506,18.364769190857142,74.3849021759457,0.6491585789934794,2.67649790015565,2.2482378203498,0.0,0.0,0.020498551185660893
2023-07-06,31.989635332525037,29.616796107107803,3.262778817962011,15.146272480034298,44.615840147743214,0.646865362376107,2.6465892467522623,2.2466502337943184,0.0,3.149164879383511,0.022951333087020447
2023-07-07,39.83925209362667,50.08320909646776,13.631379363733927,13.457409899626308,61.77653011876424,0.6434884813255735,2.678630473740895,18.063125263118746,0.5791342120721604,3.114959031745063,6.000163497529029
2023-07-08,48.028077422019116,52.54249141248915,6.156695235224829,19.77556702076647,73.70040917031183,0.642359464811749,2.6503758475881147,9.566331531511944,0.24147394918441772,2.002653702935113,0.027241343762874605
2023-07-09,41.168781275454634,50.97636860085594,8.974674446287157,12.368023271779485,69.00065574662526,0.6418215882958307,2.4657906526064868,17.52643221791373,0.4815896387139956,0.0,0.020180374370945827
2023-07-10,37.641273844884225,39.77769708013747,3.52432876062817,13.724934435927603,60.17542676120333,1.1615108277914261,2.7848869636387295,5.460071771873898,0.09407842118316226,0.0,0.020990085036754612
2023-07-11,40.144063481044775,44.360426370010366,4.845210418152279,13.917518636438052,65.05355494067297,0.9280166753609974,2.8758476625182894,8.441525765823787,0.2500615532917446,0.0,0.020341014501253765
2023-07-12,45.926480134618544,58.624064803846146,13.912366368519464,14.834353415285214,73.51654752617306,0.637140501173867,2.887571004419062,25.950198882181382,0.7959392667614088,2.0700750396728513,0.01990441830211216
2023-07-13,48.76194606548522,52.639364184688986,3.5007446682018704,19.008436894548733,78.04989019211237,0.6434977526579964,2.835351209348573,6.0766247668965665,0.10974698565827476,0.0025645287725660536,0.019311616095966756
2023-07-14,44.48258107119029,49.11646723225277,4.478321585437986,13.42156946440644,74.7365941473304,0.6451574197302924,2.8820615662447606,6.120396397217644,0.1457047180747986,0.09913566347122192,2.202109384155538
2023-07-15,49.348117606928085,54.27539870889664,5.303503102518717,25.326977630102373,72.97985216050043,0.6409311823007797,2.8519082594336407,3.3456894642639163,0.03325522488885456,0.41576850384076436,6.178479389576381
2023-07-16,40.05950103000853,47.96237704570559,7.541030704904133,13.754584859584176,65.12662871825749,0.6424479975901711,2.7083544076005612,15.366265846525827,0.7351588593122695,0.2912154147240851,0.02060893414444394
2023-07-17,44.43838622287962,47.019958570418886,2.4766704796441403,13.969100973119735,74.21004848970625,0.6423080853642356,2.8543530206547842,3.683390494641198,0.04199836098061668,0.00839323744032118,0.01857598827256097
2023-07-18,44.595911125380205,43.41927215624915,4.3654062796296005,13.376529314420488,69.83737997346667,0.6442631193489498,2.849204915761153,2.2218390803061587,0.0,5.111992293921577,0.019541930619080865
2023-07-19,48.50485769247691,52.064650270762975,11.795591080222657,11.202073115217951,76.40374887170158,8.969921357169682,2.8081220242791707,9.178270107184517,0.3513160104574098,1.4051831654413542,4.395121618958844
2023-07-20,55.849437560759654,47.564529739716846,14.596044127824573,11.60358060057587,77.25128662502712,21.467311151451533,2.7955499814550087,3.6058428723759115,0.061894861472447715,5.189235944069757,0.017965587576760186
2023-07-21,47.42296988526874,54.28828948890262,6.282358695500691,17.5059500673506,76.5221069752248,0.6442354245334201,2.815361185658243,11.980994810521867,0.39307853531281156,0.0,0.019688309117423163
2023-07-22,34.81698265215555,38.63814938380559,5.6535368234040995,17.179068443840347,50.973571111763846,0.6435229596307542,2.8476758995546234,10.450094275205402,0.5615585654150115,0.0,0.022144292654461335
2023-07-23,42.532292598472175,52.106513106454216,11.303606012796825,14.027429605305457,67.47654751886579,0.6466422459263271,2.6670489030151896,17.56444372361925,0.7600560212900904,2.1891054221428767,2.3775877035122446
2023-07-24,47.6245617250718,57.30224487372927,10.304658134728538,15.702374846616848,77.01390886863709,0.6410780109659832,3.198986263778475,16.263930619328814,0.6742073861832089,1.4221785980902777,2.739630166859362
2023-07-25,53.224733611225574,54.15557592004565,3.992552810620203,26.64025783042696,76.5489233803855,0.6433088796234132,2.8328889732117126,3.8157604972224766,0.07043853879080877,2.898484215355979,0.018566104505062103
2023-07-26,46.799662624545626,53.183589928923716,7.4446510145685405,11.644522219095762,78.88470304609513,0.6437347711351183,2.8385557159532446,12.253916383071475,0.5723982373701202,1.9079209589979385,0.019671836146778532
2023-07-27,49.31173991196102,52.8091174816513,6.176592579872343,24.255635713859135,71.57070375390371,0.643018838467068,2.7899784761285775,5.0386792447725925,0.13920319838020537,2.2725530255296498,4.03755288651069
2023-07-28,19.07595936239454,23.394680522037078,6.793640019993251,14.91379468122959,21.741446975801253,0.6403357444265152,2.18524857912408,9.42815567266676,0.3397020936322212,0.0,3.5211678850102426
2023-07-29,39.57375548146566,54.24247274764378,18.33278160763317,13.62077308959431,59.80656025288053,0.6446629323249393,2.8339711425926946,26.65706022762299,1.4414251764276294,3.452870162261857,7.113415973584654
2023-07-30,34.891104330175196,44.06231004092535,11.357991905677585,13.34353000380993,51.993597570860125,0.6442155621263715,2.5834541106642623,13.99946057944404,2.2288077659183076,1.7760281812927459,7.537344448438221
2023-07-31,39.23925149347941,40.036054896380115,1.7748516702079773,13.829659830449422,63.735071717762416,0.6461541690031689,2.831965059466097,2.247442104078928,0.0010757253016365899,0.3063712071082327,0.020436772071520486
2023-08-01,46.14592588882448,52.24351257400512,5.947016754005221,17.08691193582429,74.5147472485055,0.6415115699577331,2.801878842378722,6.886137024296654,0.21225897117879655,0.3872536842653486,4.1035413336043876
2023-08-02,45.20612263139088,47.14823759418276,1.736240316250059,13.18144620677312,76.6878680336677,0.6476462955517239,2.771486384097735,2.2381776397365996,0.0,0.39728549527804063,0.02051225288523568
2023-08-03,44.1661730714035,45.479360469820236,1.748314485352834,17.591012709490457,70.1751253105884,0.650062736993366,2.7970387434487876,2.246127240034739,0.0,0.4032268464093738,0.022400617363717824
2023-08-04,45.44165491489411,52.7429368240526,6.546794417115317,11.645887663312486,78.25210870725421,0.6469245533752442,2.8074217933694525,12.5776813644939,0.44336232787370683,0.4094103089483579,0.02054449342383279
2023-08-05,22.661910762452024,28.27330716685401,8.20410896223492,19.821567082980476,24.631343688329068,0.6468057931613922,1.0258332709264755,15.988252058003745,0.9493906607511308,0.38319105505572415,0.024421009828779434
2023-08-06,33.35793966669718,46.23953314487457,12.696787591540017,20.704470384343466,45.08212548606872,0.6463399955050148,1.2443583138208916,20.806398122268256,1.146372133304808,0.30428386259688284,4.788857628475296
2023-08-07,21.08888478714201,19.92164870322757,2.9670200275272793,18.21096522940265,23.745626377160814,0.6443627089691163,1.1207420791180929,4.063744800569746,0.08679708383878074,0.003655426360501184,0.02324031546327803
2023-08-08,39.117461593846215,52.7152169629436,13.456200767358146,21.927527532186506,54.46235745784336,0.6448739153162639,1.4801513845509953,25.75570941854053,2.3192557749462126,0.005319736643367343,2.521585884018474
2023-08-09,23.43349383641985,26.280757791815866,6.51575816886478,22.201605824098586,24.097812403132117,0.6453269607141284,1.2145942694534195,12.28291803949992,0.6630713310991394,0.00029610892136891693,0.02493223174095154
2023-08-10,8.78382991952896,9.53446861717648,3.1767419750552706,12.449060742226704,4.906301802719964,0.6448599763128493,0.4370327831504081,3.9148944541803994,0.08158601774321662,0.018719621831576026,0.02615760369592243
2023-08-11,17.44897309015698,19.773686575046113,5.465837461416457,17.050869038090706,17.595009829779727,0.6470288984892103,0.9045731954720285,6.937433951712714,0.34982122259669834,0.250505647184319,2.861617760287921
2023-08-12,36.36529041532517,49.75277056633419,13.438217466610801,15.595202267843883,56.550988328001246,0.647387978348202,1.5114133327876198,24.821953652913837,0.8128105847271283,0.2704937913605902,2.3803643244300945
2023-08-13,31.174318694809813,31.403354832377964,8.361229628984663,13.283649513345825,42.73668823044246,0.649478375623491,1.051141171155241,5.145170545459323,0.2532500527572632,6.181929387741884,4.02099677126434
2023-08-14,48.577847678341335,51.15816936328889,2.512501984940635,20.129300103970625,76.59322592133414,0.6442266556167602,2.801437732659446,3.9378917306518555,0.07608483223120371,0.0,0.01893831576983134
2023-08-15,40.003083843502466,45.85089863484701,6.47742333278762,16.493863153993292,62.40077247726017,0.6475636327542199,2.751249573691951,12.353716520139908,0.42825207704358637,0.0,0.022214941786924996
2023-08-16,39.888896563568125,40.38092924295214,1.710742034488254,17.871622433599363,61.24376524869284,0.6496417801570892,2.7130453133675783,2.2450761911413406,0.0,0.0040922244601779515,0.022321987175941468
2023-08-17,37.65103420693927,38.27065465521919,1.6985756900405884,13.53305204888291,60.971822239290866,0.6491023308287728,2.7156140128321127,2.2395339355638293,0.0,0.0,0.013122276651594373
2023-08-18,35.11994961192449,35.35033733407762,1.6820677674102784,13.37250281170474,55.97436076619041,0.6467576225598652,2.6984965816866024,2.231448970996009,0.0,0.0,0.0020509372398588395
2023-08-19,40.326196836145186,43.31414806454553,3.3904864022964896,13.674007581996918,66.12658292798784,0.6482449249945746,2.6952214284390874,5.8409354796960615,0.17068547437667847,0.0,0.0022017686589558922
2023-08-20,34.96579554133521,37.420405580779175,3.3187377926572164,13.470037161206141,55.55859107406616,0.6484948454411824,2.427148058366775,5.516149584297604,0.15197647747808032,0.0,0.0023758933954768705
2023-08-20,34.96579554133521,37.420405580779175,3.3187377926572164,13.470037161206141,55.55859107406616,0.6484948454411824,2.427148058366775,5.516149584297604,0.15197647747808032,0.0,0.0023758933954768705
2023-08-21,36.252977620188396,36.72620222419739,1.6818330812125737,13.582398201373419,58.07782021368663,0.6421490536212923,2.6817593436076903,2.2119461282051933,0.0,0.005837854410807292,0.00191233508904775
2023-08-22,30.049553559652963,32.5219088819207,4.500615789025624,12.782566038994789,45.99963115027533,0.6426860942067039,2.6797790556624195,8.183190237138536,0.24004553721772298,0.0,0.0022993362842665776
2023-08-23,43.38375531231139,42.48341717486911,7.7790844132773085,0.705401268196636,76.52037339436849,10.324744309995442,2.6524282594381443,2.2333481045659385,0.0,0.43333565565321186,2.300943834520446
2023-08-24,50.9247941456159,53.61116526903788,10.00567708668073,16.643028045405817,77.15663345553929,9.154908586669496,2.6713580919633966,11.002583831005097,0.42231585192362464,0.0,0.0
2023-08-25,48.09395260606978,52.46141628864712,4.007378847202725,14.70201086200873,80.58771271828968,1.1287444676939644,2.7140862992731734,6.798998156505163,0.16370804780218334,0.0,0.0
2023-08-26,48.75769156839158,57.23775487636992,10.597583712265228,14.575260630771847,78.87027752876706,1.7529412528726784,2.6913254357661147,17.769903357919056,0.6193642303980721,2.1472495054046314,0.0
2023-08-27,44.68693016461902,52.57574159152985,7.00544782711029,14.025189765075577,74.5886987624995,0.6500084397739835,2.460337542593214,13.455486795137194,0.4466064579913351,0.0,0.0
2023-08-28,47.583023840789785,49.54099118438297,1.8877861349815792,14.23336914378484,80.13326535646651,0.6476968190786574,2.647839620049,2.2271404755867854,0.0,0.4942786634657118,0.0
2023-08-29,47.31661964635849,49.47358471707663,1.6373942273065778,14.519312655907733,79.8085351062054,0.6457675424406264,2.640072522816923,2.2208948579449124,0.0,0.0,0.0
2023-08-30,54.72159789959166,52.53754669549731,12.461225867916744,14.810940670590401,79.57910968556297,15.035393861108359,2.6653956952145363,7.795274241551292,0.27205593244393667,2.164302884487576,0.0
2023-08-31,46.0492191280132,48.09981247364892,1.6514413134596084,13.947118582073317,77.76141370319367,0.6483484589036306,2.653413534562322,2.2304739165539216,0.0,0.020025756344265407,0.007144733911620246
2023-09-01,46.797164693936246,51.50287634511734,4.001962338109546,14.244624202550254,78.71418250086889,0.644893106745614,2.6489157980664566,7.190131810167101,0.2135054855166541,0.0,0.018330807861487074
2023-09-02,45.01037657095592,50.49052200704787,4.956279390282101,14.058791351104842,75.21611803471883,0.6399849718602499,2.670329552950329,9.195551901832157,0.3171659009867244,0.0,0.01825468694951799
2023-09-03,43.64044796806124,45.008539021886186,4.495039900523293,14.18710068203555,69.23815944890342,0.64382747660319,2.5494237346760427,2.2265633631727426,0.0,3.4046485790337453,2.275770219597287
2023-09-04,50.825413706785255,46.53141602014069,8.424329957152436,14.247984711120488,74.78875944902784,14.754058599308927,3.2795793907738124,2.2014248001155825,0.0,0.0,0.018052578947950385
2023-09-05,52.78231881794035,50.314475976929614,10.257902430180483,13.47115352118112,79.53731109412993,15.044865225753716,2.7965709416092377,2.9406760476055167,0.03731655957539876,0.0,2.392410316490986
2023-09-06,13.351371607394746,6.684002665871516,8.924465978887344,10.732711934963863,1.6349316246498955,15.964025710539287,1.8318471744799614,2.215219599543677,0.0,0.0,0.03154582855330573
2023-09-07,18.048503825933665,23.28993541923523,8.448212900982961,13.415628778336313,20.32055577490912,0.6437523194503785,2.917656847002241,16.50087280509949,0.6513275583563912,0.0,0.023825110113885665
2023-09-08,48.556711362872655,51.116037195862674,8.20764078643587,13.902409095220037,76.87119582285985,6.332862279921638,2.667159161557887,7.304697810253568,0.23658090800603232,1.2319563848876953,1.5703735395664642
2023-09-09,32.420046070662984,39.23073132304467,7.996278341248896,11.86342009783511,51.38331697700463,0.6467796101911107,2.6834696543461014,15.657184330968935,0.6552578028912014,0.0,0.022654404724100383
2023-09-10,42.549072141403244,48.78519196802606,10.242385228143203,14.16433468942346,65.58642870960698,0.6471916532111923,2.4299950400057835,13.609327624347396,0.5977781164206399,4.2892287471400365,1.9629263613691006
2023-09-11,42.4729266259469,46.455975591125494,4.061871313949161,13.71939558769279,70.44157239892324,0.6472902925215825,2.6748993377868335,7.262080628901588,0.23840343858347998,0.00930326897515191,0.0267429527425766
2023-09-12,43.56872402568605,49.5554028786087,5.706768727912903,14.008071718720858,72.3308976959398,0.6466876530244615,2.66783609483507,10.77426178472519,0.314001922085815,0.0,0.026086179300414195
2023-09-13,45.05785079988478,50.21915232136619,4.690301315625509,13.823852963291275,75.60585657015058,0.6453662909825644,2.653264126547707,8.684501980857851,0.27229701983981663,0.0,0.025247328670024865
2023-09-14,45.021755709393815,48.68345760706585,5.56406385102166,13.58680346712642,73.51491656202528,0.6437870118882921,2.644241022833453,8.132751559064651,0.24099142819775476,2.236575654820336,0.020075067471398242
2023-09-15,23.67771298132367,24.70883081530253,4.106197945273718,13.124132623191942,32.73747560923258,0.6435967231167689,2.6479890986643895,7.468218353640238,0.2154723892996046,0.0,0.022659099425474803
2023-09-16,33.25246673361036,36.68341538509793,5.069293353040483,13.622711305058269,51.57572613868714,0.6469303984864553,2.6324699171127217,8.75762245680703,0.285649162036048,0.15345200436062284,0.5610308957939677
2023-09-17,37.65133480363634,48.60081984027438,11.006074247369765,14.099145541963049,59.894584718072686,0.6408345533869002,2.4696616571386656,21.901746487604775,0.7438976890773242,0.0009954814995659722,0.02040141792270872
2023-09-18,45.43270132232664,44.41082557195875,4.924789649171829,14.429273290297722,70.91424007397971,7.308438971314961,2.664508991964658,2.236132585673862,0.0,0.0,0.020612636528280045
2023-09-19,42.80343866251204,44.349268172573524,1.614971257889006,13.749079316468237,71.29529883954366,0.6486377021280925,2.7405963559473885,2.2367328106816613,0.0,0.0,0.02098141048431397
2023-09-20,45.04144530556997,46.807009653235546,1.6500687476550204,14.07032416514026,75.50756518271552,0.6499505883057912,2.637681414131588,2.2373711982727054,0.0,0.029776966501871744,0.021133050264252554
2023-09-21,53.9760418237008,45.22610676016489,14.835363375903238,11.194669307845434,73.75355866686928,22.331922016951243,2.6479035312363837,2.2329649527359012,0.0,3.3329147920396593,1.6640717357052697
2023-09-22,51.86795411522336,46.851485861125525,9.292047860510085,10.677167147343953,78.66426409242844,16.271108937599394,2.7325937829433538,2.2297455467796325,0.0,0.0,0.02027745849662357
2023-09-23,42.81692995102351,48.50746934028626,6.959868241537941,14.098629632925459,69.24776440717062,2.0450694551150006,2.669515041995843,12.142159471079509,0.5042785990206401,0.0,0.02283268192052841
2023-09-24,20.519095641153125,25.54499076482137,9.027716769448386,12.7395741323736,24.37238996444278,3.9570114483282306,0.9971232025914724,13.430640995676251,0.5021159594345093,0.11445626451280382,0.026441022030777393
2023-09-25,23.797709240536165,20.03587365122477,3.345464759443071,13.571428972882694,29.550374969859657,4.161773921940062,2.6629251823070317,2.22059074449963,0.0,0.0,0.0223606721994612
2023-09-26,55.4129823028734,49.352312483172945,10.176517297925948,14.006824681711196,80.84876374215443,18.09442870407422,2.819773738137351,2.2293208429421316,0.0,0.0,0.02724339266061783
2023-09-27,51.864466620606315,45.52174345024108,18.259309926427203,13.417328573431972,66.60045402072058,26.653223256064525,2.220420888508426,10.873018099778491,0.3137617800548341,0.0,0.020491434964603848
2023-09-28,48.672119950777684,49.14033979222616,3.2264226070404054,14.556204766700002,79.34672172190348,4.33433877392239,2.5491475532897314,2.098885278771718,0.0,0.0,0.01748261179844538
2023-09-29,40.78353056646984,38.753149364386665,3.583328713064194,20.36738912298891,57.195164020932516,4.722452470412784,2.6317390045317013,2.231855394164192,0.0,0.0,0.020980385965771144
2023-09-30,49.1377625799391,61.266706399612424,15.204127183087667,14.630792921232649,78.02101209761304,3.90227382390764,2.6062750404850643,23.977055737455157,1.1887283643211257,1.3682595306057401,2.3429759145265154
2023-10-01,20.90408641256968,19.386953685133193,5.774735917132695,13.540463547672696,22.96464261569553,2.0612482616933185,2.489803896653652,2.2452997482448156,0.0,2.7516524115837946,4.028001133617294
2023-10-02,48.417255220574276,49.636044344673145,2.64189151611646,13.795070405973329,80.84917705188326,2.648012288390266,2.8773641005314716,2.233797611052195,0.0,0.0011204808892144097,0.019778302828205953
2023-10-03,46.471896477745915,48.503399881680814,1.645389447042677,14.067112794688011,78.52820194544475,0.6486303225156997,2.6201198116490576,2.2364993126487738,0.0,0.0,0.019747153239780005
2023-10-04,47.521664420166005,49.82924548193191,1.6213110439576044,13.606620811702943,81.1773837576209,0.6492430899948544,2.5484290785010657,2.2401038867547776,0.0,0.0,0.02035206182665295
2023-10-05,47.47437505380419,49.82559671775818,1.6241162304761672,13.707786535636053,81.0000861746894,0.6480871287420061,2.541072079758644,2.231171665634579,0.0,0.0,0.019190852848423853
2023-10-06,48.02312509682548,50.01110121203953,1.5911937672350138,13.801626225430171,81.83853074960922,0.6525269548469119,2.7253858919975484,2.2495040812238063,0.0,0.0007282339445749919,0.02094041271183226
2023-10-07,46.53428263148837,67.23585788531834,19.09628236749014,14.443093348978364,76.73530458959367,0.6462808299011654,2.6130592247724533,36.1282096028561,1.6184013870869745,0.014320684814453125,3.003265122061041
2023-10-08,42.62706228153654,50.29580673261007,7.057232259066899,13.867621526383825,70.70549420931076,0.6464530926089818,2.3255729124432136,10.208925962051815,0.37236658812867274,0.0,3.237654254466427
2023-10-09,49.948027207594976,53.05696870533838,2.2576877930598784,14.001230222925608,85.61226178471034,0.6527967619217768,2.701427622140514,3.6689454806603328,0.0636239054772589,0.0,0.020840024747318695
2023-10-10,47.930980432658735,52.130265228606326,3.550994560162226,13.558715730118754,81.74838546887716,0.6427034506914351,2.7361593978627523,6.443185522331662,0.24822502507951522,0.0,0.018823152817620172
2023-10-11,57.5586493891059,58.55903107469348,15.486580009540985,13.79193690879239,86.08696454093086,15.286253206322987,3.2246588329792023,10.08538834151374,0.4882285591830148,1.7717103394232856,3.731109743065304
2023-10-12,53.34964592076195,53.23347901425256,14.823352364230686,10.808712538266182,80.38487752073924,17.333594817853506,3.0962539998849232,12.057543749302756,0.39998527687258184,0.0,0.19311466328356003
2023-10-13,54.7177727923796,52.09612770587919,6.994075316404768,14.131432535055477,85.5733330511517,9.934321283144422,2.76491513471153,2.2359962593057414,0.0,1.7014513024308946,0.019270485940774282
2023-10-14,41.95140350376976,46.35899503787995,14.377466039248572,12.161060478044085,62.68985338759952,11.610017730885614,1.0354960261588628,10.71788628218121,0.3184372046279907,0.0,7.085134821804894
2023-10-15,36.1557574808734,42.116839393193914,7.970749621652979,12.73390761286891,56.34789970840783,0.5145652635843401,1.8183953728491937,11.721260623059795,0.3516572455745708,2.7053739927835494,1.1372609657754431
2023-10-16,49.74455866026363,43.04936827074905,10.685236292792474,13.246934228870108,69.22867854672421,14.144808579679712,2.103148341191721,1.960987502584464,0.018646795266955604,5.608640453826795,0.04034576201353508
2023-10-17,52.502230924110414,49.51091471490649,7.382300198806127,14.158928116233083,80.60250423790826,12.259458609965643,2.5887042073504127,2.2128646871821087,0.0,0.0,0.01760458992640178
2023-10-18,51.79838927860261,60.1916125956387,17.181432905839287,14.012463433721328,79.55850930802663,11.616905019353233,2.638475065919028,23.127252282952202,0.7728231560852792,0.0,0.587896458023654
2023-10-19,45.72642499148898,49.797400685535,4.190813831187353,13.911606151318548,77.33542311816323,0.6420283282322355,1.7689874988322787,5.654797965437571,0.15665255824486415,0.47943352918836807,1.1436873957928022
2023-10-20,48.822086580780876,51.60538039893257,2.1709894810030197,14.27021101355447,83.08062761092715,0.6477531146695878,2.6397687892251547,2.241314246836768,0.0,0.08702900214301215,1.1395070284647408
2023-10-21,46.25101759264204,51.983456092177505,7.576719204670588,13.449080614187455,75.63695777656977,0.8253431368075477,2.762702360901038,12.081585844554905,0.5613037873527739,2.2092421103752984,0.024337520914077756
2023-10-22,2.495964347244918,2.65545909833555,1.2339136878379555,0.2471407886282518,3.730170386205246,0.963702639487011,0.1946721807895513,0.7913335815908724,0.0,0.0,0.008770545903423745
2023-10-23,49.877645085844435,41.72607134707274,11.683065806124437,13.793606961071236,67.13884577039401,21.91895420990577,2.533504520887559,1.5165024006682422,0.0,0.0,0.011088236247851466
2023-10-24,52.159038076587244,49.72542968472374,7.766946497369344,13.77027887160089,80.38691043921577,11.803618526946172,2.916742803572019,3.190318656158447,0.05152708436224196,0.0,0.01905615792486403
2023-10-25,36.84167390665691,31.588152463264464,12.186076645755769,12.802889906420178,45.900310201195616,18.142971767046184,1.1000960426158373,7.168777302953933,0.21263919636143577,0.0,0.020358922461668656
2023-10-26,53.84589551686604,54.2143024308141,12.644648427736495,15.904859921821487,79.58949878584542,14.298187600478066,2.9505930051440665,10.910655753815968,0.2707553097343445,0.0,0.020056464098029667
2023-10-27,50.21739165067037,59.43259316373612,15.900125518554052,17.491851947743626,75.23346064073775,8.530098589192498,3.102694206284153,23.949606898909675,0.6875778538833724,0.0,0.029822222212155663
2023-10-28,37.701586960890026,44.551553034773924,7.5130430622503495,13.248756372526485,62.44345928532071,0.645567199637095,1.2321554488870836,10.684952691171434,0.2474083444706599,0.02852498046875,3.3260468219108046
2023-10-29,37.25123404532538,40.609643696471316,8.344873781298533,15.122899563735325,54.37894379193201,5.891940210639105,2.011203446243869,10.201209981475403,0.22952508813354705,0.0,0.025939529907438492
2023-10-30,30.374148695890636,29.967868290490042,11.771752910701965,14.547163998775483,34.626929995752974,8.937026739811367,1.6786123748583264,10.590474568267398,0.2972994662274255,3.6990897445678708,0.023226643774509434
2023-10-31,48.8634369833586,53.44938816024779,8.262571102282207,13.724885578469701,80.22251080416785,5.76871869161288,2.0214650679572426,10.307487839953106,0.2587034006330702,0.0,1.297661186758412
2023-11-01,29.31542145751529,31.070348252686394,2.9950486590290066,12.21750445356263,45.91170530292088,0.645627656499015,2.002103577695953,4.356982420859866,0.06992256939437654,0.0,0.022133445707692042
2023-11-02,41.56995499818166,42.240033809233765,2.4155737958081565,7.593393763746685,73.82270930411018,2.4894272357771134,2.5809963053279454,2.2431275539588924,0.0,0.0,0.021904967445797383
2023-11-03,39.77157524263594,39.57990544037713,9.830532278144625,13.686921544354755,57.1895509513643,3.628163016238742,1.2086054704991978,6.762381124882168,0.28578288811153835,6.9585059086269805,2.617767569682068
2023-11-04,59.78811562049866,59.83395283216689,15.099332502177557,16.168076686549718,87.75091512757196,8.786675564121671,3.1071046926625567,7.355093074629042,0.2899873121356964,8.33443125983344,5.922515351723034
2023-11-05,46.03545260759991,50.81662921429104,5.300828565673828,24.930722335750268,67.1812439526367,0.9700036662038167,2.3783881287640996,8.733459620094296,0.20676899537404375,0.0,0.6971631456523472
2023-11-06,51.27875490252601,55.37744713025835,5.896556053010093,13.862910990083483,85.517214767846,0.6449218681992425,3.003171212129328,8.304461328873105,0.2017342310259077,2.6084993807930417,0.12583045559591718
2023-11-07,37.989408320859276,38.683180972201036,2.0716987135071223,14.135199782873261,62.38683384826659,0.6474514986546834,1.328016193212138,2.234545186218686,0.00015254171159532334,0.0028930516221788195,0.020699110176563264
2023-11-08,49.647486487354705,53.70224382199181,3.508584257633421,14.369061712965433,84.29331016077677,0.6438739543321398,2.9493239637149706,6.568302269467248,0.4147308738920424,0.0,0.01816837211290995
2023-11-09,30.334220924212136,38.02492509266323,9.368536566123963,11.52854479983065,48.69157987263149,0.6425133224805196,1.2821189089218776,15.764589124143392,0.9868143216840426,8.217728349897595e-05,3.415873444242478
2023-11-10,20.489137405666774,22.510513190405103,4.3028032585822205,13.273460577783055,27.296420907970006,0.6448824745135837,0.8904383269561661,6.915958266474405,0.3007893323837386,0.0,0.022874383600552876
2023-11-11,34.04920085559844,38.958389564895626,7.900019547808966,13.549526703278223,51.00550334272597,0.6430983864826627,2.0705861059374278,9.97875258775499,0.2891151677547561,2.669401195288764,2.0483463286630315
2023-11-12,2.155387861215674,2.431989151160779,0.7074670967613869,0.2131405709085615,3.7455305614174494,0.19468058573092162,0.2624462854761719,0.6723187037241981,0.0,0.0,0.008623767732040197
2023-11-13,25.78607468600604,23.722528691178628,1.380320292751205,13.012980127895762,36.89684868955403,0.5080517689640806,3.454144907876104,1.7475807983645602,0.0,0.0,0.018005198714412477
2023-11-14,31.41131869661967,31.150015156466164,2.0233425238206655,13.712949529274304,49.35399712571038,0.6271153918382857,1.3080174916444882,2.151291424963209,0.0,0.0,0.021723559771113923
2023-11-15,48.2302882587009,50.07794278835719,1.6478530393102437,13.536802266226871,82.59964897491031,0.6485290002801682,2.789357153804037,2.225414866915809,0.0,0.0,0.0205499881723192
2023-11-16,44.78058054880778,46.12090930552589,1.648864940906101,13.547902519724103,75.5797624751409,0.6507385787730748,2.745715195756224,2.2372234817610845,0.0,0.0,0.013682842583656313
2023-11-17,46.1422146050771,47.81455695632087,1.8185122013155621,13.939648701902493,77.90340239175158,0.650790277836058,2.8167578281174763,2.642034748477936,0.01236536371284061,0.0,0.0037363214172257313
2023-11-18,22.891871068772208,23.3148301787228,3.6706563842466147,13.21282935617765,31.83044440008375,0.6519715741602581,1.0932756542809805,4.956409221013387,0.12517551957156922,0.5193314137098524,0.004547889043755002
2023-11-19,2.6145328323974026,2.859169918051566,0.8242567556343833,0.23998025103102338,4.7141979104024685,0.22077549642672273,0.19250041444495228,0.7648494957234961,0.0,0.0,0.001924514497403581
2023-11-20,46.059484164651714,47.673263243603444,1.1946211514362006,13.389782471388607,78.58998189756991,0.5259650515365255,2.6930113114385312,1.7862762662220164,0.0,0.0,0.0009209685786390179
2023-11-20,45.4613167075475,47.07711938724518,1.1165675378990174,13.365017971702148,77.43411752993266,0.503167840320799,2.656182275062667,1.7071484995884365,0.0,0.0,0.0007274082544114854
2023-11-21,39.81642653318617,40.99625354566786,1.5988014037217035,13.162460138219195,65.76292902576445,0.6298944543817308,2.8658032496190073,2.1403838397407533,0.0,0.0,0.0013310124381383259
2023-11-22,36.089095536092124,36.65054695098878,1.6312667230712046,13.74018599032137,57.741439720230105,0.6238148190763261,2.6023318932822006,2.136926171398163,0.0,0.0,0.0019514936470985413
2023-11-23,38.75668937289345,51.52432000064002,13.074022118925518,13.993413063703112,61.39043372683207,0.6342343210071988,2.7326234050350715,26.4060564216974,1.5298805346202853,0.08187590732150608,0.002081316035588582
2023-11-24,42.98419110761429,48.4699304638036,5.451951931381226,14.015057948452103,69.69212551394145,0.6212602492237091,2.7264369247142475,10.64960783689499,2.0862647379922867,0.0,0.001937563015090094
2023-11-25,37.725275315153326,38.782778152101294,2.149332822695838,13.618276657985579,62.40210816867404,0.6332027246538797,1.1756428844812183,2.2489554607560898,0.0,0.0,0.0023412238812446596
2023-11-26,45.19843895067003,47.151173278350825,1.8618188943809932,14.285891487293245,75.81735213120778,0.6451646474838257,2.528994663223161,2.551755851546394,0.015742476778295305,0.0,0.0025857820341322157
2023-11-27,44.750703115810815,49.94664196948158,4.705221707240209,13.713200133744877,74.9613411914359,0.6285738652303483,2.6716780249842005,8.783401289778814,0.44859046004745695,0.0,0.0017258610195583766
2023-11-28,46.49874308964623,52.3099609381824,5.163814672736061,14.321087020574147,77.9365904336887,0.6425127128442129,2.6799255297819777,9.697709331031376,0.4088605567481782,0.0,0.0019033376277817616
2023-11-29,39.655396111039046,40.684006729753285,1.626564403767056,13.335042839636806,65.3347572248925,0.6343160606469049,2.741942546759447,2.2092260664346486,0.0,0.0,0.001831367317040761
2023-11-30,22.66442030609555,22.812008412373856,1.7771724624633787,13.287675604582892,30.448310111690105,0.5973114394251506,3.06645567816178,2.1213100718540616,0.0,0.0,0.01097828573015001
2023-12-01,8.24044648176829,12.689459374614291,5.997876360370848,13.622025563881662,1.6182256060112847,0.6442298452599843,1.641088894593186,11.062449584882524,0.3860822416406207,0.0,0.024360004354317986
2023-12-02,8.125677589213053,7.617112037082249,1.7732476369423336,12.566725220312012,1.6485932116572062,0.6448818382030065,2.900065307112535,2.241126013291677,0.0,0.0,0.027260893443425496
2023-12-03,7.513382031962077,12.522789858928256,6.466628827136358,12.566512632344564,1.6577995326487223,0.6483866211647459,0.4196794601045715,11.669455463854469,0.5935696874525813,0.0,0.029655626839796702
2023-12-04,21.089252641796534,19.114754238577948,1.581422946720123,13.139076947571969,27.627868304303487,0.6260233975548214,2.835017592435678,2.166850806365543,0.0,0.0,0.020980232143931916
2023-12-05,31.645277944895426,31.629001982447306,2.063285741155413,12.974318993227218,50.75005119800568,0.636565530935923,1.2197501532763906,2.192479420780606,0.0,0.0,0.0199468735464414
2023-12-06,31.85830674255371,25.356577037175498,8.201995598449706,12.170965967100994,39.567140340915245,14.67583454664124,1.0230323418317901,2.157019532892439,0.0,0.0,0.01961764336691962
2023-12-07,29.463864755753413,23.53382177017212,7.201692828314039,9.678414675722124,39.272383272560965,12.236730088581512,1.095790640018516,2.1810003718863595,0.0,0.0,0.019827279984686117
2023-12-08,32.63660020673117,32.93499619526757,2.179416875591278,13.82952541003651,51.89411416188558,0.6465458896700541,1.0589502033358151,2.237286329474979,0.0,0.0,0.023523255707687797
2023-12-09,35.64326186588287,43.59921228204092,8.315291548438601,14.153117560224,57.025592903679744,0.6423996605343288,1.0695528048563006,16.14742213836034,0.7201848759820726,0.0,0.021957521478864882
2023-12-10,31.830134693035546,32.552712298456825,2.203148106271956,14.952280002991888,49.10760539937338,0.643931069990794,0.9474235885437329,2.220511046059926,0.0,0.0,0.02137680595371459
2023-12-11,9.80637565608978,7.196844287363687,5.332910868797303,11.953399439104398,1.3345019564649794,7.685982106980218,0.2021543185493681,2.165652306628757,0.0,0.0,0.01968916094965405
2023-12-12,31.206047473072484,30.984772649383544,2.092576139539083,13.358116666013398,49.47803338435702,0.6265358604780833,1.0996860101911758,2.1721772499402365,0.0,0.0,0.018416958414183726
2023-12-13,29.14608108078003,29.236484144079423,4.1362618181758455,13.27982719997671,43.882026390728406,0.6309719144206578,1.1168906207940315,2.177594331972334,0.0,1.4500126498582628,2.8273469343296687
2023-12-14,42.98502151624467,35.115615046340096,10.4797187478892,13.096815153130954,56.94551888241237,19.433273057617612,1.1110825740355914,2.1754313012928437,0.0,0.0,0.018137141760455236
2023-12-15,56.528898499760096,52.203614182824026,8.99977729453193,13.956297063993878,85.84121998516508,13.261925636070039,2.899974599884881,2.2006994182014465,0.0,2.2677708629014757,0.018020278612507715
2023-12-16,35.189392591391666,35.46910316235014,6.470313272695541,13.435475861124461,52.91056747145759,6.132840529058244,1.1662380268160502,6.924553344788021,0.1428251197944747,0.006086699311998156,0.02532418840037452
2023-12-17,37.82780073445215,41.78263328768836,4.442836972961426,19.34014296241389,56.43875999974569,0.6504534812566968,1.3311309440999557,4.3512989033805,0.06255817273934683,0.06715431228637696,2.90281710294909
2023-12-18,44.42353590592278,45.05712765387217,2.8602503746329404,12.533576564842862,74.49776879514059,0.6398403634940255,1.796025032324261,2.1941332094595167,0.0,2.134650731599596,0.02289647974067264
2023-12-19,43.57696971815745,45.25985569490221,1.82384299325837,12.475536586153241,74.90010151760525,0.6380779591920642,1.7874149919160203,2.201344324921502,0.0,0.0,0.023316764949957526
2023-12-20,43.57396616191016,46.359199604509136,3.004448156935374,12.74187253200637,74.46707294862536,0.6539246476183999,1.8260973528790472,4.810088019684685,0.22964300900247364,0.0,0.028718073215749523
2023-12-21,45.11438493552738,45.81931101852416,3.0600945668040382,12.764312783937983,75.57957045643276,0.6457309629037644,1.877253464260366,2.2213478749402364,0.0,2.1468794414605035,0.4113683708442582
2023-12-22,50.04772749563429,51.16092740180546,9.837551140125063,13.329562193504968,78.4760723163944,11.237129980807836,1.8801925590176052,6.777604250573052,0.18192625815206104,0.0,2.4289263789833915
2023-12-23,29.439995311804875,29.778022052803045,3.2948093326346077,13.212325334130394,45.95522159540812,0.6489566051716275,1.167582361960941,2.2442843208355368,0.0,0.0,2.4298837783376372
2023-12-24,10.81368154867384,10.458913754221598,1.9478496987332237,17.31277193051709,4.121344961149427,0.5563903438313801,0.8296167667195531,1.921924321142832,0.0,0.0,0.025824288481076558
2023-12-25,22.69702615797255,26.320270011740785,4.705736505230798,0.7123205456723107,44.38265062387254,0.6548211206489138,0.9247237290112176,7.771866046390534,0.2554318433737755,0.0,0.026792013797495094
2023-12-26,43.74333021532271,35.37432039208306,13.117504850010343,0.7005165922662947,65.44222395746019,23.621261731514398,2.446405010787911,2.1995002210574683,0.0,0.0,0.019573890415297616
2023-12-27,22.805873670082097,21.325355573442252,2.1047647064346737,17.163252916209967,28.536513519855074,0.6405884670448302,1.1422201326076193,2.206196444278293,0.0,0.0,0.02166080031209522
2023-12-28,7.876128856574165,12.260692275738187,7.995000318450927,11.332870179017386,1.3562737522633868,0.6363429890124003,0.23199790491077632,10.087053858070373,0.3534594025270144,2.3529651482815215,2.2335845731141832
2023-12-29,7.223688560168483,9.275201145542344,3.8376546136907717,12.486900764176317,1.3823069511680977,0.6458716680903779,0.23273125415259713,5.518141699711304,0.22087581008911134,0.0,0.02654478252691004
2023-12-30,7.035642997622485,7.37589635770015,2.565836600804994,12.278051205937858,1.4079420860446983,0.6542222842549406,0.23590488648294627,2.2712293043954297,0.0,0.0,0.029976524347047277
2023-12-31,8.635253467869228,7.34022339782291,4.13442321152793,12.199498543784884,1.4127663675435385,0.6542393579059177,0.23695700383265814,2.271485191031562,0.0,3.2969820024787055,0.029361230783462523
2024-01-01,7.086336429222954,7.417967141757541,2.6068303406927313,12.35287991859913,1.431620881195068,0.6618582955074309,0.2469958104048835,2.305384794169532,0.0,0.0,0.03357960599925782
2024-01-02,8.50682158688863,9.242441476584538,5.152855571401384,12.168729315815503,1.3862248506503636,0.6436311473888822,0.22871889216528998,5.766730422329373,0.3635703063933055,2.8298199417453342,0.02625371448702283
2024-01-03,6.97696467681037,7.3220138302485145,2.5120216179042387,12.209854720109302,1.379236027475993,0.642064367550744,0.21833378508885704,2.22097351216899,0.0,0.0,0.02546544509914186
2024-01-04,9.249725465189618,10.184840699373881,7.981934438612196,11.126816397461361,1.3769641881306967,6.924226286051009,0.22561126029094059,6.244886650594076,0.456268013305664,0.0,2.436446535955535
2024-01-05,7.001919927931892,7.363390114334954,2.5052967133988275,12.266749059732756,1.3753092614407005,0.6410270607471464,0.21651630873574157,2.2155004367955526,0.0,0.0,0.024089023190339405
2024-01-06,7.196810348786249,10.950745276586746,5.422956827343835,12.431583343143995,1.377562016728719,0.6254597502824996,0.24185330982764558,8.965581911964417,0.23669889079411824,3.175069977900239e-06,0.029071618973943922
2024-01-07,18.530808923649257,26.48167807335748,13.281685827571023,12.859187132220269,18.999050805791217,3.1879684938218857,2.01879498477353,22.533392563243446,0.6781137240804567,4.762604966850358e-06,0.03286856078624725
2024-01-08,7.3538397835922265,7.426524716186522,2.156663230808046,12.406342500173249,1.4745698664432103,0.5957517738130357,0.9708357269467246,2.1963019983037317,0.0,4.762604966850358e-06,0.028250016160541108
2024-01-09,40.82718213259379,43.327094402965976,6.822258293250402,13.463309903418223,62.49651868837146,0.6198561501248677,2.724306237865554,2.2285626590432055,0.0,4.762604966850358e-06,5.814296102253332
2024-01-10,8.578819982469348,9.777136508967084,5.786522761770884,12.476471935083602,1.3527773853641087,0.6323186621750725,0.21793151360061436,6.760895330471461,0.165603910823928,4.762604966850358e-06,0.024573544070455762
2024-01-11,8.481467787077163,7.437407703077528,3.824995639953614,12.453943400528162,1.3499432104153106,0.6318930309634738,0.20618608688036597,2.1834786876297,0.0,4.762604966850358e-06,0.023463631842666203
2024-01-12,13.637388006507022,6.8880856238767825,9.323540766482882,11.250226185262468,1.3818321562533906,12.000181421675155,0.22204931462897198,2.2158942289733883,0.0,4.762604966850358e-06,0.025741775947146942
2024-01-13,33.75601967413161,42.5787967487759,10.919032170012791,13.889034482829835,51.247230577579074,0.639683327726788,1.002774509455363,19.696834732954233,0.6027791875796848,4.762604966850358e-06,0.02237849566830529
2024-01-14,28.372949087075128,32.32652820101844,12.412021655100716,13.054801909363006,36.763599240722655,0.6030033989217547,1.0959805221618546,9.859961493384047,0.22800924010223816,4.762604966850358e-06,7.266781559567186
2024-01-15,35.49714936290317,24.397829660186765,14.820934489019184,11.611293963796829,36.90392781821356,23.229006560873458,1.1466430529454017,2.226388164905972,0.0,4.762604966850358e-06,2.7488189384280313
2024-01-16,12.942122659717134,9.362599204101562,9.909978153654734,12.555873846494887,1.3578012620968287,7.047952097975414,0.21406384927802613,2.225391624707116,0.0,4.762604966850358e-06,3.952707320764329
2024-01-17,8.780785732828777,9.307392594511246,5.852791159687043,12.645168948586782,1.352228401489258,0.636205353867213,0.2094281574405564,2.2132839541753127,0.0,4.762604966850358e-06,3.8143630012467167
2024-01-18,8.350629450348748,11.82030887046814,7.3709477842521665,12.50789674332725,1.3596423702155218,0.6374796913305919,0.232788603506883,10.805672002968258,0.2855868075105879,4.762604966850358e-06,0.021888294357458753
2024-01-19,14.774379585931568,13.309231857554119,15.048151836107042,12.551515386311214,1.3631025272199842,14.091907733279335,0.22943203457514447,9.566227350294326,0.30554206240124177,4.762604966850358e-06,3.8119494211226033
2024-01-20,26.58802726450602,23.534165957785717,12.929417338547175,12.64801969575458,26.90730683114793,15.896006628123388,0.8958572396824095,10.590407418797813,0.3791596411532826,4.762604966850358e-06,0.02181351335419549
2024-01-21,46.878699642049995,37.335970552257955,25.816061820036563,12.661846202321582,48.74368439007228,33.18297822908825,1.4286692208149694,18.003173117336697,0.7031474097445277,4.762604966850358e-06,0.019393913858996498
2024-01-22,42.706526095517475,27.591742070702452,23.074828156642912,12.723435672726099,37.58228635066562,34.82194037067837,1.0649615966388915,2.2071721502007384,0.0,4.762604966850358e-06,6.744387144495115
2024-01-23,21.63396667702145,13.501409744271173,21.819465799560547,12.546840671135584,1.354388892957899,28.25584190827688,0.22874474187427096,10.251601101845637,0.34938461296319956,4.762604966850358e-06,3.535744931299951
2024-01-24,21.494103795110917,11.603005333565607,20.264313823229465,12.556784637884563,1.3551435596974692,26.230398076025644,0.21141097373459075,2.2175277395778226,0.0,4.762604966850358e-06,8.335348896679879
2024-01-25,43.44424593760173,36.006690031195745,17.926670673970115,13.12747274965816,50.68293893282572,28.03301415090773,1.1690188031758202,11.286887157970005,0.4212746041523085,4.762604966850358e-06,0.020114777995215525
2024-01-26,30.723752956242034,26.730525439512473,17.828341473818885,13.077639726224476,28.219472132890488,24.32841465195762,1.006038961588012,15.041714550651973,0.7636936114136378,4.762604966850358e-06,0.02116451456016964
2024-01-27,54.514530409049975,48.961470102759485,16.994710933600537,14.018474245444404,74.09006944601273,24.367162063075174,1.3658669101863434,10.322596847050985,0.44200216717004776,4.762604966850358e-06,0.02575624439265993
2024-01-28,39.906561415549376,36.48514633027819,20.415542458087078,12.81286117474132,44.81821676483155,23.703182788553235,1.0902479690337181,15.155777870930565,0.6299582938186328,4.762604966850358e-06,2.445754823697939
2024-01-29,46.82604214498732,40.36745306867812,9.035604335900413,13.45702883688079,65.57619891990662,14.09640933121363,2.251090244268576,2.4732125255288016,0.012662876284652286,4.762604966850358e-06,0.017875722954273223
2024-01-30,29.597388574023785,26.987189865256415,3.6243453648546002,12.376372899889414,43.73714600869073,1.1930684421041278,1.2277826478703817,2.21693858347151,0.0,4.762604966850358e-06,0.019707391467889145
2024-01-31,41.20545486081995,39.905413374292294,17.611816865170322,24.678183560750135,42.23338791558249,12.226043434128682,1.225677324894971,9.110237294962362,0.31977582766056056,4.762604966850358e-06,9.446673940646521
2024-02-01,34.87767842607581,29.260782188468802,8.323299123766635,15.667284675843531,42.961663270398404,11.74122484755365,1.1863531309073105,3.98310094535064,0.08075687934398651,4.762604966850358e-06,0.020207703320578623
2024-02-02,33.464581687410146,27.992710318717954,13.764132702469297,12.75284792339537,37.3800108508216,11.392004932284886,1.1614104181385039,7.17293478568395,0.29753170460780465,4.762604966850358e-06,2.6752524789627397
2024-02-03,43.10808760494232,39.04541726285723,9.250603682339982,13.602725165634155,60.893988481597894,11.610826004981993,1.1932510968433485,2.2389775034501818,0.0,4.762604966850358e-06,2.572756953818269
2024-02-04,43.16496411826665,38.80694896351708,7.249251750261518,15.331655000599758,60.777499190970524,11.339098133748372,1.145826991007858,2.242340216441684,0.0,4.762604966850358e-06,0.018825820306407077
2024-02-05,58.742422407714,50.431639537069536,13.606175146846772,13.353530628253088,82.458225080346,21.090153772202594,2.542793175327513,2.256988113136291,0.0,4.762604966850358e-06,0.6103287692372004
2024-02-06,56.81172941655053,36.998909161203166,25.057174265257515,13.18637026417414,57.83616368444655,46.1447914344332,1.1635214489396413,2.218718220246633,0.0,4.762604966850358e-06,2.0177015199875834
2024-02-07,36.46833899435256,17.997352476183572,20.620230049470262,11.955539341441263,24.632799831093685,41.6531831175073,1.6044521057534216,2.2157107121552366,0.0,4.762604966850358e-06,0.14026925387011635
2024-02-08,47.056209484575064,30.756127040625675,25.853918132254282,12.211780921850204,42.76584239559598,42.47466383729405,1.1829507431424988,6.299840544596778,0.25814690287219155,4.762604966850358e-06,3.9592488831289607
2024-02-09,45.54332414599948,24.23047204604255,23.68921036871592,12.267157711582184,37.13587261164347,40.1590640004974,1.067983855478234,2.2363561308458113,0.0,4.762604966850358e-06,0.9826706513155832
2024-02-10,38.14832186940087,22.31563053603278,26.321065143021475,12.389554562673567,24.467318669925266,40.90763183694416,2.8998153442645074,10.199620257216562,0.3112447264239523,4.762604966850358e-06,1.0594378853170074
2024-02-11,35.456703202684196,23.400514562733967,28.6979183981514,12.621169011052451,18.69837383391486,43.084404767992226,0.5941457426669863,14.000545854144624,0.5567286374783516,4.762604966850358e-06,2.5813988914696377
2024-02-12,43.2914263618003,25.822843809360933,24.843866834657458,12.077491062617833,34.653242247136426,43.53606238294495,0.9530164516758919,6.293289357373979,0.19818840729448528,4.762604966850358e-06,1.306582476363977
2024-02-13,45.76079567763858,25.011875324829944,22.64557286209955,12.723387527090711,38.536079489593504,43.164654100884334,1.0434300512893997,2.2349453110355797,0.0,4.762604966850358e-06,0.021235826294951972
2024-02-14,42.01518327884249,23.545668857896594,22.742562020314534,12.70415312920994,31.30303862468296,42.750743207681445,1.4821126118538115,2.232977562851376,0.0,4.762604966850358e-06,0.5525375904843545
2024-02-15,43.83702339720831,26.013110707702637,25.699103864453637,12.666730316207673,34.78244825453864,42.915497574420506,1.7987220783363451,2.2305724234199524,0.0,4.762604966850358e-06,6.3147887823446585
2024-02-16,35.6797338792589,15.711396556972927,20.83624003108978,12.715547077505326,21.681307862319947,42.79189139083439,1.0969109487655428,2.2217319524701438,0.0,1.9844187361876493e-06,0.021642377148734192
2024-02-17,57.35979465017108,45.63204156610701,26.479034006881715,13.27594402826733,63.61348959498088,41.89444817274094,1.7710862233122193,9.199301765999264,0.4558715556502343,1.3410412609185112,3.5873459188424213
2024-02-18,12.99444669737074,13.332244425570169,3.056350311955346,12.978537613597446,12.567445844760472,0.6385482371573978,0.6106773358458943,3.975043462908003,0.11569380454964108,0.0,0.0214627446908421
2024-02-19,28.798182132136034,27.900004332054987,2.0722457809024384,12.840135101157296,44.95937266679551,0.6407490611659157,1.1914899742338394,2.2145526135423452,0.0,0.0,0.020442220022943283
2024-02-20,17.071792272148134,15.410610951190522,2.5474922056134544,4.3387207587613,27.44163818006727,0.41742185969564655,0.7355521241291365,1.4508278012360467,0.0,2.397649352756076,0.017872700851758325
