Time Bucket,1-Mains_A,2-Mains_B,3-Mains_C,4-Air Conditioner-Salon San Fernando,5-Air Conditioner-Salon lado Cochez,6-Air Conditioner-Gym cancha 1,7-Air Conditioner-Cancha squash 1,8-Air Conditioner-Aire Sauna,9-Air Conditioner-Cancha squash 2,10-Air Conditioner-Gym cancha 2,11-Air Conditioner-Gym cine,12-Air Conditioner-Salon fiesta 4
2023-02-20,4.129884183536106,3.6609990415234033,2.8006669493484497,0.2662322479255994,0.2790424630641938,0.19243357997099556,0.27381695671849776,1.3004278130510118,1.3087951484266915,1.344746260602739,1.2477891544193689,1.3154445112493307
2023-02-21,6.617867305348713,3.6570962384838523,5.163506062395307,0.2659455593283971,0.27797841826809777,0.18893132094409731,0.27362324700249574,6.258434048407873,1.3063602896944682,1.3440588807074227,1.2524343831719293,1.3124317392275064
2023-02-22,4.12974672463735,3.6684341109381777,2.8049531083001034,0.2655463786321216,0.27980208500358794,0.19475149327331115,0.2727991295419799,1.3022316235192617,1.3097504827478197,1.347234703996446,1.2491956887171005,1.315835115084118
2023-02-23,4.1243025299157035,3.663347611427308,2.8009249518564014,0.2659819762179587,0.27929003061347546,0.1932852043419414,0.2721643800449372,1.301490520894793,1.3077834277470908,1.3447030096244814,1.2472146455372703,1.3139764128462472
2023-02-24,4.104641874694824,3.6503568043306145,2.788535567484962,0.2639557274015745,0.2769079484581947,0.1903433110838466,0.27054049441999856,1.2940584067694347,1.3041143079778879,1.337119734041426,1.2441597208277382,1.3096590347936419
2023-02-25,4.117856337644789,3.6703304800584586,2.803812711315155,0.26590063247442247,0.27884098210970565,0.20034826776425044,0.27334264027198163,1.297300999443266,1.3099519514889189,1.3414679906495413,1.2526373369661967,1.3156365619119008
2023-02-26,4.14369374045478,3.6917896711815734,2.821246566598681,0.2689035095527438,0.28101079066541457,0.20331218269639548,0.27599256447315224,1.3048857287544675,1.3179620659976536,1.3498015999582078,1.258831234205034,1.3240782571898566
2023-02-27,4.0994371512900445,3.6511275512229076,2.7919408732965256,0.26227943558745914,0.2762404106815656,0.1891790438554022,0.26986275758928724,1.2937148699537915,1.3052067575973931,1.336235532240338,1.2443745167795814,1.311084223467509
2023-02-28,4.0951014487245345,3.6435143143081663,2.7870721449640063,0.2628847128865454,0.27663854858530895,0.18854236831823984,0.2696736062455178,1.292609307296541,1.302680198934343,1.3352004561487836,1.2412755816025205,1.30808760963228
2023-03-01,4.090279343863594,3.642124738277859,2.7814272629568313,0.26285492967261204,0.27635483719958204,0.1889534334598647,0.269129840048684,1.290965319943958,1.3011007820648617,1.332829512344996,1.2412135612561968,1.3066464893394047
2023-03-02,6.999883541785346,3.6463596860376994,5.596632060390049,0.2630195530425178,0.2747702096549669,0.18852558922052387,0.27017999179522195,7.238313458035788,1.3004582642555236,1.3330212819099427,1.2507371904595692,1.3054540700001187
2023-03-03,4.0782967455673225,3.6360333279800416,2.774396513089074,0.2628924386329121,0.27530415435738037,0.18742042368253073,0.26828377845499257,1.288968771027459,1.2998706575330101,1.3288009089024864,1.2406141757074989,1.3051058392323394
2023-03-04,6.664374923053319,3.6631690215640593,5.29324005841573,0.26660098388459946,0.2778693962195185,0.19397249772548675,0.27325949125872717,6.592209548155467,1.3062165501456788,1.340152552222146,1.2555964981577135,1.311422946384218
2023-03-05,5.6445889722315465,3.6103129197396173,4.2651127818467875,0.26111551404741074,0.2727385712785191,0.1881929112272792,0.26820584544420245,4.451238949376212,1.2894503444692822,1.319230051033232,1.2362812766742706,1.2943707436476815
2023-03-06,4.049994017160203,3.606696603071425,2.75625790353775,0.2580856195176972,0.27277154394971,0.17810856466982106,0.26338394867791065,1.2826659603457984,1.290139502949185,1.3208049258655972,1.2301510800912645,1.2948337912686667
2023-03-07,4.054932959632874,3.6080306944741145,2.7593400754208033,0.2585026897123125,0.27389804168939597,0.17891028299199213,0.26325999256054566,1.2850934280596835,1.2888187079758113,1.3236224561723071,1.2302509312364789,1.2942116604179805
2023-03-08,7.258147810520595,3.6213455295817063,5.8668478580729175,0.2590988813463847,0.2719408660329713,0.18010264590448805,0.2664995704020394,7.848867265166178,1.2903262423864998,1.3256180405097533,1.2437642657460108,1.2953575892056355
2023-03-09,4.048485564579433,3.6046345279184973,2.7524812462743125,0.2558042152327961,0.27116781484391955,0.17824165140522852,0.26186313821395235,1.2807403144041696,1.2865745579253303,1.318240291454527,1.2312300506538814,1.2917412913237678
2023-03-10,5.12361642581092,3.6263840250566264,3.811145517548456,0.2594698747618993,0.2742028569369846,0.18260710782527928,0.26559723378817246,3.501036981099447,1.294261187118954,1.3292464649931588,1.239321045166651,1.2994671686320836
2023-03-11,4.072988182966445,3.6260255084398056,2.772799040987226,0.2589303361646334,0.2753457440008058,0.18254625610457526,0.26453708246443014,1.2895445941045554,1.2928973240587447,1.3290901027064854,1.235750318622589,1.2980305473836262
2023-03-12,4.071469548017714,3.6203951935577394,2.7703637820180256,0.25899575334469477,0.27485117213514115,0.1815988039686945,0.26438025815169014,1.2882052982807162,1.292033923823039,1.3276838285774653,1.2342605577437082,1.2975801512400307
2023-03-13,5.672771700356802,5.1626984995693626,2.757029900279574,0.2562081627294753,0.27197899000353287,0.17678928821722667,0.34294617665555743,1.2783187628502315,4.771822397536172,1.318759967971378,1.2286642315748004,1.2930390516238748
2023-03-14,21.195909901481205,6.8293915891223484,17.289723869387306,0.2895390134535896,0.30705335455523597,0.22841857903374566,0.3875590695418251,29.30204026392937,5.894714500206842,2.8340143578868444,2.368135532418357,2.653302735258739
2023-03-15,7.226613466199239,9.434342795961168,5.221319302414788,0.3752707170038752,0.39455975164519425,0.16207645542436172,0.3109314049047895,1.1576436694060432,3.5533411427434283,1.195876219587326,6.480962743850285,6.106053674325942
2023-03-16,3.938648611898422,3.492031416224373,2.669107724160089,0.2535784556319979,0.26763599405394656,0.18635879265175925,0.25758204659779865,1.2408330759829946,1.243902355922593,1.2801093926408553,1.1900801756689283,1.2488909558063086
2023-03-17,14.696658132805293,24.906762591860033,13.54542240421719,0.6689337409896321,0.7750195341237386,0.1961472909943263,0.26310400341881646,1.2874382545047336,1.2949012817022536,1.3395827407635585,23.943036286997263,23.68993428575092
2023-03-18,16.67965858405431,27.940639992410873,14.996217632361521,0.8676275149279172,1.027867319702837,0.19777742126862208,0.2614817115834025,1.7171294686783685,1.293171649963591,1.3402515128495958,27.860836313067544,28.05508369669913
2023-03-19,4.077548918923272,3.6289885989803743,2.7749838538106286,0.2600052607899242,0.2744845831508106,0.18349840734269884,0.2649006989826097,1.287217780622906,1.2921279684734346,1.3270615768729317,1.2389579753006825,1.3002917040252686
2023-03-20,4.038897704666985,3.5999722844187416,2.7516286109564034,0.2549941344881058,0.26980106335481013,0.17567610072241888,0.25924709532393353,1.2751890295463135,1.2829286806201934,1.3154005153189767,1.229266452278561,1.291290919581519
2023-03-21,4.046682196689181,3.6026508646477584,2.756065007455614,0.25638582282278266,0.27141542203426355,0.17562264598343105,0.26123110296222896,1.2778672273974945,1.2850659701591067,1.317733571774165,1.230404203386307,1.2932919277731578
2023-03-22,6.690144864561293,3.6269774993642176,5.253090429924859,0.2608919421124458,0.2721232946978675,0.18296959722359976,0.2665014314712418,6.489779667136934,1.2910321498139699,1.3250917617691884,1.2463580733437005,1.2989915269989436
2023-03-23,4.06608075624254,3.6190378880479597,2.7662040034760373,0.25805245727671516,0.2725672174935871,0.18190598644230105,0.2621265587491459,1.2857315049245621,1.2886825294303894,1.323570207362705,1.2365405603281658,1.296281530652576
2023-03-24,4.081341261914571,3.6322668972778316,2.775790125615862,0.260666899617513,0.2749370489446322,0.1871343493877517,0.2647970747023159,1.2902713046741485,1.2936431124888526,1.3280583042112983,1.2413170183181763,1.301173741797341
2023-03-25,7.173516677055359,3.6421404094823204,5.818368235532971,0.2624647342287169,0.2749238143099679,0.18677852849351032,0.2681354043271806,7.757601824102402,1.2944309232076012,1.3327312941688962,1.2514076411543953,1.30143847720676
2023-03-26,4.387576425323488,3.619980209053888,3.071272212414212,0.26000949912283156,0.2733981520459388,0.18190202050738863,0.26378555493169364,1.9314480131212872,1.290735001479255,1.3235616986041598,1.2376906351672279,1.2979948949368796
2023-03-27,4.035328671514723,3.5949474661593963,2.751788574064043,0.2553078174111578,0.270090434308052,0.17479399328046374,0.2597853530070517,1.2745975957224105,1.283598636396196,1.314720594950782,1.2291299409717982,1.2905979788250392
2023-03-28,4.024896353937784,3.588587470525106,2.7450022754542025,0.25423460921817354,0.26946610731999077,0.1743706208247609,0.2579070657997662,1.2715503254127503,1.2801620830143823,1.3112032921738093,1.2278024690564473,1.2872252914015454
2023-03-29,12.931394967808192,3.6176988214408032,11.492349127892389,0.25866326645268334,0.26890144135554633,0.17413031318770517,0.2669376487824652,19.835377210802765,1.2828600790521834,1.324321449947357,1.2568868692599402,1.2890417502689362
2023-03-30,3.990644342710706,3.5495739236026345,2.719179873644511,0.25176070796913574,0.2693124677885903,0.17673508743445074,0.2553413485521741,1.266106849774255,1.2641004423300428,1.3020169716813828,1.2119604655996956,1.2700851640658908
2023-03-31,4.269665034285652,3.638106463923985,2.9873190780131025,0.25112024185498555,0.2729952239097489,0.18050675584422213,0.25552184600247274,1.8317938781007128,1.2743113542768694,1.322241378853056,1.2371484587277306,1.2801788546593984
2023-04-01,6.028079766557481,3.6751888512420647,4.727504695938959,0.2568323301553726,0.2766562593619029,0.1885563911896282,0.26168793226665926,5.475819193005033,1.2811995932462479,1.3345352126312255,1.2528713761753507,1.2870497869926028
2023-04-02,4.050323545023602,3.674172339545356,2.755019325769212,0.2564220969374974,0.2771399528935221,0.18774819681247085,0.25909608114401506,1.3006959065373738,1.284105607675976,1.3327906477281781,1.2464473060385384,1.2898642102771334
2023-04-03,6.21202766067505,3.6282465508482193,4.861894163898892,0.24947119886981112,0.2706047779292531,0.1718775797375043,0.2543955395269394,5.775705243261127,1.2676194583267635,1.3171129965305333,1.2366888533835942,1.273546080150604
2023-04-04,3.9962704942788014,3.628872859607272,2.720844082683987,0.25002547785997387,0.2719442244407866,0.1745403363505999,0.25244622598303684,1.2910663565635683,1.2701632217439014,1.3165768754842544,1.2313371751997204,1.2759658250723944
2023-04-05,6.687541225064595,3.6307842601564198,5.302383219193351,0.2505438983207279,0.2702435468297535,0.17187167386929192,0.25442491069926154,6.685834478544658,1.2679738663493263,1.3180915428320568,1.2382882952817278,1.2734682311322953
2023-04-06,5.269582253994413,3.583306652607388,3.962020032927195,0.2472865679295858,0.26905371631860736,0.17375527249468695,0.25129513345903826,3.94536040778478,1.2508921307902867,1.3019462670845454,1.218186615747876,1.2564951161140865
2023-04-07,5.934621719479032,3.66184461004893,4.636567252599926,0.2541821643906169,0.2748514466333389,0.18287822058041894,0.25793804531150394,5.30747711874856,1.2769005942694345,1.3300513311237756,1.24756735493554,1.2827739807690515
2023-04-08,4.040326071260241,3.658757328813341,2.7464187293794424,0.25355056677447424,0.2761058482588662,0.18268301066001258,0.25663687118874656,1.3045614514223738,1.2781159550698595,1.3299143985218471,1.2405997118716772,1.284309838622411
2023-04-09,4.052832600597806,3.6764412486479023,2.757503345531887,0.25667222215440544,0.2769423768528302,0.18876485368940568,0.25938246437840995,1.3074990905253092,1.284533408644994,1.3334664882638718,1.2472391076490614,1.29051544804679
2023-04-10,3.983749264636569,3.6238079166709056,2.7162253387811455,0.24776288368807903,0.27058488594452534,0.1735655892244975,0.25011988562398485,1.288796737455792,1.2671413423697155,1.3135077142651876,1.229521489254634,1.2724175509876674
2023-04-11,3.9926353702629944,3.626270228123135,2.721574775950114,0.2488074193080266,0.27147055945290455,0.17162960318273965,0.2515919120089213,1.290722677175734,1.2694894732093813,1.3155623957273697,1.2305468453174166,1.2747228995958966
2023-04-12,3.8928195730251742,3.536630737770928,2.6500644357384573,0.24386507702668508,0.2645596668031481,0.16881446817186144,0.24559694910208385,1.2592396061611175,1.2389188602850174,1.282192438525094,1.2010554299502902,1.2433681607384148
2023-04-13,4.065646257387797,3.6421505618031826,2.79093186653773,0.25172068461815517,0.27270880374484596,0.17786149204492568,0.2526132601335313,1.4286959737650553,1.2734400195270115,1.318879050070445,1.235758923521042,1.2793970108350117
2023-04-14,21.424979133525426,3.656012892824809,20.158784148589245,0.2561396023024453,0.26435957468721605,0.16506904659456678,0.2685915281552738,38.240137926263806,1.2659553014002907,1.3296601091755764,1.2868978594822356,1.2705019430160522
2023-04-15,4.194210192222595,3.669869034050835,2.903508943246206,0.25544425633854334,0.2756596944506963,0.18742331524345607,0.2574444418284628,1.6401743689240353,1.281348877547582,1.3277267926470435,1.2462631250137752,1.2866460212686324
2023-04-16,6.051334736815558,3.668047300228543,4.875884558743371,0.25605479580614293,0.27502401308404073,0.18417337082306548,0.2587549779319764,5.969175073776245,1.2796913384819033,1.330519679248598,1.2495625956736671,1.2854294662094115
2023-04-17,5.168590210223727,3.65661673538208,3.857025160136752,0.2530196089877022,0.27392123935222623,0.17967787962781054,0.2550951561575465,3.6469063419914245,1.2777152085993027,1.3254666494041019,1.2428324996174709,1.282893265522851
2023-04-18,4.7245371529134115,3.6415250254821774,3.4294812923155895,0.25012582536644407,0.27260129133595357,0.17655995626979404,0.2522901388602787,2.7705799178335404,1.272618627316157,1.3203233967812855,1.2370824894036188,1.277796852124532
2023-04-19,4.035040656729804,3.6076753278605156,2.75180740135193,0.2564041706593831,0.2721003633740213,0.1808152808176146,0.25875614897648497,1.2832827841695151,1.284196841566298,1.3160208100710975,1.232227914334403,1.28894189154519
2023-04-20,4.034468116705153,3.5969200980292424,2.750868394779629,0.2548177136633131,0.27069630796008637,0.17610503638479452,0.2570211938979891,1.2790767638471392,1.2840147851276398,1.3133013401900397,1.2298893696986304,1.289029994850159
2023-04-21,4.022067548963759,3.5862865086915763,2.7417093782297766,0.25375299763573544,0.26909403466171683,0.17374282646735512,0.25618569046126477,1.2761852754327985,1.2802001596948835,1.3091500482728746,1.2265540009869467,1.2852257840220134
2023-04-22,17.50349080468072,31.29424761645847,17.25198678413815,0.7386649673427474,0.9123622939308484,0.18945322008768717,0.2555117492545975,1.284801235089832,1.2897169169712064,1.3341295930427972,30.396488216607835,29.05111241763115
2023-04-23,4.6607326445028505,4.172835175234476,3.128827677701314,0.2754378409634697,0.29035959529002514,0.18314841450585262,0.26040152875953254,1.7347209163422055,1.2868987773863476,1.31464579835044,1.627372665583293,2.100972037407557
2023-04-24,4.040640863783095,3.598582325265673,2.754170366325379,0.25547276141113706,0.26962051080385846,0.17663206911537382,0.2569416667657428,1.2754585863855148,1.2831374614450661,1.3113124217361873,1.2309602390458845,1.29012820696089
2023-04-25,5.137151291707357,3.601301058705648,3.7960703533935543,0.2555157266881731,0.27033300073597166,0.17686154258675046,0.2581903040358755,3.464397970120112,1.282764408682717,1.3129069100697837,1.234595933951272,1.2897580525090957
2023-04-26,11.426424803398982,14.64869032679452,6.554423310517206,0.46713776058408946,0.7161249449359044,0.18416725615236496,0.2552547865430514,1.2802376099745432,1.2871596232149334,1.3204093497488236,8.754225268680784,16.35884954479218
2023-04-27,4.0325224801466195,3.5959127588441633,2.7507505888324313,0.25435267963780306,0.2700861627003882,0.17711437753253512,0.2557750041604042,1.2748822218248583,1.279755905351639,1.310406575849321,1.2309020459312863,1.2874610329257115
2023-04-28,4.052047910452949,3.6081988259972464,2.7653659168540106,0.25735785033888287,0.27392049921221195,0.17970552022616068,0.2580873052337435,1.2837307461452485,1.2844778000768027,1.3193386293262903,1.2317793912728627,1.2924386364343432
2023-04-29,5.351670137727525,4.23188011373096,3.425329104499817,0.2604107899641991,0.2767846045088768,0.2503552640692393,0.30699710643476913,1.288330647436778,2.659682235804664,2.6333372483433615,1.2383548205979664,1.298804412938224
2023-04-30,6.9651283426030455,3.6118731828986266,5.661088515917461,0.2595629368466801,0.2742721587440703,0.17752855537917878,0.26163923931015864,7.497265865882237,1.2839087297354808,1.3256983186785378,1.2378258209164943,1.289964725151062
2023-05-01,4.055307723956639,3.5937607115003805,2.6585625513203937,0.25522131303283907,0.27186259677728014,0.17211308646678922,0.2561700815799501,1.4849181883059606,1.2803084785408447,1.3156128421868218,1.2257277518897587,1.2870458602015176
2023-05-02,4.256375921885173,3.5851360799280796,2.972652757152981,0.25410896821657825,0.2686773628075918,0.17020745581467944,0.2550315981435776,1.764563459889094,1.2799393589793309,1.3068987716272145,1.2253059636412726,1.288531396505568
2023-05-03,4.091472295214334,3.579313604460822,2.812582229156494,0.25351965465943016,0.26710255307488967,0.17016412974781464,0.253636797167725,1.4394626629119451,1.2772114966763393,1.301995663192537,1.223938225783242,1.2857771750513711
2023-05-04,3.804356454463535,3.3957651543596055,2.5930688006909692,0.23925051344156267,0.2519608159388436,0.15916695322036742,0.2389933021052679,1.2039669875134364,1.211655322453181,1.2345232580481638,1.1610833341768052,1.2199542257414924
2023-05-05,9.94540471945021,6.02114323360867,6.026202245356242,0.25176859869109264,0.263583290383021,0.1642280911898613,0.38651740638944837,8.181460909161038,6.346435514995785,1.2973860968536801,1.2298060612477197,1.280236786584854
2023-05-06,4.952264697149065,4.504825940539042,2.7574544151306144,0.25907349597242146,0.2723495495239894,0.18140324032730526,0.3087017726953824,1.2785877592722574,3.201854665502972,1.314467097791036,1.2343608894295162,1.2944395281336045
2023-05-07,51.9732095058441,2.6058265155135256,49.38019482285181,0.2681622802159522,0.3043279267549515,2.777303527272277,0.2712995159978337,27.48723951426082,1.2965413072925143,68.47671633179134,1.3135090189107261,1.2815646803421448
2023-05-08,4.053371319601271,3.5784183309427897,2.75153743083318,0.25186429098765056,0.2677189485510191,0.17161035682784187,0.251921761569447,1.2721070045195682,1.27668383245998,1.3622877359114753,1.222966562297609,1.2825000880368553
2023-05-09,4.143732191543579,3.569538555971781,2.853387587072585,0.25345088750521344,0.2672569305446414,0.17328825708707174,0.25349181774059926,1.5124939559576247,1.2760738334072963,1.3451694960223308,1.2204931453280983,1.281406825935576
2023-05-10,6.486203850777943,6.048069556876289,2.7603732296138346,0.25614922220336067,0.2721968734455109,0.17474252209663396,0.3766798149577776,1.2796053060266706,6.340856675752005,1.3482671135860016,1.2262866386180453,1.290129854875141
2023-05-11,4.033472691580454,3.576660931110382,2.7476717164209163,0.2548169118444125,0.27035769518083996,0.16972652827978132,0.25322614893383455,1.2737411995103622,1.2775802339596218,1.3359798441579604,1.2199818223084344,1.2836597654872473
2023-05-12,8.227057503649393,3.6062448059505887,6.745950933443705,0.2605074610214763,0.27143952663501103,0.17822534013165367,0.26050762136300404,9.655829609767066,1.2851138292386801,1.3371376336680518,1.2414444252671135,1.2900000077109868
2023-05-13,4.070090574353536,3.6188319868002994,2.7654550102467015,0.2613616812149684,0.2748264543800884,0.1865244759570228,0.25973544863435954,1.2888986169666716,1.2903843535465662,1.336317729408476,1.2364602585061388,1.2954938033453627
2023-05-14,4.678263471353319,3.6162679869842527,3.3453707800695627,0.2613684383230739,0.27420826102680634,0.1842026856276724,0.2599874596582519,2.5195359587626993,1.289484925889969,1.3322847339799668,1.2359624578539532,1.294592176150216
2023-05-15,4.018083831028408,3.5667424381807122,2.7363322244093156,0.2551567170858383,0.27104566635290783,0.1708304552692837,0.2545560253927443,1.2776333985826707,1.2746570445368026,1.3176000960403018,1.2146358875274657,1.2795034582095675
2023-05-16,4.065708367140028,3.602430569504631,2.7726345844756235,0.25827079511245093,0.27748965556012256,0.17657255383014675,0.2582808066044913,1.2960466788800553,1.2843641102610694,1.3369224682850307,1.2242648513560825,1.2881484797604876
2023-05-17,4.030926528714498,3.576884056332905,2.7487410668563834,0.2556528245602714,0.2728850159915288,0.17071317385461593,0.255926045902835,1.2816329038715364,1.2776081700144872,1.3213631809118058,1.2174899800639682,1.282091183871163
2023-05-18,4.115388545163471,3.6023786852476327,2.8234181653489,0.259445774831242,0.2730793260153135,0.17981607111454012,0.25926215820100573,1.4318653907754688,1.2862601732307009,1.3207771271048654,1.2295144274499683,1.2921285374959306
2023-05-19,22.155975595815445,38.33760250917859,22.267651100631284,1.1963269855507215,1.246639051264922,0.19485146620988847,0.2560048330198394,3.7199566063446468,1.2964142341497207,1.343802689716551,37.44809079828792,35.33888772721926
2023-05-20,47.71753851461834,70.3232634334967,44.26397191418118,1.5440666487397086,2.248581369531949,0.1830448749833637,0.2501733577892516,19.542129124868183,1.2810361713292866,1.346763756424586,66.46775903284922,71.56089595901702
2023-05-20,47.71753851461834,70.3232634334967,44.26397191418118,1.5440666487397086,2.248581369531949,0.1830448749833637,0.2501733577892516,19.542129124868183,1.2810361713292866,1.346763756424586,66.46775903284922,71.56089595901702
2023-05-21,26.721077653134664,29.650521369777255,27.99901605132209,1.1169698194101123,1.1585824441311094,0.18376409139792127,0.26881573359674876,26.735650042564608,1.2893753741931917,1.3468000210147435,28.87128069025993,26.504284752365752
2023-05-22,23.238645966377245,56.570951230148744,37.885992044677735,2.46360466160218,1.6883720921174687,0.196912651380168,0.2520222129641639,1.670234967385398,1.2905411426978641,1.3560559715207419,71.06004721867029,40.14342079489285
2023-05-23,3.7027885528585642,11.104987594097981,10.51439108575185,0.7843725640694301,0.2652197251224518,0.17477500296142365,0.25118152599573135,1.252825404226515,1.2560374739138285,1.296954144259559,17.2171402057351,1.2729260990778606
2023-05-24,4.162778045281304,3.458189729559156,2.9683426713222927,0.2613720487938987,0.2760018886717161,0.6227155183407997,0.2611312342498038,1.2901149831263223,1.292179598780738,1.6342551852491165,1.2631972476514182,1.3093439749548172
2023-05-25,4.233569956592984,3.443094700968001,3.0965488835250006,0.2599913296778996,0.2754077443414264,0.6183481397247316,0.26008466761906934,1.2866490692742665,1.2884027535576295,1.9131273089641994,1.2547887446816763,1.3045857826995846
2023-05-26,4.707216120495267,3.4439319780201374,3.6307379357253176,0.25869320767694054,0.27463267502546307,0.5984556058737966,0.25814830573055475,1.2838794507280986,1.2854728920830618,3.016729391027027,1.2512411537435317,1.299535837481817
2023-05-27,5.587486533258225,3.49241684721205,4.550272807375591,0.2681977964054214,0.2814600995813476,0.6303229429597326,0.26889012518167493,3.595472399358749,1.3057836268562741,2.641261198515362,1.2705670703495875,1.319014658583535
2023-05-28,4.3824942582956945,3.5546098118061487,3.2373018941709737,0.26802247447649635,0.28170666743596395,0.48496019587172395,0.268432243452602,1.307591567168765,1.3074633743657005,2.1533007483715485,1.2682490810849933,1.3198137661414673
2023-05-29,21.432337216750252,19.47993048687193,3.9200666967074076,0.26789634617567065,0.28215318969647085,0.6135078380142317,1.6659001488881642,1.303596694881651,36.3748497583527,3.552507704149882,1.2727809420839944,1.3321313681401148
2023-05-30,11.672864829911125,10.559535677990384,3.232164597170088,0.26256891530964105,0.2775006906837887,0.6158008014419343,0.8061071119379997,1.2914289040872786,16.714848507428698,2.1937345492966966,1.250770366217295,1.3089140630022686
2023-05-31,11.426383384761811,10.791987858865527,2.8017204145876566,0.26433191460238564,0.2767569809598393,0.18876934728913836,0.7818017719933722,1.2902522277206845,16.66919087050544,1.3217218921332887,1.254211899283727,1.3130187706332734
2023-06-01,10.967194454182518,10.27479348171234,2.7864407785691157,0.2594123211153348,0.27586293210903806,0.17662048246092266,0.7742449731127421,1.2873664574993982,15.788420045240189,1.3179005552281273,1.2417352950890859,1.2993420260800255
2023-06-02,4.513598933367589,1.943804301943277,4.258373271693235,0.15257651112284576,0.1639240302422939,0.5610828223712228,0.15227234113514077,0.7570716474682547,0.7629098206362528,6.076194295153728,0.732757876803108,0.7603731826790312
2023-06-03,19.902863428281815,0.914567081630467,19.449788531391246,0.1106585516223015,0.1308703161774114,1.4669928525509786,0.1086865367973548,0.5198205289288571,0.5345417708437903,37.37135958786582,0.5238295352437482,0.523908826526257
2023-06-04,16.34226815319909,10.208832381220924,7.950777909177145,0.2679503943912188,0.28163606945991526,0.587917533683512,0.7705379082629417,5.504076708088981,16.303202220896615,7.940138955776427,1.2614657440969679,1.312975389055676
2023-06-05,30.169185978393553,7.236819310920503,25.53705185846117,0.26292429503467357,0.2913636323221524,3.0399293155505918,0.5337844306492805,9.938079476981695,12.137050125626459,38.46074176545038,1.260061574412452,1.2781310785579685
2023-06-06,5.141068242602878,3.55394076093038,3.8870240724881495,0.25271596169047883,0.2676500553705957,0.1595027431485388,0.2522463965959019,3.715612175093757,1.2728854933325449,1.361660061428282,1.2203723025364346,1.2748235576513083
2023-06-07,7.666235051913791,3.5692120740848114,6.444949795356326,0.2556947825868925,0.26808347473594873,0.1625681938097212,0.2567872537136078,9.249819370453093,1.2753700714068945,1.3530475295543667,1.230977411963145,1.2784132689878678
2023-06-08,5.823487281833226,3.375215556373596,5.056258745331235,0.25083465275737976,0.26885228724691607,0.5661418367995155,0.24931148625453314,2.6629133902464974,1.266558581741121,4.6845991304026695,1.2154609663497078,1.2703672381485835
2023-06-09,5.970638426187303,3.3946186682404407,4.854583952929178,0.25659283430152474,0.2726258878816499,0.5905380263262328,0.2552690984831916,4.486678958849377,1.2723402365218266,2.5970527495320637,1.2240658552349937,1.2770158088186052
2023-06-10,8.784861968264051,3.3744176285521186,7.726117106218338,0.2582005727317598,0.27489766960700357,0.576533894628419,0.25668229178984964,4.584963734806909,1.266972581451204,8.210068437061311,1.2161185540432402,1.26894471932941
2023-06-11,5.198850733816361,3.4766265237384375,4.223663098932902,0.26023420432143746,0.27438430677864284,0.44334388791004814,0.25917539416842994,1.2785590142705707,1.2855506165769366,4.287493733308581,1.2282962713156809,1.2885852655283612
2023-06-12,11.779061209216648,3.631223992084927,10.461069749664729,0.26782867376989794,0.27565315132988827,0.18268792053699492,0.27178109491030367,17.730917374129824,1.2964830801942613,1.3519761399417456,1.260094760889477,1.299430137474272
2023-06-13,8.509750612606474,3.6091035888226823,7.500964908604092,0.26371386321544643,0.27655652795155844,0.1756226062234243,0.26538212438609865,11.737101430766845,1.288797566567527,1.345616623368793,1.2434177661175196,1.2917986274030473
2023-06-14,4.074476019613478,3.61264643152025,2.7915747553359127,0.2630916093219652,0.27837657594230436,0.18322024718205132,0.26171892426782184,1.292568187036514,1.292814401741028,1.3406737511401707,1.2356144954024422,1.2966840167480045
2023-06-15,4.373758438631693,3.4583117618264096,3.33075703859753,0.265631665374438,0.2827451279685232,0.6167971683724721,0.26470468347125586,1.305018551376131,1.2993905319658916,2.404134395330217,1.2421026453346677,1.3018623861238692
2023-06-16,4.76085521495819,3.455969544940525,3.8848277804840934,0.2667670008275244,0.28164431349330477,0.6146329000131289,0.2656956876728269,1.793898102613025,1.2987714348517527,3.0780097307448915,1.2414418923706478,1.3007099935457445
2023-06-17,7.097880128186543,3.477420033792919,6.297906050752004,0.26956455274396474,0.28242921645164487,0.6126031897181936,0.2704613966393471,7.745386571420034,1.3030495297908784,2.5808871103159587,1.2546694334506985,1.3069422754669189
2023-06-18,8.356708180792065,3.521908307041593,7.315295037678612,0.26939825056950256,0.2800328873689969,0.46668906745857663,0.27002934658686323,9.330156685893801,1.30089726556566,2.927609435425865,1.253887845744027,1.3049243501207564
2023-06-19,9.793524934073552,3.4491745233652336,9.029007468467286,0.26762443363904953,0.2766123414214452,0.6140453650842773,0.269907911181185,12.793598364453844,1.295587385020786,3.2930900089009603,1.254477544313007,1.2997946724594964
2023-06-20,4.674908389256796,3.4516711027548057,3.6908718788719184,0.2651022690987588,0.28041368248648113,0.6184965074012014,0.2639635232615471,1.299628948086633,1.29619895087666,3.137091509191725,1.24177559797287,1.30156432647917
2023-06-21,4.990812664777969,3.4648041927358846,4.245602719696892,0.266940016752349,0.2821667789006233,0.603733092239168,0.265455640408198,1.301533615939882,1.298212505072488,4.273120046770307,1.2435507098685372,1.3023870050324338
2023-06-22,4.2462783063252765,3.4687674387645724,3.0095829092343656,0.2675284898106257,0.28283879824135044,0.6210005825177829,0.266179888785945,1.4386208707820043,1.3031998892180126,1.6274130843724146,1.245959058333503,1.306379514887068
2023-06-23,7.438577127901713,3.6524752606836954,6.432591025242276,0.26877906061490375,0.2827384519100189,0.19248253202597299,0.2696677796241972,9.46934164298587,1.301348734007941,1.3525282427989112,1.2539156169912549,1.3034146756447686
2023-06-24,5.868197637994554,3.6216976014582314,4.700326188524033,0.2649501085503896,0.28030955878496167,0.186021011235449,0.2643792609620094,5.527350135365594,1.2930874494033386,1.339380920097563,1.240470558786392,1.2948896694225736
2023-06-25,4.981169018694559,3.526583600432078,4.054827003616757,0.2671072132359611,0.28467123110082415,0.47073762453185186,0.26679095488044946,2.60738560494211,1.3006333749008179,2.6887233893977274,1.2431321195454068,1.3020279148271348
2023-06-26,4.790549624879626,3.45378688454734,3.8721455321651037,0.2642924125117725,0.28236436590327163,0.5991251101297802,0.2632072374110752,2.145713158355289,1.2945428141562143,2.751735072100956,1.2372631102212266,1.2955023599147797
2023-06-27,4.091328262808059,3.6296212946743434,2.806633489333259,0.26633719138940176,0.2822456963623895,0.18911861518250572,0.2640515722868178,1.3028593433390725,1.297703232768377,1.3398470469538368,1.2387384335931144,1.3008927299287583
2023-06-28,4.113240958061218,3.652412574729919,2.8183783226543007,0.27021491094191874,0.2833138363379903,0.20003859981536865,0.26802443609741,1.3065471429157258,1.305911741982566,1.342508706530465,1.2484272362634872,1.310355093024572
2023-06-29,5.21805895178477,3.6651467454655964,3.8893258833143447,0.2714304065230158,0.28229929587470165,0.20211803535461426,0.2701624136352539,3.572513358523051,1.3094072854031453,1.34329965692944,1.2568409573639765,1.3142724929820169
2023-06-30,4.13752005645752,3.67436995314704,2.8316871421856344,0.27233781027714404,0.2851378117593129,0.20558436601691774,0.2705234632250998,1.3142835493946075,1.3123967787785,1.348638329222997,1.2567941743289097,1.3173795288435621
2023-07-01,9.08381201151106,3.4979954473749792,8.194983597081503,0.27260241451236933,0.28492625508944197,0.6291888524738949,0.27414679303646095,12.040802138477963,1.3087808329211341,2.398445471078025,1.2649952943441602,1.3122443404070538
2023-07-02,4.285149411040412,3.5318248404905517,3.081465778738658,0.26868317617204457,0.2872670310142305,0.4820434870507982,0.2679821164864964,1.3230044137986503,1.3035533330196807,1.8593905194102394,1.2399952427122325,1.3064230273373922
2023-07-03,4.612772527423435,3.4619468316226536,3.804745977916717,0.2661127037567563,0.2872223406132062,0.6026139256827037,0.2642235505814022,1.321115664482117,1.2966914912785426,3.3348468706798564,1.2311232827885945,1.2984969566228657
2023-07-04,4.722774723599752,4.235560861265395,2.8271945985560945,0.2689165534994337,0.28528154035462283,0.19382177610927162,0.2938495598615541,1.3168506588872273,2.574950430237452,1.350394398861991,1.2436634417449102,1.3087126109102036
2023-07-05,4.251683301569622,3.4708273951445685,3.053342461655934,0.2681094105905956,0.2843804368962182,0.6198212629175187,0.2659051971292496,1.3138529320875802,1.3024611548455554,1.816391259126663,1.2409898632155523,1.3063297691525355
2023-07-06,4.123170441212124,3.6455655821779036,2.8204655042945013,0.26743236851824653,0.28500953017738134,0.18940165929105546,0.26478225886662804,1.3178638715638056,1.299673180229399,1.3492015771865846,1.2379084936830735,1.3026998526170515
2023-07-07,10.994474332347448,5.139614581375122,8.47190487110562,0.26873927506234907,0.34031453913450244,0.18405961045000288,0.26977083622747,13.948827315731052,1.2981381599617006,1.3423049007119074,1.2514272985341814,4.541994533127679
2023-07-08,25.70048434922748,43.56184968315124,33.47659860109542,1.4673120052078037,1.0030435776768791,0.19267686842388573,0.2614561386781269,13.365708836625416,1.2957435544278888,1.3548433809449931,50.79048973159366,33.510759167085226
2023-07-09,9.235811435644361,14.585398448952564,8.67477362481647,0.4612758922462994,0.48214684623029497,0.18874787921057806,0.26145538086149434,1.295079758891,1.2981098655372194,1.3321022095425923,13.111719628947572,11.986355566076703
2023-07-10,8.78055046303855,6.371363393652175,4.572807951749166,0.26481295032156843,0.28087764496617845,0.18015175010628168,0.4435019480302599,5.129856570159064,7.127831741725075,1.3380739408005609,1.2485555171521503,1.3010353784508173
2023-07-11,5.0804943752967,5.751304872981177,3.9504155563312113,0.30878457591003844,0.32884554326030935,0.18528291384511522,0.26083156753116177,1.2976895024257238,1.2921009489642248,1.3302823443052503,3.5858730947356747,3.39252781979243
2023-07-12,4.755104022373623,3.6135799362267385,3.47535251391093,0.2617528735364808,0.27775502097924554,0.17909990945922005,0.25935935201962795,2.76211482744111,1.287640207204819,1.3243223237927755,1.2395185348203448,1.2942396309343973
2023-07-13,5.122510332611931,4.518026606309679,2.798560123288896,0.2623873216491276,0.27932381382094496,0.18074058541191948,0.31579820316632584,1.2993709390025667,3.6978075737963785,1.3288050146865846,1.2380862259875405,1.2972488494205476
2023-07-14,6.390737486936782,3.631425532955593,5.325591141090394,0.2650809790786107,0.28170986063135994,0.1815990749822723,0.2633851896161504,6.999973020378748,1.2922315932337445,1.3402252608309848,1.2431907331784566,1.2976922476789687
2023-07-15,11.535870123178695,12.621183337404462,10.87370707760281,0.41998029329352915,0.440766723060343,0.17173750769456228,0.2568415383980009,8.725918915834425,1.2812394574197132,1.330321377147039,10.759286442219418,10.195793614690569
2023-07-16,4.072251502973768,3.6073510727776426,2.7956264730983302,0.26186759186718206,0.2794937063418495,0.1752939647287792,0.2583592048825158,1.3011380062421165,1.2856816030915579,1.3288105318111842,1.232840019182629,1.2912083232508764
2023-07-17,8.460478402353923,3.5933267092725965,7.526974478028616,0.25965832043912673,0.2739726456986533,0.16726036351150939,0.2599228298187256,11.896045829614007,1.277723484225803,1.324623580112457,1.2363450710286032,1.2828132864665986
2023-07-18,4.067513824433221,3.6093818431472786,2.7916040049658877,0.2622566334984037,0.2785118960502413,0.17856400847885343,0.2591412877490786,1.3017575728638966,1.2871760401142964,1.3263209382798937,1.2325797827974956,1.2940394933329684
2023-07-19,19.88483219496409,3.6095889440917968,18.56703324478997,0.2637489648326238,0.26802448598967654,0.16531910328891541,0.2706551383810573,35.153140809497835,1.2778589971786074,1.3213206651242575,1.27217945578999,1.281963526643117
2023-07-20,22.168170635473462,3.630134751311408,21.789950156786176,0.2674126661462254,0.2683660012420019,0.16818491846270034,0.27584020354986194,42.985325128089066,1.2826581717512342,1.3287470402336121,1.2833271723641289,1.2853821119467417
2023-07-21,6.200393302586873,3.624456400294833,4.9548233677016364,0.26417829216586214,0.27739471030606166,0.18452313056018615,0.26258586024681724,5.977804411366781,1.2914840177207523,1.3266875963973999,1.2437385583750407,1.2974712457889983
2023-07-22,4.088482933998107,3.6304583465109936,2.8020397157372376,0.26495813101556565,0.28128471730921,0.1876676923065715,0.2615394466620022,1.3089640850734712,1.2923550972525282,1.335303333531486,1.2373510772058698,1.296974083550771
2023-07-23,8.594301143387687,3.6541468578465786,7.497347422233156,0.2690034369177289,0.2815796061476072,0.18970682793617252,0.26864514723618826,11.581954023236172,1.298210479575263,1.3445804416720069,1.255609634739558,1.3023425149959988
2023-07-24,4.0579776769002285,3.6053804635069104,2.783245481374529,0.26170421217441564,0.27747029675483703,0.17949598789347543,0.2572894110541874,1.2970914666091067,1.2867261479653254,1.3225600421545238,1.2312918038145704,1.2921516928079393
2023-07-25,14.595756248961555,19.188684000545077,14.017845253524781,0.7055629130268096,0.7308244916102621,0.18763971246692873,0.2610125345094999,7.6981506140041365,1.2890546266163718,1.328331923597124,17.679282459451887,16.585065145686468
2023-07-26,4.069681098645528,3.6175460881508728,2.7988030961227417,0.26444038696845373,0.2803128862516085,0.18531434924946893,0.259929872437848,1.300124715935389,1.290838540893131,1.3273226571750643,1.2382947166220348,1.2953967697238924
2023-07-27,4.066059755554199,3.6095171092436047,2.7965869926812914,0.2629251965697606,0.28094664002842373,0.17939916783862642,0.2582774932384491,1.3024990388647717,1.2875162133587732,1.3303190658442179,1.2308657046773697,1.292439152408176
2023-07-28,51.88732970463646,4.103362490501404,48.494520648737996,0.2729341216497951,0.314981736383703,3.042037445725865,0.3720161694945229,19.528742152187558,4.44849690079689,74.71221244246058,1.3076483779663508,1.2843810840606686
2023-07-29,14.571341437182957,8.405939979642232,6.954090602205064,0.27180873387946025,0.2829617857657539,0.19734093175199294,1.3864101629916823,10.551692371692658,15.12658870815807,1.4031744090652467,1.2641831673918829,1.3137471565967136
2023-07-30,7.461631513328552,3.6438514576551646,6.343545594096713,0.26771274769730036,0.28349995675510836,0.1826621556999948,0.26685825423214177,9.098233372752933,1.296546360616684,1.393889071453942,1.2443466645177206,1.2987529887782203
2023-07-31,4.120114397562636,3.625557710591368,2.8144957459779656,0.26566240916361245,0.28355638286981544,0.18278061678105084,0.26145760897775655,1.311164400156396,1.2936815943243771,1.3736885679206834,1.233073891964511,1.296819970651815
2023-08-01,12.292205898127264,20.29486865657282,11.738013309087616,0.7090050227874864,0.757463319398626,0.18064496734526267,0.2549718333402592,1.518657485028846,1.2879798111478482,1.3606590461493613,18.764910202614974,17.70487593299063
2023-08-02,5.681654345380996,3.638052759170532,4.440762767749363,0.26689240626600047,0.2802681973746088,0.18883481169038346,0.26424542119900385,4.873090831874212,1.2983275636895497,1.355920436867608,1.2491388710488216,1.3011771543227304
2023-08-03,4.129019925715129,3.6575086646525063,2.8249364084498083,0.2690963242120213,0.2837131898485289,0.1952620190938314,0.26565158597681254,1.3136267442417144,1.3061351670710248,1.3603966696898144,1.2494632798216077,1.3105263867674932
2023-08-04,4.1076648649088545,3.645907835892572,2.814523028170267,0.26850194848643405,0.28185556479798424,0.19579879774014156,0.26506090962065587,1.3038504279581704,1.3036575458664363,1.349530533443027,1.2484367957295313,1.3084961670653028
2023-08-05,23.553828727082145,3.2433963475248553,23.540654676170348,0.27568214734978147,0.30535540914376574,1.2567402054209178,0.2700487287073665,1.3080408057901594,1.3224973607434165,44.28639834510485,1.2813561924987371,1.3096389967250825
2023-08-06,8.372313740386963,3.668776904322306,6.895419364384544,0.27980994029415984,0.2863642763106028,0.21640940932909652,0.2786147172371547,9.886285420882968,1.3190379884751637,1.3889015993891827,1.278205824472639,1.3151636715443928
2023-08-07,9.14434621201833,3.233601745168898,11.158533580777908,0.277046384012964,0.29519437442329194,1.1943522532847193,0.27255847234567,1.3072678236314987,1.3136081403509776,19.99703021456824,1.2655142545371587,1.3027427561643388
2023-08-08,5.1208594541380155,3.656956156429714,3.7950770958158713,0.27737091982046763,0.2896482939733399,0.21492180306937958,0.274385843890508,3.391100991608302,1.3159137128967708,1.3734838007905747,1.2626227385817632,1.3107629454633927
2023-08-09,19.60615458155314,3.1937257519510056,21.307010738932295,0.2808894806432724,0.3006772043323517,1.338934984380404,0.2780621770252122,11.73455236787584,1.318189883886973,29.93000415313084,1.28473664574835,1.3021402436425953
2023-08-10,27.148944258071058,3.054199235795339,27.888031687276627,0.2800633359114329,0.3118987362771565,1.673073992395136,0.27302125430477986,1.3112250017547609,1.3202186010710397,53.384864023597494,1.2818799577914344,1.297895164260864
2023-08-11,14.960835603400339,3.1913000807189946,16.72486237780253,0.2768821798740493,0.3009275025394228,1.3699803120035594,0.2730350540526708,2.274405083374447,1.3186882209841408,30.235891247330766,1.2757610502825842,1.3068725437100728
2023-08-12,8.064083488032022,3.6634870971171063,7.126626916785771,0.27058550025012756,0.28421240449905394,0.19266098053375882,0.2699891855065028,10.995889561736849,1.3041006419266596,1.3871711155552335,1.2560111645942265,1.3041339239809249
2023-08-13,4.146176761283875,3.652200491549174,2.830479555223253,0.26859457180553015,0.2858589136952824,0.19570613340139387,0.26625480157984627,1.3209170681593152,1.303383176641464,1.3741761123148604,1.242977778962453,1.3035730671479968
2023-08-14,8.623275841763816,4.135132029452853,6.845467649930319,0.24252780399031107,0.2554202195273505,0.16422624896870716,0.30164283789396285,11.352817024702494,3.5420610001892516,1.2427029522694484,1.1398645174100663,1.1826992341698541
2023-08-15,4.129209157570734,3.5608858675596444,2.8490140201886494,0.26208898763656624,0.27809679135560994,0.1886958545509974,0.2581087642791536,1.4854318537055118,1.272843709988064,1.331398090369966,1.2130220827060276,1.272724561982685
2023-08-16,4.132111693746778,3.6417638009940263,2.8266438815773856,0.26743940824826556,0.2850983720371458,0.1900516248181131,0.26349835050291487,1.3190380429914261,1.3004065479013653,1.3636252220100826,1.2384244806512195,1.3002143046262529
2023-08-17,8.18016666601605,11.292270222176446,6.4786303751881915,0.4450098666792446,0.4752724638239542,0.19247852841933566,0.3012162126456367,1.317526311562856,3.280415581852595,1.3636044266435838,9.819028761168585,8.255477906556658
2023-08-18,4.108223229378594,3.6240088955179846,2.8120822260157263,0.26467648878918754,0.28239192464404633,0.18674488471984863,0.2598070131111144,1.3135112885718876,1.2941222230932448,1.353713523094389,1.2331244277784563,1.2919125691170161
2023-08-19,4.1211839842817515,3.634578279711405,2.82242303583357,0.26626937168200815,0.2841040717546145,0.19013753608597644,0.26200582836204106,1.3177239702108168,1.2974210502518546,1.3579771393023599,1.2368723235946233,1.2955026643541123
2023-08-20,5.263330790816413,4.672952047191196,2.8269054759640166,0.26721033948421474,0.2848033776871363,0.19217065345525747,0.3119001022619671,1.3201224556488462,3.817100694872538,1.3587636595810784,1.24018710855484,1.2977797321033477
2023-08-20,5.263330790816413,4.672952047191196,2.8269054759640166,0.26721033948421474,0.2848033776871363,0.19217065345525747,0.3119001022619671,1.3201224556488462,3.817100694872538,1.3587636595810784,1.24018710855484,1.2977797321033477
2023-08-21,9.467670732091268,15.949494215312534,9.422322331430648,0.5584843478364415,0.6172458992083868,0.16455697137567732,0.22224287243419225,1.1420098187096914,1.1246202815649244,1.1824872028594546,16.98995899727609,14.363716499604116
2023-08-22,12.777950190419093,23.121128709038626,12.965206059714422,1.1196316740290324,1.1891317459668054,0.19106037588702313,0.23737087810436888,1.2148517519092559,1.20216829709265,1.2601950672520532,29.87247191348606,23.987320410633092
2023-08-23,15.618909226701525,35.06611195331786,23.003953117160798,1.3093349809108838,1.187236595990658,0.20494319970051453,0.24943302747541002,1.2647073277113174,1.2636365009731716,1.322847444325553,48.14479526859495,29.116783606207104
2023-08-24,4.078262501216464,3.611399955961439,2.794772269176907,0.26336537769794466,0.27949849855952796,0.1855856108101209,0.2561643926752938,1.2994862290361195,1.29241935016844,1.3351352453178829,1.2343387799909382,1.2916752444458008
2023-08-25,4.018847946298388,3.5623981415515478,2.75458784014596,0.25882596700959737,0.27472099119292365,0.17633426639874775,0.24990195581886507,1.282744117761188,1.274920413412518,1.3156739819335936,1.217474303601583,1.2748093418587578
2023-08-26,4.020848022990756,3.5650739214579263,2.755792516496446,0.2607259148354,0.2753242187616561,0.1782214973547724,0.25227630840328,1.2818105063406626,1.278405556690428,1.3147180582502154,1.21949992998653,1.278582329905828
2023-08-27,4.106802757314358,3.637897221599901,2.8151324912421067,0.26873861944755284,0.2825911852480048,0.193323039652573,0.2608529942117652,1.3087608721053285,1.304639619988245,1.3422606710746265,1.243053500981719,1.304862947570232
2023-08-28,5.515253899523104,5.081232834111633,2.778793970426967,0.2631799421853453,0.277642396596696,0.18354063552823308,0.37064318869539226,1.2910458569740237,4.34796750901973,1.3230448230791376,1.2298405227471814,1.2906285101527497
2023-08-29,3.752642101245457,3.3271507155439597,2.5689430991999305,0.2430152031524977,0.25689724411355125,0.16937794347604115,0.234862508108351,1.1943990005366008,1.1905678793917764,1.2234605436526405,1.1384514800771077,1.1924364586098988
2023-08-30,3.941694257447985,3.4961435312355884,2.6985821297687953,0.2542971653972732,0.2691077000660367,0.17768292096270455,0.24580057175344888,1.2555421762667762,1.2508716359700096,1.2854946753183998,1.1960396981588999,1.252459440694385
2023-08-31,4.082480763651531,3.6175393673112657,2.7982103690571254,0.26546619379599895,0.28109127724568045,0.18933482308255298,0.2574432484141986,1.3025389733950297,1.2928080696646373,1.3337973260053,1.23583300587972,1.2943744551436107
2023-09-01,4.045155083618163,3.5823822874408298,2.7731696491707694,0.26062600303226047,0.2774373318311903,0.18060741248872542,0.25178694752030906,1.292125076203876,1.279869500524733,1.322291254319085,1.2234166252729628,1.2806151817003886
2023-09-02,32.04273427765317,61.00333821369595,33.10254667285284,1.8151865629307429,1.897589893089665,0.18988213031344942,0.2377723333144188,1.2878969038465289,1.2836979514726004,1.348443804836273,61.3408281190194,57.88051642786026
2023-09-03,6.136780273106891,7.943547342870501,5.127380798276265,0.3575780968324344,0.3871193440045252,0.1850699970621533,0.251744239713086,1.2922150239955053,1.2866253149382278,1.3242163088417054,5.923877172426647,5.542260868038602
2023-09-04,4.018036438472013,3.5634236337108907,2.765054844804166,0.25748458099797433,0.2742665572031162,0.17508781163695192,0.24736306373786557,1.2825018378249056,1.2720800066104627,1.3111405993566863,1.227852038447019,1.2755671697015063
2023-09-05,3.9621772688330483,3.513614623900702,2.727562685348897,0.256180397381964,0.27123549873512764,0.17679759213259413,0.24616723293061096,1.264561564337223,1.2556827777911128,1.2935031669108783,1.2088470077398517,1.259211986114466
2023-09-06,43.100832178467634,2.4423544745402865,41.829594030414164,0.2699009138115246,0.3202669248861736,3.1445268597242566,0.25454255933178793,1.2948970087517633,1.3001563746303983,79.78500275115331,1.2828676046498615,1.276780006984075
2023-09-07,38.87843422725254,2.418897429131402,38.24397493753433,0.2726542261841562,0.31796137743552527,3.2176374150451026,0.25830585380342275,1.2989281082555983,1.3048903947628865,72.60981699028224,1.2833281767728593,1.2839831767813366
2023-09-08,4.1225398733478125,3.612331665840149,2.8131519190788263,0.2653122663712502,0.2809549650038613,0.18902745559162562,0.25463151230626635,1.3015131431950462,1.2904180268764498,1.3973556771278384,1.2402633226044972,1.2923634996732074
2023-09-09,4.051264540307788,3.5428469641070897,2.7698300385157264,0.2598515960346328,0.2783819202115801,0.18254176766766442,0.2503538127764066,1.2879024855062697,1.2634908639929032,1.3685808336787753,1.2095994335428872,1.2627275609938304
2023-09-10,6.324385723105537,3.608789650238885,4.978983278802235,0.26570452983432347,0.28141158610449896,0.18171018376853731,0.2564347556972504,5.8951991697978965,1.2894258512285022,1.3826929013156892,1.239141418973075,1.2880938508499995
2023-09-11,3.987693579614427,3.508781968362597,2.7309902381515503,0.2567448210016886,0.2729281094670296,0.18179343899461958,0.24680907469352084,1.2641895842986637,1.2544492549938626,1.3288564218213825,1.2040583446237776,1.25433316687372
2023-09-12,6.299667744450039,5.778104093208313,2.8158782714271537,0.2650053920292854,0.2816631367707253,0.18877093768199285,0.38098661503473913,1.3035201299349464,5.882717155896293,1.365013216731813,1.242871102999581,1.2944020454925962
2023-09-13,3.3131641517130537,2.924575285856459,2.2721746380763586,0.21361932957543267,0.2266406904980871,0.1523656273677614,0.2048105070310169,1.0512044655778674,1.0469907017421725,1.0978916247177124,1.0057588536368476,1.045371074810028
2023-09-14,3.6136672294659085,2.615007301550971,2.651286211306254,0.19339299056132633,0.20388781378851994,0.1427250919122166,0.18654606446663544,2.247315171093411,0.9363916434860231,0.980483285577562,0.8989975620513492,0.9345369164191352
2023-09-15,6.499309799897935,3.4013431970236034,6.519206706212364,0.26371600131909056,0.2851245935111576,0.6696671351602342,0.252732295803229,1.3009609849961603,1.2849074239031473,9.772720946378707,1.2362494392659928,1.2788527069028217
2023-09-16,8.19883116247389,3.464709633812374,7.177951140424942,0.2653515167832375,0.28661762618170844,0.5659353812874687,0.25367287814802597,1.3079649514399634,1.2945339240381453,10.801634189070596,1.2431017475594413,1.2884996123631793
2023-09-17,6.3305241284434,3.484724785673354,5.678615484080844,0.26316893378602135,0.2834876524501377,0.4565829933190345,0.2524507927952872,1.3038552326170605,1.2899473314179313,7.6493159991158395,1.236114053770701,1.2841806802251605
2023-09-18,4.153180515242682,2.244135916814804,2.913613038247426,0.2599424121687148,0.27833532807747524,3.3337473822816213,0.2500876786345905,1.2878140619648826,1.273529584201177,1.5849063191212547,1.2191372014194062,1.2688630728022257
2023-09-19,3.552344193314446,3.135211803593105,2.4432775132200453,0.22976411801868016,0.24631710983779692,0.1648168815493584,0.22054199330038496,1.1391714999230702,1.1224437653213077,1.176479567923016,1.0731697676732808,1.1179068414624531
2023-09-20,4.060603890232509,3.5846026576444836,2.7925353389146585,0.26249177752759717,0.2811335892279942,0.18652403883298238,0.25107056180132764,1.3029314196003805,1.2825862247551811,1.3434055110836025,1.2265573044374256,1.2778715012921227
2023-09-21,4.045146489164564,3.577700732968648,2.7788480811479355,0.260537834385501,0.27945435647567113,0.18457763506147598,0.24868460092729996,1.2960230637200674,1.2799534009350673,1.3356230845737456,1.2249428640969595,1.2748035991308424
2023-09-22,4.097878779754639,3.6264844033389623,2.8161854159800206,0.2655664543093575,0.28238773795313304,0.19284153115669883,0.25420695731163023,1.311123885204527,1.2971020883422424,1.3520293682744768,1.242133563059701,1.2923049127324422
2023-09-23,4.132489342596266,3.641730862087674,2.8301312664137948,0.2676731812964545,0.28602862936417256,0.19171353756321804,0.2580515242528916,1.3254731094000074,1.3031032057030998,1.3631131076547836,1.241082924556732,1.2981052566072675
2023-09-24,6.117222602418264,5.590897378985087,2.8415011712964375,0.2690157783624861,0.2876334665256076,0.20025739458322528,0.3499743688056204,1.330874823852115,5.428914379389019,1.3674790933534835,1.2496407470056743,1.303947746870253
2023-09-25,20.16101279601203,3.974664651315477,20.36897882178624,0.2653841447419591,0.2994502012165387,1.3863127905710535,0.2867159199346437,1.3025670510493388,3.188207578676012,38.39151192481677,1.2517616036838959,1.2792461356925966
2023-09-26,7.148120744828118,5.9538034492916525,2.79810954954995,0.26493992541525097,0.2807072591217359,0.19047616983758076,0.45915251077148644,1.305814139485889,8.662012532960045,1.3662808809555902,1.2378685081619683,1.291131128759384
2023-09-27,13.245453284121993,5.760950816946802,9.56221165981292,0.26279118290406966,0.2853879488173983,0.6369470905876827,0.4188949347821508,1.3026298690609353,7.711026725259378,15.610349561901424,1.2410230379297162,1.2845262964302966
2023-09-28,3.80925906811995,3.3669109386828424,2.6052016792127906,0.24599066175690118,0.26036273022123224,0.17200124847855766,0.23547706844280483,1.2166754384958522,1.2061341360049564,1.2606887195763967,1.1513134146052777,1.2025931152766274
2023-09-29,15.222939220568339,3.1903592545763653,16.6723911355061,0.267201237578392,0.29452463010893937,1.223924796653324,0.2540759614160326,1.3022480185667675,1.298184365431468,31.08508954660734,1.250894084007475,1.2847064402718016
2023-09-30,18.515383237753973,33.48254307569293,18.409977589946322,0.8918746304647127,0.9364695319806203,0.20775646449089047,0.252970917491383,1.308613681845135,1.3040391629695889,1.3706605056073933,34.102848827725516,31.719403375327854
2023-10-01,41.29178328004837,9.653812676347094,40.45545451575386,0.46142515087260133,0.52039390793403,2.8042790699476665,0.25943480177376005,1.3055051446024577,1.320223172395494,69.55086924646378,8.70609347711881,8.19749115120146
2023-10-02,4.10469298743354,3.58470824005127,2.8103637629784486,0.2605859515659015,0.2774035683830579,0.18526542050017253,0.15469345176299415,1.3466931753603615,1.2811100987890034,1.3846565504656896,1.2295780227237278,1.285552190468046
2023-10-03,4.081692782380845,3.600544881362914,2.798270300604502,0.261939104780621,0.2780708055178325,0.1878936148111025,,1.2935427985541024,1.2875958549319375,1.3702170606422424,1.2375512155723571,1.303327344938914
2023-10-04,4.069969825702242,3.5945104583443537,2.788812413221995,0.2635284644166629,0.2781569929125574,0.19249388203779857,,1.2912224050701988,1.2861870503542157,1.3571964260186091,1.2362653100374013,1.3005135962369705
2023-10-05,4.072696973681978,3.609246791322496,2.795975218580034,0.2637780149804222,0.278128717719184,0.1899907607322269,,1.294946842274136,1.2929265100934773,1.3539791975604165,1.2412835900412664,1.3053010852082572
2023-10-06,7.49941949239519,3.4978273127831354,6.274168689899445,0.2654054074600008,0.28067216774437165,0.4647579562012354,,3.1866448843415576,1.289660473601023,6.5248098121653655,1.2433221751160093,1.2990980085563657
2023-10-07,6.992522777854072,3.4967421546766486,5.736159966464571,0.2589035086727142,0.26943016599098835,0.19158670771042502,,7.71873673312823,1.2486248613527082,1.3057454517756568,1.2094724707380928,1.294088741636276
2023-10-08,6.752046265780131,3.6019228068627247,5.394500319400364,0.2632699217181736,0.2773305079653528,0.1875897600083881,,6.7834824269082805,1.2850192944378325,1.3475455533144207,1.243470871067047,1.308779002144072
2023-10-09,4.861292926567926,3.6343706159167812,3.5459319108369614,0.267764639351103,0.2813759910437796,0.1988116694808006,,2.836648183103137,1.298691275633706,1.3536640357229444,1.2517906705856319,1.3230152087243396
2023-10-10,4.028845571831598,3.572281955540975,2.7713193809509273,0.26163415427101977,0.27591155682669743,0.1889973038670751,,1.2850448657078215,1.279970996497472,1.3288261596711477,1.2296205058934953,1.3021961386182572
2023-10-11,6.675671645694309,3.5876655361005994,5.288113890974256,0.26194376591814894,0.27503812564770386,0.18376132202068968,,6.546554060133829,1.2851222846402064,1.3334145971796247,1.2411247311380176,1.307162185329861
2023-10-12,16.178342740722233,15.69826126803504,2.768069113920001,0.2596589718079567,0.27393862418837023,0.18491342545933195,,1.2828473458555008,26.53330177205616,1.3207907721339331,1.2379783117612206,1.32180732509719
2023-10-13,19.77414677371979,12.002784409826067,9.602607584991457,0.26500273701137966,0.27828154462046095,0.4205830773960219,,9.748033462027445,19.063712689639196,6.9393340577793134,1.2615406446478103,1.3357261398802862
2023-10-14,5.842417511965435,3.6232104463026262,4.483503575621709,0.26603908944421345,0.2790430285975668,0.19665193759653302,,4.847279552435346,1.3001108664162957,1.3390263039165076,1.2464122912629447,1.2874625257227157
2023-10-15,11.607695789020047,3.9275929114701307,9.306425993074296,0.211287433216733,0.21809917062612683,0.14592058423410512,,16.040716105379712,3.2252601731258306,1.0654901957857703,1.0028394423970275,1.0185509835010278
2023-10-16,4.3377077926119325,2.3954371192593755,3.376964407697798,0.1673361331818876,0.1755309209226339,0.11573881798508448,,4.179417557667443,0.9997176984150867,0.8519942322491179,0.7998280158352165,0.8232014503001993
2023-10-17,5.974174466353521,3.5707807704374512,4.612568932147557,0.2597687021578683,0.2734390446257591,0.1772874909851286,,5.158686535831029,1.2820033457152054,1.3219804908074273,1.2312738577228122,1.2734159273921115
2023-10-18,4.924347357008191,3.5760248726060655,3.6205658044815063,0.26032328437195884,0.2750685797262192,0.18272343351099227,,3.0730710308244493,1.2806647508441076,1.3230241339238487,1.2314797373284236,1.2746553389782376
2023-10-19,4.984860439351399,3.599153023512099,3.6747114033508295,0.26266593194405236,0.27870289416498606,0.18800962548202937,,3.1483158208296036,1.2864635483180153,1.3344780995019279,1.2383847691747878,1.2828119732899137
2023-10-20,4.082742510553996,3.6158656926684904,2.8088230742857188,0.2655425315030416,0.2819392960145738,0.19583606043206314,,1.3078229200649258,1.2905149508010019,1.3419291616577576,1.2419576658927072,1.2880990332317355
2023-10-21,79.87635614740583,55.73804475169711,58.385895221477085,0.932850281785329,1.1223090380787848,2.583408951784504,,15.877177285467784,30.64497012531068,64.55765422263357,36.0642149977631,42.68974263259252
2023-10-22,4.891634860507142,8.31309266433233,4.424216179711686,0.4269273488136279,0.4455926920057491,0.07334223464761405,,0.4493185401255183,0.45677343092143013,0.4868864930240779,10.086196586044846,9.048316440301038
2023-10-23,2.509143805963704,2.243352501344211,1.7340323237084023,0.16156179356056963,0.1710185456335722,0.11235825613809068,,0.7945089413128006,0.8053898563187041,0.8362000004436769,0.7903200288924068,0.8267979804891032
2023-10-24,8.814785927670796,5.3295659013324315,5.65396719607671,0.26133519471433425,0.27479759837309525,0.18343535574860043,,7.309542927864924,4.914110705010096,1.3453757993168303,1.2382763590039148,1.2893429117955102
2023-10-25,5.396247010724808,4.947403423334757,2.6974449765714006,0.25436107846657435,0.26851980003092024,0.1822184982164701,,1.2501576133632661,4.338593385144338,1.3001247109741634,1.1959105910322403,1.250214679391649
2023-10-26,3.358676945063274,2.9763719006941054,2.3166237139426338,0.21808488082064525,0.2313501400838958,0.15702238204134833,,1.07510810245302,1.067428094959259,1.1154530145189498,1.020938691687054,1.069082291323344
2023-10-27,3.8270152412329783,12.16172420109219,11.612924955380759,0.7956185092149839,0.2793609180355072,0.19831209931029214,,1.3056272353935239,1.2943516668277317,1.3624147397316826,19.34247380466567,1.300321806137297
2023-10-28,10.320909305324555,12.303462073896197,9.216508194094766,0.5330738200481733,0.4593666307812267,0.19316092393186357,,5.194456093950271,4.433868462275399,1.3632642798752255,10.329072805955672,7.070451252196629
2023-10-29,23.996189939299686,44.37596569812987,23.94264231650882,1.4251025855003467,1.1761356974760693,0.21705716607544154,,1.297305839050081,1.2999161446073322,1.3647417133055793,43.475754761603675,41.7220500982062
2023-10-30,19.664375027359853,3.0403050008053256,20.690204119658993,0.256930629008611,0.2862779509075483,1.2256275383305546,,1.2382134469954171,1.2354683750131394,39.11846409406449,1.2244730271191067,1.2476802342690363
2023-10-31,17.037258470609455,28.887535929677753,16.430839861797757,1.0362435772784553,1.0999686208637556,0.19667828509092336,,2.2337562189324696,1.2858454999679991,1.3626492227215232,27.970404259119032,26.79692433136516
2023-11-01,19.236699448922472,12.041093512119717,20.133301478195197,0.45321943317121927,0.5789187206700113,1.6643263562872674,,1.3246760026359559,1.2955593220927983,27.619556707231734,10.608879439129302,10.377570174504388
2023-11-02,10.662653199776543,4.271376330134073,9.078348335795933,0.2672439002603955,0.2783920730829239,0.19151876352813513,,15.29857122018814,2.973709314586851,1.3498638415368398,1.2739895035182105,1.2884031818877326
2023-11-03,4.1035166693454315,3.6278398716947775,2.8488146046786835,0.2660412262614569,0.28371108476214935,0.1922672387846311,,1.314596317462921,1.2866139397462213,1.3554042164590623,1.2621788170443642,1.2954060237344107
2023-11-04,4.539831443159315,3.609355361124674,3.2690470004060534,0.2658341969389385,0.28274052445729575,0.1882007355597284,,2.232971097862456,1.2835585957813263,1.3475727096165553,1.255110496301651,1.290286223605474
2023-11-05,8.108573024024965,3.6204945873302883,6.9311139967600495,0.26785332581732013,0.27991796209759184,0.18983847741789292,,10.202021098028819,1.288834350479974,1.3467755709181892,1.2663749250454375,1.294154837899738
2023-11-06,6.171909192992316,5.084169262339272,3.2758334842766654,0.26386108399523633,0.27827524269262954,0.18779770544899838,,2.2956282054074606,4.911641057229573,1.3312221654298573,1.2499205520142451,1.2864764297729065
2023-11-07,9.49400233835432,3.576637209799025,8.189841149376765,0.26321845846043695,0.2753375012373924,0.18434149491654497,,12.782197243354583,1.2689242350112064,1.3292962447717456,1.2518593185869853,1.2741283498647478
2023-11-08,4.785152909325495,3.5828335826195614,3.502932036582099,0.2616857803132799,0.2768734569001198,0.18342105356216432,,2.770515166692734,1.2762219859939152,1.3278801780891416,1.2442626640192667,1.2816023206085627
2023-11-09,5.121279988810221,3.603591000493368,3.815290610881381,0.2651005157955488,0.28037623438040415,0.18877983425007921,,3.4189449277602297,1.2821486627896626,1.338096525188022,1.2488503653536902,1.286292117264006
2023-11-10,20.28543556997511,3.241022945490944,21.249325034609896,0.27031390058649907,0.3011629473572307,1.121668389572832,,1.306725481766595,1.291369239621692,40.12028236146609,1.265945799833933,1.2838857321718002
2023-11-11,7.649895107890234,4.791188178648419,4.746225581145816,0.2641793391508527,0.28018322962522507,1.2600422671585614,,4.761814440201653,4.741974669693842,1.981658737091488,1.244489617757797,1.2812665721437664
2023-11-12,1.2376251032380619,1.0934672340121177,0.8543479234974001,0.08162348294856694,0.08644587135143683,0.06338340696648068,,0.39770274173204917,0.3885130698111208,0.4084134490129664,0.3759025703392172,0.38910395126664465
2023-11-13,3.379251136059593,2.8296695987973304,2.3856533635729797,0.2027070731474041,0.21859366779949,0.13332226849375195,,1.4139308556652253,1.006895227500874,1.0541939457098661,0.9749708985387872,1.0078256258497917
2023-11-14,4.631775132047865,3.4607497449027163,3.3753559798155894,0.25065162282096015,0.2670202045165168,0.1715276171074973,,2.678179276278814,1.230209124066035,1.2873440160772538,1.1939357627624936,1.2327854201836057
2023-11-15,4.11177956164466,3.6077216001383463,2.8442436178525288,0.2635513601817025,0.2812568807956908,0.18679855849398508,,1.3701560386413998,1.2831940629439886,1.3454978500292039,1.240987948783239,1.2854682748349506
2023-11-16,4.088086634356181,3.611849625731574,2.822105131168366,0.26566066232893204,0.28280422340578504,0.19007843535847135,,1.3125782837973703,1.2874304011207156,1.3460011513392134,1.2414306555747985,1.288467973620097
2023-11-17,4.086263883404202,3.603244804818895,2.822617057016161,0.2649210543820593,0.28252528932015103,0.1879739117301835,,1.3237865134864386,1.2843160978688135,1.344677900381088,1.2383910663043127,1.2855448548168606
2023-11-18,18.45419318010754,26.87480878259659,18.95108919184579,1.089824340092606,1.1324802270680003,0.49123273331880574,,2.1861447022681766,1.2882863740285238,8.643584019757379,25.887016622837915,24.462948273545376
2023-11-19,1.403313937131812,1.2369764718106833,0.9685438869731015,0.09308929068920996,0.09738254041835934,0.07384566987683383,,0.4479439345998456,0.44003245723733414,0.45950770607793423,0.427501979720275,0.44030536705920115
2023-11-20,4.3276397832513025,3.751351725363389,2.264420695075951,0.20260129073476144,0.22084082109763947,0.1231407625223861,,1.055037681491353,3.559118796577363,1.0768151479111372,0.9952301712126728,1.031293549655785
2023-11-20,4.183200914889442,3.6241736987770925,2.1647283349418642,0.19301600033786562,0.21078557971133127,0.11531672390964297,,1.0089794780211978,3.513904811620712,1.0295078879324597,0.9513050835196177,0.9860586783271365
2023-11-21,13.976018769908478,10.307955623096888,2.709883936748505,0.2431596499686771,0.2624042041767968,0.14949870382520888,,1.2610333727773029,27.205917729122376,1.2855370782767406,1.2007666120158305,1.2706430425188278
2023-11-22,4.485332799466451,3.4663043980831576,3.2459416696654424,0.25010619025707254,0.2687833914075957,0.16093997611893548,,2.4050808513885076,1.236165317715539,1.295527614414427,1.187416656785541,1.2498760052723354
2023-11-23,4.071676346422832,3.587353014852736,2.803331768637763,0.2629094000257386,0.2794330149088966,0.17768231064187162,,1.3060318381532037,1.2815604644658831,1.3367010743480257,1.2321266119851007,1.31620260357221
2023-11-24,7.251019444792005,3.568660306688943,6.006705350049337,0.26058997718572613,0.2759421831671397,0.1694011798029476,,8.22351647726589,1.2738210229619342,1.3318510306930547,1.2319225766764748,1.2992054400115542
2023-11-25,4.129167816475762,3.6259781763712575,2.8428104217614067,0.2702331623376741,0.2870052821241485,0.18941154606819155,,1.3258790366013846,1.2951527839703032,1.3593722856330872,1.239296099337472,1.322024319843716
2023-11-26,4.150624871754116,3.6567866496276853,2.8510595979033577,0.28078537062274095,0.2923543962454796,0.21933664900302885,,1.324555557509528,1.3176999766625295,1.3671570752906799,1.2667792013994854,1.3322245154359607
2023-11-27,3.9965607868448894,3.5385530021540323,2.7508804792658488,0.25604163464784624,0.27121275443315507,0.17889341670433678,,1.276139585485459,1.2691612364164988,1.311945877532959,1.226234151760737,1.3394733688343894
2023-11-28,5.4895483889177115,3.6217989020962182,4.161322356069353,0.26897106212721933,0.2809856312081549,0.1942673984527588,,4.1371756853803,1.2926894822565715,1.3416879021220738,1.2509926628568437,1.3691296564356488
2023-11-29,4.043895650537279,3.561399714376662,2.790765919445885,0.25755895816379115,0.27797124631722775,0.1680064438213243,,1.3048487296104432,1.2711299781915875,1.3329465607060325,1.2182029086833528,1.3885354179753198
2023-11-30,7.082464490631951,3.260928402510748,6.922038141784667,0.25053985212935337,0.27294179384284556,0.6266161917522218,,1.3600416448423596,1.2349768381606208,10.37589265259425,1.186421841415829,1.3419626450835331
2023-12-01,25.193226843621996,3.237552042577531,24.702626135641736,0.2643682802396351,0.29686790226724413,0.9954130349283749,,5.144569077849917,1.2776175783655375,42.88707371395747,1.2560719429164462,1.3018217006429038
2023-12-02,36.43893465053558,2.6402224270121257,35.17707546252993,0.2747817419083913,0.3147877150026957,2.656476911490758,,1.3090863990836674,1.306030147550371,66.44425542574777,1.2875850174999237,1.3250483800941044
2023-12-03,36.244575439944796,2.6591962157016336,35.07056337203343,0.27797846402751075,0.31703767469300165,2.660815801831086,,1.3187932552719117,1.319333856754303,66.21528358199332,1.297376665043301,1.3649232594013216
2023-12-04,27.891929157498677,3.060733717333476,28.376264754477603,0.2581430847220951,0.2974756440448761,1.2625429253321223,,1.2634462798447077,1.261622430285348,54.82233308462567,1.236434695751402,1.2888101064236956
2023-12-05,11.686347336569892,3.407547083716923,11.116274228663976,0.2580400600467788,0.2783609780171183,0.5230561647955576,,2.5992552437029945,1.2745227692201402,17.574188462113277,1.2338816138712567,1.2706877009042108
2023-12-06,14.592171287947762,2.8662116912015283,15.720404550766416,0.2439699584791396,0.2725207147555881,1.325030246131155,,1.2112582119136388,1.20239541495853,29.195349744413164,1.1685443418746524,1.193527998611662
2023-12-07,26.47719569343567,3.0698863308355544,26.931840604031883,0.25907241745524934,0.29583966205623413,1.3017212595272063,,4.252209660317103,1.2688770439635384,48.825140585147004,1.2470984298356371,1.2545791900157925
2023-12-08,24.341595163099505,3.2230990803400674,24.872358216531545,0.27285101933717726,0.3034656702290641,1.146538709421688,,1.3039541773976222,1.3014970996136133,47.51318054179934,1.27214597966618,1.2906269247002073
2023-12-09,3.810186621038649,3.347593162727356,2.604185704421997,0.24753956180493034,0.25929247716877196,0.1794183126433691,,1.2095648790073394,1.1973310217465294,1.2760418595112692,1.1546868417199454,1.1973305096244813
2023-12-10,24.382167678803338,4.489926502698262,23.080034438417222,0.2674583837254842,0.29934585557063415,1.0218524454850622,,1.2934739192379845,3.9119447853798337,43.67082238409043,1.260320629823473,1.2924138659148745
2023-12-11,27.163046380640665,3.051650607043372,27.63748732643975,0.25354757676495443,0.29626657968812514,1.292672403295305,,1.2653944105317856,1.258954800590939,53.21865627246962,1.2361013756667243,1.2744921347342597
2023-12-12,4.513355157470703,3.5117663215467667,3.223968150503371,0.2480680815837118,0.2632720404055383,0.16054338613218733,,2.3101018700726828,1.2558706133821274,1.333543681466844,1.2119522464190589,1.2860589283074273
2023-12-13,24.160625020972358,2.9493382618384896,22.860968673970966,0.25562773952139745,0.28670721907827584,1.9197771695658894,,3.562784933290481,1.2653743412791358,39.24204987108019,1.239305924172931,1.288891204219394
2023-12-14,5.637561455444761,5.118583612225851,2.733396320796542,0.2468987471493086,0.263188230216768,0.16056139143758352,,1.2711843260033924,4.716357223740683,1.3686933641815184,1.2116071161206563,1.262621975025601
2023-12-15,4.046073300344679,3.5545277664650814,2.763130078864627,0.2553407922442754,0.270005752334065,0.17402813470655018,,1.2854500606547463,1.268712537594901,1.3649785726589625,1.2250387547853259,1.286804210615158
2023-12-16,4.091792033195497,3.5947224974738234,2.7994660004085965,0.26518752124442,0.27840555360688113,0.18749208268668913,,1.303290491588381,1.2837840106889937,1.3742602836577098,1.2360402901956768,1.300345884297689
2023-12-17,4.094762707371182,3.596469102117749,2.802404066683451,0.2658256110379431,0.2791755553362104,0.18787054810735915,,1.3043575947835713,1.2859401486078896,1.3683485640833113,1.2366310156959957,1.2923379945405324
2023-12-18,3.9811875747850203,3.4965986168797807,2.724103223559062,0.24860817166090013,0.26589866303920745,0.1594704259472423,,1.27223843067699,1.2512240702109865,1.3268089584679073,1.2015985543092094,1.2540841191132863
2023-12-19,22.366518892120784,39.84415184206857,21.102714715336695,1.2444512993762227,1.3921136536550525,0.1760294673962063,,1.2578259790060256,1.2436111433304682,1.328313391851849,37.734509722428854,38.3101488466782
2023-12-20,10.371359652175903,3.4813136895412877,9.237853598851098,0.2724363579048051,0.290063587582906,0.578645366370413,,1.3154309398460389,1.3027958987892996,14.452915805417165,1.2620847418530783,1.302677879683177
2023-12-21,6.362318706389534,5.262051929982503,3.360481478714413,0.2613012311283747,0.278538864502642,0.17823446898513373,,2.476915364219877,4.821920098697874,1.3605206905110676,1.2321812925773197,1.2910763500807023
2023-12-22,4.073699780837165,3.58603492521498,2.8013139008882306,0.2623957423885663,0.27826252766026394,0.18259846887403067,,1.3009510346126558,1.2805268347295122,1.3541215791384378,1.2329489182652367,1.2843725784757403
2023-12-23,4.102249548899333,3.6175253780873615,2.8157788039588927,0.26828970722357437,0.2802502046749327,0.1960525707719061,,1.3051384758652578,1.2918051338852778,1.356611925479041,1.2471738911925423,1.294279339062373
2023-12-24,26.857134020788404,2.359896100461748,25.75222995762931,0.23569148587703703,0.26648621397018435,2.320880695312288,,1.122883670056661,1.1209498698584237,47.84372375906732,1.0984202999252741,1.1049629770215352
2023-12-25,4.208012760548062,3.6571087874306567,2.8685309125963854,0.27386036838981836,0.2860740604850981,0.2105112561734517,,1.3200767856311797,1.3081765752739378,1.4485091740979088,1.260034630873998,1.3098097413751817
2023-12-26,13.994167772950068,2.4320200800217533,14.89109560760074,0.25544952777571156,0.287330679356522,2.9052525210414992,,1.2854162596469458,1.270247552901374,25.833933901431827,1.2339543327045441,1.2627206768597499
2023-12-27,34.79856693663703,2.584718263155619,33.909501947286394,0.2647513291335106,0.3088277136389415,2.5981208511802882,,1.2859173760318758,1.2822550178845722,64.11006873762874,1.2600975900427502,1.2630804625818464
2023-12-28,21.93773643928951,2.927120739248064,24.173625753260723,0.2609046189851231,0.2983175151562691,1.6816926232417426,,1.2850572645229765,1.2756470304097065,46.73232860513687,1.2477957136758169,1.2610040100987754
2023-12-29,23.40894839903937,3.178323166563246,24.570761100298558,0.2693933387422562,0.3037531819372708,1.2277171321434444,,1.3067056950812863,1.292000887462828,47.12969133053461,1.2639525472111175,1.2803060634178585
2023-12-30,24.266453240932886,3.2017734437603416,25.362301124960585,0.27449853928009665,0.3068545677341355,1.230400084568924,,1.3131294552834827,1.3025164023219213,48.7378309606478,1.273698912993537,1.2890493955739337
2023-12-31,22.473854077881708,3.231526293922,23.8645604401758,0.277312052005397,0.3075071250666512,1.2235740272042483,,1.3254921480899386,1.314981743890974,45.70954624658056,1.2827773918215433,1.303036556347741
2024-01-01,29.55421193358528,3.1875341134198507,31.213183825255506,0.2841919176427523,0.31822712583727303,1.4629064173894462,,1.3397239061482744,1.3376580145263672,60.95839219437494,1.3122208341100483,1.3211897306071387
2024-01-02,25.723159537332318,5.634127976082697,24.279658885940975,0.26436737097607715,0.3008626963064405,1.2273376943551166,,1.2969913787831204,6.40982768289248,46.55269751860832,1.2610986406008404,1.2767675711441038
2024-01-03,22.784395058089366,3.1420999712583755,23.963697044120362,0.26299937040858795,0.2980621401527193,1.2124684696743222,,1.2873655013593035,1.2788039453559452,45.93716924546029,1.2519404637718201,1.2662989454756843
2024-01-04,24.753862147562238,3.1825559372562835,25.349502772956427,0.2622607273054123,0.3001040377688408,1.2182083848028713,,1.2877682977612814,1.4524092714712358,48.708409864778524,1.2542139926518334,1.2652633918974137
2024-01-05,29.319109575508968,5.734736001894209,27.18521101386812,0.26431276778883406,0.30259649876170686,1.2134767775890567,,1.2906246377245583,6.629946729827457,52.3583294791317,1.2594379681184555,1.270871799375746
2024-01-06,18.968750044598053,5.348266939409044,18.513001221934427,0.2699764750125673,0.29730024978505243,1.212605900906457,,1.3063118460951915,5.635042048069635,35.02316435361121,1.2646892950259314,1.28697028362804
2024-01-07,17.223985811331005,2.847182329822116,17.37028615021176,0.27362459949996737,0.29846803274975875,2.244294482589563,,1.3152887465678322,1.3063350610775417,30.464509533741207,1.2704492310629951,1.2958417713960013
2024-01-08,24.018563139580614,3.069889555123647,24.8333720540746,0.25342000036875406,0.29177663549237776,1.1654178137834867,,1.256562336402469,1.2491306943702696,47.683077743100064,1.2218257784726885,1.2344283778784009
2024-01-09,37.22635414825862,2.546778027517531,35.88487077067693,0.2721386425158712,0.30936855911625755,2.764306962073379,,6.95562225218667,1.2972408196173775,62.27853155483563,1.2833307072522904,1.2759693545797137
2024-01-10,25.12396908116658,3.1140689154116314,25.9409124002711,0.26164814240614576,0.29685347580353416,1.204839756307867,,1.2713129565323722,1.2735632959143324,49.898911206084364,1.2513117713864643,1.2538087022315132
2024-01-11,41.577830633498294,2.076503778964149,40.55662482062658,0.24177862527873778,0.2921046640435855,3.531325921135479,,1.1813564590168,1.1806501449659137,77.27381748776965,1.1706880946879916,1.1563488287003836
2024-01-12,34.458295422757466,2.9104416667811073,34.08609318697187,0.26675983623398675,0.30966769040875963,1.8339941207067174,,1.293492849312888,1.2871847543250192,65.57251180362489,1.2683619752513038,1.2671153084574807
2024-01-13,22.694049322223666,3.025975531287723,23.033295044068232,0.2674416936882337,0.2983336571378178,1.5206464371882544,,1.2941572293292152,1.2858475349934897,43.670272284150656,1.2570596044349671,1.2735962434005736
2024-01-14,21.85729079232957,3.1567532887310454,22.167261647048523,0.26661034837563835,0.29687005087587565,1.1925405295488571,,1.293474660534329,1.2850673236550223,41.86662235720529,1.2564645327059427,1.273425408761766
2024-01-15,21.866578161320156,3.1908431951501637,22.643202178842756,0.2596081351248424,0.29135015418582494,1.2273570061786971,,3.942856940674252,1.5140714671283297,40.466271522866364,1.2455852467166053,1.2554674930169845
2024-01-16,43.47282496541341,2.218312757807838,42.71230966775682,0.2605111168840196,0.31215167455540765,4.010593720201121,,2.280731879500283,1.587024063970778,80.23915373079089,1.261866515596178,1.2474228832297856
2024-01-17,26.944314384019634,3.0712001364983466,27.322448503829104,0.2555959907023112,0.29553489814413914,1.220761074598895,,1.2637754871379006,1.2573565421803794,52.56583347249878,1.233673721900516,1.2433112432342106
2024-01-18,31.08114918843587,6.36960353925493,28.131017453200027,0.2617937547183037,0.3006482967119747,1.260987191367944,,1.2804392244487341,7.872535762725405,54.21477001444286,1.2508408534865911,1.2615830559402046
2024-01-19,26.63482175383674,3.1119145978418987,27.18022728604846,0.26239360629770486,0.2988139929212465,1.246507223442925,,2.5082127714019347,1.2768923413393232,51.04341199770396,1.2498711787022487,1.26189369225608
2024-01-20,22.298869372673035,3.122655186922286,23.39033684207704,0.2654573484007518,0.2978191728544235,1.2517939344286917,,1.291750224082735,1.2834321305720011,44.68620520972252,1.2514411244561938,1.2708593031342823
2024-01-21,30.335699641130237,2.5187058418093793,29.988878115225894,0.2623846202045017,0.29674047801944947,2.9791790802499984,,7.2298798984718315,1.2726397044054667,49.815667538967126,1.2532718995634713,1.2580406092060936
2024-01-22,23.741934241629703,3.0566063579156664,24.612747398196326,0.25306997956646815,0.29158755322641794,1.2485669916235071,,1.2668604120530025,1.257486420397229,47.18543401056501,1.2285168886905244,1.2432482251601749
2024-01-23,27.57763950706482,3.112495322933197,27.989595051600137,0.2579158287111918,0.29723418894211456,1.1716373200162251,,1.6759986217763687,1.2654489117685954,53.62108955088297,1.2403533409425946,1.2495915170500012
2024-01-24,27.697829308247037,3.1227183672587087,28.00239995507982,0.25747121498770187,0.29687791968372135,1.1564495475668382,,2.4822116983148788,1.264987951037089,52.78791993361791,1.2415269513988496,1.2492441979079774
2024-01-25,6.277631528460185,3.4596516875584933,5.810425162319607,0.26028597648779556,0.2758285122074021,0.4436576256216897,,1.2805768363995025,1.2714967576874623,8.022546951553556,1.2353894863563115,1.2663515141656665
2024-01-26,25.009649877760143,3.150691045574612,25.57618926142798,0.2609062446080314,0.29725387739313974,1.1549083764953085,,1.5395188246059417,1.2721423137685985,48.82651265915236,1.2481222305732305,1.2580474095927345
2024-01-27,4.064166356875102,3.563484566773309,2.77210275923411,0.2609951391167111,0.27419977870172924,0.18092322988669077,,1.289843426159753,1.2755744035869176,1.3540575454743706,1.2281411061000824,1.2750848924763998
2024-01-28,4.0540010100894515,3.5556278947618276,2.763302006378173,0.2591213949561119,0.27228790516402984,0.17931911592351069,,1.2858268733554417,1.2721028861692218,1.3449737826877166,1.22672896215015,1.271629741686715
2024-01-29,47.463132772267656,4.773207532537248,44.844493044285244,0.3265059350352817,0.3188355759578281,2.1158641027765808,,37.19118601670372,1.9372888341183137,47.845822915257344,3.213506946447161,2.7363676169331868
2024-01-30,29.9203069340939,3.0182064262368944,28.008835709145863,0.2602669748769866,0.28310282180123864,1.6077585358492534,,20.973257034557133,1.268510723821852,32.11266634687106,1.2641839908737609,1.2568540190675528
2024-01-31,15.634492696285248,3.4446434608586625,14.36723564956771,0.25610809419128633,0.2687395349499915,0.3544169725685649,,18.23592306579378,1.2579073107094232,8.79628779513677,1.2397417262130312,1.2527546314483218
2024-02-01,44.24629039909786,4.796911212700738,41.80960692770004,0.264924379980829,0.29219500301069684,1.2005162485512098,,32.163749627090034,4.848724369801415,50.4926688624435,1.2907387441338434,1.25296000790702
2024-02-02,17.730771468200683,3.2349375214025713,16.27192141010284,0.25983257291105055,0.2804541630856196,0.9841491021294064,,8.823531832753286,1.2706836193529762,20.9245848841646,1.2474565531942579,1.263311166131761
2024-02-03,18.582308051812916,3.3324501075702235,17.80584180302726,0.26152776476118295,0.281297315000693,0.6705776398984591,,9.813472211089664,1.2671436973667145,23.818976087764103,1.2431869262886046,1.2586437639533148
2024-02-04,30.799556031888326,3.122227012146844,30.987317039962345,0.2650502670802011,0.29304108652035393,1.216254290388425,,16.37575038474506,1.2742492469882962,44.518741813756094,1.2679111514356403,1.2601195701779262
2024-02-05,13.361320757552253,3.024488757866753,12.24826163905038,0.2424006037767728,0.2655566768111123,0.9115151391193601,,2.2839326364877492,1.192300130724377,19.67041192686505,1.1580273785135482,1.1850300766891904
2024-02-06,26.427627881842717,3.053136317106883,27.18032731010225,0.26188828753577337,0.299488416481018,1.3533471476716468,,1.2812099259397718,1.2711810073269736,52.29285236794897,1.2449841942098405,1.2545077668020461
2024-02-07,18.882142400605943,2.8211175843811036,20.026753926122456,0.2569310629179743,0.28964406544076066,2.06209761335161,,1.281388917971717,1.2664477424081164,37.723853221847754,1.2343347827519315,1.2524989188088314
2024-02-08,21.248623530366686,3.0855410525449116,22.507060795741605,0.26085336565574013,0.2941870491189427,1.279932800717619,,1.7910521719307368,1.2706071228461797,42.33840420628972,1.241613622548845,1.2574219768068529
2024-02-09,18.9635258076689,3.156307570033604,19.960306705133654,0.26366028932995267,0.29384392776277335,1.1556095481740105,,1.2906932787026297,1.2747962672678628,37.51715795291689,1.2455211553626595,1.2638679752148523
2024-02-10,13.992951339331736,3.21153786506229,15.574772073724535,0.2665294328644541,0.292767931154569,1.092890387704637,,1.3035541907363468,1.2852812846501669,28.851388411478467,1.2525401208644442,1.2760427002652488
2024-02-11,23.716375140736904,2.986987740018633,26.300289133046466,0.26509673431422975,0.3004587942624092,1.5372911713112727,,1.2896321232117547,1.2780677714570365,51.327881392178014,1.2547110936133068,1.2631280255688562
2024-02-12,24.506527295811974,3.043933270721436,26.472651246863467,0.2670392773715654,0.30060854280047944,1.4465130805383786,,1.2886126460912495,1.2819979012701248,51.4677687719218,1.2611520439741344,1.2674118683645461
2024-02-13,10.964500450176663,3.3960839961115523,10.598934287789662,0.26047744530730776,0.28178642172495527,0.5889516032926242,,1.2892881799750857,1.2743669241693283,17.783948525716994,1.238978944729699,1.2687293984688655
2024-02-14,43.37525687325372,2.359157590874566,42.180832673655615,0.2681663425479995,0.31730504513475627,3.6527662426665084,,1.2924344679143691,1.2864563989925386,80.12294932778356,1.2759931548955705,1.264094143647088
2024-02-15,24.12186046748267,3.173517759774526,24.956978992248114,0.2647635113851229,0.2958404632989565,1.1460796895813943,,6.147245421139399,1.2773752116764918,42.91331807970789,1.2591142220910394,1.2654464325798884
2024-02-16,14.045304325379266,3.120784605058034,15.444754916174148,0.26216744282960897,0.2844457146618101,1.2254569821511374,,6.331665627632141,1.2725366908444298,23.460634289509457,1.2472005106841193,1.2646431737624277
2024-02-17,39.77053102977329,2.788934338234795,38.1822168341785,0.2686231316778395,0.30556268615961074,2.07067340828975,,11.21315667585691,1.2846784061686196,63.45098892775323,1.280880515766144,1.2650398706605699
2024-02-18,30.43501184076098,3.0066116775088845,31.70380122394986,0.26292714152574537,0.28047571835756296,1.4391778366846508,,30.24937556578954,1.262932071097692,32.87019083404541,1.2758597537517546,1.2506263013108572
2024-02-19,32.208946497548425,3.091695674294366,32.25670455728531,0.25977478130949866,0.2956323648500442,1.2467801531065836,,11.804451797327465,1.2688823743406932,51.86590578568882,1.26012715139495,1.2523879202694366
2024-02-20,2.64011563521915,2.3094066356192693,1.7980830838330588,0.1702797248286671,0.17846044582181506,0.1324982742166519,,0.8357124213080936,0.8245982960478466,0.8903442899195353,0.7980239612399207,0.823347560207579
