Time Bucket,1-Mains_A,2-Mains_B,3-Mains_C,4-Sub Panel-Sub Panel Break 80A,5-Air Conditioner-Gym1,6-Air Conditioner-Gym2,7-Air Conditioner-Lounge 1,8-Pump-Bomba de Achique,9-Air Conditioner-Gym 2 Lobby 34 Condensadora,10-Air Conditioner-Gym 1 Condensadora,11-Air Conditioner-Lounge2
2023-02-18,22.54591746884876,24.177301715166305,13.451012484436037,0.0,0.8802518719596331,1.6258222612282964,0.001376092942820655,0.0021472181646029153,9.055822920879788,43.01993377930111,15.519684369765386
2023-02-19,17.33082025001314,18.645608047900733,14.856985577943588,0.0,1.0282593221025997,1.3765602915064494,0.0012626843635241195,0.0019281984289487208,10.881981373642814,31.62796421750175,16.56330855506473
2023-02-20,21.355753059518605,21.09957669304318,19.898026159354313,0.0,1.366930050599575,1.6305493080719315,0.0021402920691172282,0.003139389552540249,22.928854688989855,36.599796730776895,23.517275086460117
2023-02-21,17.651558329512273,18.946171683989633,17.6341892924118,0.0,1.4065411168278592,1.6255586852902835,0.0011354033260875277,0.001322773094971975,20.485352766863503,32.3186247751787,10.426609638773598
2023-02-22,20.619062936305994,19.630598866532644,19.285172879693775,0.0,1.3700237969207765,1.6716491138903304,0.0014946296008427936,0.0011074769356515671,19.110091911188764,33.16286120437622,15.117869609906938
2023-02-23,21.266411820314197,20.44433475376553,16.378871369895933,0.0,1.2948771869659423,1.6622104189687303,0.003310117504066891,0.0032345504628287424,14.13412028380712,34.56390421888351,16.300259960475504
2023-02-24,17.906968246099687,18.62814347341538,16.932353286459186,0.0,1.2696540502545568,1.624989401614136,0.003261711794270409,0.0020506968866454227,17.41930917764028,31.64072592455546,17.02393139395184
2023-02-25,25.090632238498262,22.29352910442564,19.43500539589776,0.0,0.7537558105725713,1.635127632373704,0.003992639100286695,0.004073272034327189,8.836259590676628,38.78094160820007,33.37396354077445
2023-02-26,18.1644882389217,16.329069784378476,16.318515733150907,0.0,1.0207979210156863,1.354338311106629,0.0018019338239563835,0.0020428303893407183,11.76463372991138,25.378488167241414,21.345871693615383
2023-02-27,20.480763142846428,21.143951946953667,19.429327302021452,0.0,1.3812455289453929,1.6703916823408338,0.001561780163182153,0.0013178450677129958,22.147523298566597,36.12482093335258,7.742350400341881
2023-02-28,18.14578580221388,19.963012746982574,17.905847986518012,0.0,1.3563075224529375,1.6511549881855645,0.0010324598368008932,0.0009962204448382061,20.190483097233244,34.22494236389372,4.127855513430701
2023-03-01,23.826608488977215,21.456682378637527,21.56566130001068,0.0,1.3496519143197268,1.6712446639140448,0.0020257676426569627,0.002472794513702393,22.299017626590725,37.277314687421594,21.571142972814773
2023-03-02,21.908631596775052,23.64484654288186,20.91567825433943,0.0,1.4453219100043508,1.6975297756062615,0.003261271872255538,0.0034675118035740323,25.971257548169028,42.640505903737825,5.5375985990354755
2023-03-03,20.452114591303932,21.06644125199,16.29531813319736,0.0,1.342122846060329,1.6462850323192275,0.0015873233474625482,0.0013755976732571925,16.56249886199103,36.65650366895888,6.392296456404792
2023-03-04,22.037074439881643,22.37228020875719,15.146871494585675,0.0,1.1117561534497475,1.6970485850869286,0.0015520405207739936,0.0018115874833530853,13.272887356980641,37.66122856699202,10.133567061994338
2023-03-05,18.960552407925924,19.390378929786685,16.79828294512007,0.0,1.0758128251685035,1.3250118145616852,0.001348101950486501,0.0015519959709379407,17.611369189474317,33.69750007535512,6.141411174581316
2023-03-06,15.896362431600357,19.88944826535331,21.86016310125139,0.0,1.4732438307547568,1.5252647292441792,0.0019470742177963255,0.0009515547029177347,27.74725204562081,24.93046879484601,7.412018381659189
2023-03-07,14.885690926204257,16.82587246119393,20.534775769831334,0.0,1.5078437135272558,1.4518736386097804,0.00148633113887575,0.000858586585521698,25.054466040623986,19.460187418450253,10.407606657653387
2023-03-08,13.760338696350523,17.26260381601122,21.375205074000892,0.0,1.542656135476695,1.5344106678824956,0.0016591834359698824,0.0009565362366040547,26.392010115727327,19.27744445937475,10.658225341440835
2023-03-09,19.28119922650655,20.196283631907566,16.807340186581083,0.0,1.4223808315616182,1.698648898422983,0.0012816661792331271,0.0010470422922240362,19.08207892330806,33.399985795196955,6.357493644994099
2023-03-10,16.64099622741487,17.418565908436246,21.10102065403408,0.0,1.5431347036528589,1.5136869239489237,0.001114818188349406,0.0012217899939748974,24.940760136905247,20.704982460772193,11.897104540447655
2023-03-11,21.80558139389462,19.828992028649647,16.72501593453725,0.0,1.0288596048204104,1.665846516362561,0.0034266149176491634,0.0035130730387899615,14.982492418306135,33.20245628158781,20.983399635558662
2023-03-12,14.958418683213132,16.541694924666082,13.343907368706596,0.0,1.0422506035783554,1.3058217397999765,0.0011652222930060492,0.000624741546312968,14.383038220583597,28.711714327485822,2.7938849627537197
2023-03-13,14.15679987642924,17.992565597220523,20.487955167448256,0.0,1.6026948675039079,1.591344927528169,0.0013294698720508155,0.000660994325213962,26.393108540346358,23.600249567050934,3.1140437129974363
2023-03-14,16.540588910956913,17.59869240072674,20.2366192254893,0.0,1.5433954267427659,1.5412090117107498,0.002076245002746582,0.0011932184471024406,24.627152582005397,22.589315227103768,16.51068051345825
2023-03-15,19.4721312999026,18.517167459718916,21.14340225064596,0.0,1.5369796230528088,1.5253872533379662,0.0018609521611531578,0.0015145952863163418,25.147485749265883,23.059385951459674,22.20419076772902
2023-03-16,21.762911716448464,18.014568744954,21.48238855320825,0.0,1.5028478480646346,1.527885511258178,0.00178420241938697,0.0017912198554144965,22.220949773493874,22.47050388519923,26.130804961539376
2023-03-17,19.51901025461197,20.759045673830244,21.413931248923408,0.0,1.552206960937182,1.5554942405772212,0.0021485092319382566,0.0013528209193547568,24.761114478723734,26.610948885483218,14.247091485697428
2023-03-18,23.84669720088959,20.885757386892106,16.329925367861854,0.0,1.0511851839648354,1.672942962594827,0.0014114942804972332,0.0023647948707474606,12.994485342525905,35.917997237169466,22.092982938847015
2023-03-19,20.31324695293003,19.11818949255625,14.672081195068355,0.0,1.0535040008309153,1.3527762743351197,0.0013785986402299673,0.0013252584732903376,15.278943439331055,34.025181136703495,7.321678425714705
2023-03-20,22.73552412939071,23.296262112242378,22.9683026506975,0.0,1.6504184419896866,1.7606096565908855,0.0014764375445577838,0.0012687752922375998,29.069852106789487,40.74683067502339,6.534825845620897
2023-03-21,17.963197475766076,22.279488593025206,24.407630231853062,0.0,1.5892644017794395,1.6016359947668186,0.0027665840352906123,0.0027630527448654174,32.71265411582099,29.968344703229274,10.667389576006997
2023-03-22,16.212223141699894,21.626608799860207,23.522356696586613,0.0,1.5812984031860036,1.5959000621151926,0.0013126402375433182,0.0009975035330984326,31.0074753195148,28.58624399608188,4.5682946820365045
2023-03-23,17.531991248838633,19.52715184931013,23.651952676510277,0.0,1.548845112683508,1.5287135055666505,0.0012772149401240878,0.0011351706340577863,29.4008445145268,20.18915261611727,16.211591693168216
2023-03-24,15.936794374775356,19.621366928130257,19.19374806147681,0.0,1.4962313165095118,1.6716935668759876,0.0009643007893032499,0.000930004677772522,23.322160680111782,29.509090101790957,3.362573070265452
2023-03-25,25.714678151202726,22.713806855693395,20.728267840860156,0.0,1.0500243474533821,1.7003757341835233,0.0017146919451819528,0.0028153707249959307,14.751216154961057,39.54884105627907,24.227345425232784
2023-03-26,27.290682461526657,20.81889848036024,21.087248896166486,0.0,1.091952139365408,1.3549309684324264,0.0012801377185185747,0.001957974384360843,17.183458944856856,34.6920421447542,18.512059125234813
2023-03-27,22.665985066443554,24.779986906475486,24.962174980740016,0.0,1.5617654563511745,1.615664713553323,0.0009721426153182981,0.0022015602053536308,31.45472583463033,33.707969024382706,19.657710860351983
2023-03-28,14.526194563526579,21.695101865812934,22.49487840771993,0.0,1.5712714046102099,1.583882939224773,0.0012576642317242092,0.0008644850137498642,30.569359193049536,27.1685050754759,3.098304169989692
2023-03-29,15.57466839975145,21.691760759290062,20.842893166559005,0.0,1.5621315931587747,1.5861623960004914,0.000941969490845998,0.0009055364534589979,28.61410268624623,27.79648610539754,2.9032939194679264
2023-03-30,18.74491715328852,17.95471184350332,19.106153181207443,0.0,1.4927019118719633,1.5175973471426967,0.0007968542046017116,0.0017476429610782198,24.02547827488581,16.687441267698077,23.03230381475025
2023-03-31,14.250633462549844,20.399862627029425,23.48146913343642,0.0,1.5409020486307146,1.5499259459715415,0.0010914466004901461,0.001095669799645742,29.218710968447787,22.911021848877805,5.691738777843051
2023-04-01,21.98285159613291,23.09080047207726,14.873569228002763,0.0,1.0793775841153992,1.703903891703023,0.000796857086022695,0.0013745176498095194,15.335193237071568,42.18310793711558,4.1240328254254655
2023-04-02,22.643945214248237,20.903582318337758,18.234312304534914,0.0,1.0699673648373282,1.3482474735013648,0.002775788022412193,0.003143137062655555,18.781538887204068,37.05789273231083,7.96454159544415
2023-04-03,21.39109661800385,24.516609747291145,25.25213975058238,0.0,1.5908056674522824,1.6596266299019922,0.0010705491307046679,0.0013029573925336202,32.4270058272616,37.31081285021253,4.9143035469267105
2023-04-04,29.916845150481333,22.354437131580777,27.064788829642396,0.0,1.5330068007953965,1.6216833341182602,0.0018313184857368472,0.0022729410786098904,31.930762501377526,29.081895048539906,38.7147389505238
2023-04-05,28.902874817907538,21.83524918051402,29.586472427626713,0.0,1.5387042842051717,1.6150528493142127,0.0016834770470195344,0.0021565062395731607,32.814188293230266,26.13302565593295,31.83324507880953
2023-04-06,16.297145818568335,18.47399184410731,21.639733081491254,0.0,1.5206149726573628,1.5079786044065155,0.001405514792336358,0.001456116710768806,26.028001990553534,20.188239192470974,15.881375539156597
2023-04-07,13.72625830610911,18.37903658252928,22.526604991705156,0.0,1.5541530148408147,1.5139935967418883,0.0018863745135731167,0.0014053061906496684,26.097644876157975,19.85270225109948,8.554402600095536
2023-04-08,18.18874432679918,20.235502741211786,12.186361478992035,0.0,1.0206824793868594,1.6744382697841858,0.00110296198685964,0.001213415451314714,11.09857812154134,35.82939509742101,3.882458995371925
2023-04-09,21.33685586339739,19.765235777566698,16.438300957878965,0.0,1.0404921668161284,1.3533271138792566,0.001828750020398034,0.0017294733222325642,15.84024732266532,34.49632626445346,8.437580994286009
2023-04-10,19.737188585270783,23.8426795508639,24.725074594794386,0.0,1.5718169925297634,1.6208429564960796,0.001407809416717953,0.0015573221405347187,30.199660045778487,33.321807550188694,9.15329280685425
2023-04-11,16.508891130953895,22.503563796475728,25.861790516022584,0.0,1.5530990337578456,1.5984397389947045,0.0012248512509134082,0.0010884725207752654,33.742951422110664,26.766352089979385,8.869149749031067
2023-04-12,15.574878884669408,21.367000085383523,25.31746793251038,0.0,1.5566463229224414,1.601688994539314,0.0009106964328553941,0.0012368916328748068,32.140589476657446,25.612682396032547,7.951900384985607
2023-04-13,13.489065900257959,20.468462751558093,23.933804179407755,0.0,1.5729942318084507,1.573890167357657,0.0012302885145611235,0.0007409686941570705,30.11128716277864,24.116081188382037,4.050710987286037
2023-04-14,13.78772472192976,21.70848020511627,24.51592577195485,0.0,1.575331685429679,1.5993706323864725,0.0013541253855493339,0.0007709950047069127,32.510977444059584,25.69595948736615,2.918158523994022
2023-04-15,26.32343399515364,24.870377140483857,20.359115335235597,0.0,1.0897011776828767,1.7215692697636287,0.0034364861313502,0.003849285782443152,16.89772898800532,43.073124565493266,15.577087222016655
2023-04-16,18.265817746206917,18.65866497730043,16.158254077852035,0.0,1.0703533334316149,1.3279716489601137,0.0029759393644332886,0.0027777944737010533,16.472303208936058,32.67104975468318,5.988881430945927
2023-04-17,16.54262087566164,20.7177538503223,22.88864109344906,0.0,1.6029312143752308,1.617393446013662,0.0031914861432711275,0.0025626972410413952,28.996507966355217,27.119336746777428,6.190390658806694
2023-04-18,16.61323447247187,19.372874077303145,24.51869509062449,0.0,1.5781043062432607,1.6058406736720932,0.003221207432217068,0.0029273098402553136,29.52916785192489,24.60020190657298,9.426196202066208
2023-04-19,13.717901387905545,19.950573595869272,24.43619259206136,0.0,1.5996854816198347,1.6120666693472863,0.0014691594433784486,0.0007713353133201598,31.534885211819542,24.97410146803114,3.6329073973952406
2023-04-20,16.409174752430385,19.759599028826816,24.093092392031352,0.0,1.5642730284931923,1.5850692594438132,0.003432500182257758,0.002774537271923489,30.339017662972342,24.255724044253032,11.358112400307125
2023-04-21,16.539860700764127,17.753514167561,21.663281659244962,0.0,1.5534056847680942,1.5508470308245548,0.003940049568017324,0.0028119393520885045,26.529277262645294,20.48883852551354,17.23296200656891
2023-04-22,18.25888812551287,20.338643415701117,13.486475530671013,0.0,1.0596617727192241,1.716753507668707,0.003027599229547712,0.00239435186598036,13.059378742601604,36.310998605086006,3.667310523624421
2023-04-23,17.444677793697778,18.016560821083917,15.789062687076989,0.0,0.9998996777078841,1.3475625782961318,0.0036138730351130163,0.0032396902057859633,12.832901021383075,31.39994424746407,12.598505357949998
2023-04-24,16.816885157909393,20.893213237270782,22.63065539304097,0.0,1.605339914001889,1.6446129768329196,0.0037176977343029447,0.0024998459815979007,28.51665344384299,28.888636102477175,3.8407864619572956
2023-04-25,13.845258410474987,20.468894131270517,23.006131225289234,0.0,1.576803216461076,1.6334398460467656,0.0018666732517878212,0.0007379279610845777,29.653411058834923,26.294063560896973,4.2858825015958155
2023-04-26,28.27604687358009,21.585023010679883,26.2775037765291,0.0,1.5514811750976243,1.6426760170724655,0.004037619004249574,0.004795037968953451,28.323359410889946,27.48873032631768,31.170354771406384
2023-04-27,19.238339023823208,21.692577192683753,23.82559246847789,0.0,1.562415701890522,1.5992064440168274,0.003914087303744422,0.0026902627950244487,31.08713783276664,26.571101005971695,7.740041744397481
2023-04-28,16.596293863262595,18.81706785948012,23.12231204224057,0.0,1.5571924525486103,1.5834256492916745,0.0031166388365957472,0.0024426802682876586,29.684068477211,23.911784578319118,9.467457699618867
2023-04-29,28.469406794391205,25.331796530106864,21.036871991004944,0.0,0.9907499129833116,1.7190673288769192,0.003871872627205319,0.004253830876880221,14.052904612424635,43.56506818135579,27.633554837417606
2023-04-30,21.35829963269975,17.700953241608943,13.900352250912986,0.0,0.9703049975310434,1.3106182996760474,0.0017847243256039088,0.0016432776453759936,13.03454940866682,26.878934136426714,9.566855972756278
2023-05-01,16.633081248156227,20.790076534169515,24.30199404835171,0.0,1.6045973423080973,1.5925195664662783,0.0033618480650583907,0.002944813091490004,29.932709728130767,27.182688415128922,6.819750041222043
2023-05-02,24.28607268795013,25.59665454536014,26.8488498070738,0.0,1.581403848078516,1.7142757920278444,0.0033532837865087716,0.003586836766137017,35.57196007105087,37.54487078291787,23.64193123719109
2023-05-03,24.30377894135793,24.917776996832952,26.573138020659556,0.0,1.582177986951934,1.6613791938734055,0.0032061205008294845,0.0038172568816608856,36.67226120088789,35.7165792910936,23.12975402370029
2023-05-04,28.046139146940444,24.473493587532044,26.850217356440226,0.0,1.562216884013282,1.6736672231361598,0.0014132283245192636,0.0022852024714152016,35.91218166173722,31.996554970753984,34.33813975865894
2023-05-05,29.707691783697342,25.55489776544783,28.965662898957998,0.0,1.539169301878876,1.672407227643066,0.003590599137412178,0.004473256499767305,38.36900737843195,33.05793301170561,38.185088056547386
2023-05-06,25.091373022554183,24.97751965264426,14.520357114300198,0.0,1.0830970116464296,1.7480418706666099,0.0033183314490318303,0.0033274684479501515,15.169560762059952,45.891552945338354,8.519176210259332
2023-05-07,23.549829536777075,21.01284088084539,19.781271820924548,0.0,1.0706308420817057,1.3850404402711654,1.234397468029393,1.227437280532784,20.80632579186969,36.4964623760732,10.850648052039675
2023-05-08,19.306046256287893,23.573158459339144,24.895457159148318,0.0,1.5456389625819524,1.6364782626038126,0.0016002037488089668,0.0015195643276638456,32.62666122080061,31.217693464435996,12.311398491357167
2023-05-09,17.809164660983615,24.817332310761344,27.204388056377834,0.0,1.5734854653308123,1.6505089956680932,0.01936116653707292,0.01924996601978938,37.65817235004001,34.257354522626656,3.4285367099931503
2023-05-10,16.194436403183406,22.48292545029534,24.98696044053396,0.0,1.575317470604579,1.5890992765156424,0.0016994450484381777,0.0011310354261928135,31.906296946991816,28.147803774522146,5.671491631923252
2023-05-11,16.155630519820317,22.053419545769167,24.027951878594294,0.0,1.5914893619542656,1.672748611000644,0.0015094936479462518,0.0006499269313282437,31.581415421553718,31.440753774168222,3.3012482315550913
2023-05-12,19.759202016889784,23.420569001816645,28.004061548012626,0.0,1.5846389610396492,1.6465597432131238,0.0013676597192552355,0.0009007740179697674,34.26309258859211,30.855627959622275,9.996992042973837
2023-05-13,27.54150207700941,25.51267657835006,19.044929942156468,0.0,1.1122134365704328,1.7413253734612462,0.0018236686786015826,0.002609202085336049,18.98494238064448,45.931465917313886,15.381974298983677
2023-05-14,24.700053188179858,20.653948140277862,19.57330388186984,0.0,1.015332157890267,1.3904932004168298,0.0026797124507692126,0.0023787463198767767,17.370000957334305,34.66611053142124,16.30187242322286
2023-05-15,19.14879227155262,21.796200072229176,24.126456015561416,0.0,1.5605174730120766,1.5236464367135363,0.006596103086736468,0.004929017220338185,27.105270198379092,27.444061827229397,8.959348202298482
2023-05-16,16.678147559172313,17.140960271949766,19.48906588852352,0.0,1.4823791444913543,1.4999489120191996,0.005471296002070108,0.004221345225705041,23.303338296858477,20.868528552150728,11.646049319890341
2023-05-17,23.106163489640554,21.142709871573977,22.68754767679426,2.809463077121311e-06,1.5146218491114514,1.5990629539608956,0.0049039960331387,0.005865644626352522,27.58078408056259,28.960335268815353,23.18884287107468
2023-05-18,20.341714439392092,23.040215222481624,25.709275487259756,0.0,1.5506795208279294,1.5788902964250247,0.005121740219328139,0.004801159734990864,33.978313203273345,27.276315792429177,15.035420739659205
2023-05-18,20.341714439392092,23.040215222481624,25.709275487259756,0.0,1.5506795208279294,1.5788902964250247,0.005121740219328139,0.004801159734990864,33.978313203273345,27.276315792429177,15.035420739659205
2023-05-19,24.066490393579272,24.253706482115852,27.63379058732351,0.0,1.5404639355913794,1.6644201101382572,0.005978170851866403,0.006853512218263415,35.85917324460771,30.85460116164314,28.61063056465149
2023-05-20,30.14120248386383,26.217565958779655,21.841902389814585,0.0,1.075242132173909,1.7326307138787378,0.007754258318212297,0.0085878189057774,19.3560030547354,45.0925918527582,33.4723821279653
2023-05-21,15.786784387107422,16.802272475477857,11.95618568529341,0.0,0.9632799485871526,1.3208778829129542,0.0013818924493259857,0.0009838705057568019,12.910227095962101,29.9058103465928,2.8934316570387946
2023-05-22,15.070427973698513,16.649465559874635,21.536792599071926,0.0,1.496211802693473,1.420751252910296,0.0015432879985703362,0.0014814886392487416,22.373241536509195,14.403670673018558,14.421981291815442
2023-05-23,9.615432977542879,15.953463403557668,19.419731395280632,0.0,1.5245964177801876,1.4444977301846609,0.001241468295256297,0.0006671931841638353,22.848901017941365,13.562859675795236,5.838993712938097
2023-05-24,12.197418209851584,19.167577723821008,21.862952107853356,0.0,1.5501390100598336,1.483349976507028,0.0014387486192915175,0.0007034693961673312,27.86872356649823,18.82552269574059,4.424967287110222
2023-05-25,15.480358811937965,19.98291058521483,22.8811784509786,0.0,1.5602515498240788,1.5105434946258862,0.002011825476222568,0.0009505348467826845,29.162838204169805,22.58528405477312,12.49095901334339
2023-05-26,9.59599059114668,18.406294488129085,21.185637408565945,0.0,1.5549325677050485,1.5227769804782332,0.001263505028353797,0.0005220436994234721,27.00624466654036,17.569604620721606,3.1535719146516583
2023-05-27,19.618567537303502,21.165229228663975,13.687403973761665,0.0,1.0823556849532656,1.7364402408284612,0.0018309112599160938,0.001446972258620792,14.831904201973806,39.03461202334086,4.49897133893331
2023-05-28,22.88526096552107,19.04878315297656,16.630818968518575,0.0,1.010611854601701,1.3472886511127156,0.0016355423993534512,0.002869958447615305,16.412134186924828,31.947451901741022,20.753515846657223
2023-05-29,20.84192841482798,22.27513620512221,23.09041609053294,0.0,1.5522922077647843,1.5325047300627497,0.0021388743143611485,0.0019785833893881904,30.096120864887233,24.498652686913807,19.623022278493245
2023-05-30,13.74618883948856,21.775385479484132,22.862471849530543,0.0,1.5882032826018333,1.6037888176255755,0.0015462665202882555,0.0008349180550045438,31.095138324214087,25.15469627378675,2.8955150163502164
2023-05-31,19.20215103143904,23.160663198710548,23.939132734086776,0.0,1.596038584407701,1.6399507787365386,0.0015642105870776705,0.0015020221689012318,32.62921535722096,32.49404813869901,11.594122718009947
2023-06-01,11.281579998071463,16.85144069781621,19.67348406046126,0.0,1.5277336626643605,1.5316165795267955,0.0013177968965636356,0.0006396573275989954,24.00887433226903,18.26218279632569,4.359156088903216
2023-06-02,16.294115434371097,21.505638788948062,23.607483924361336,0.0,1.5886551816709837,1.6265116198799345,0.001981358791722192,0.0009287196842829385,31.083489622266555,27.83382861901177,9.097069042127398
2023-06-03,23.897601750214896,24.696557465763092,13.224725727767945,0.0,1.0826808283559481,1.7476034551744992,0.0018076825854513381,0.001852394016318851,14.541001500983768,46.651520473297964,4.484280528850555
2023-06-04,25.590272288229205,20.300982681393098,18.940981087074277,0.0,1.0454854298591614,1.3779269231443934,0.002426530102623833,0.0033431285071372986,16.99582829874251,36.87495710534201,14.719409451825884
2023-06-05,15.682285665024649,20.804083416894276,22.725386158854157,0.0,1.5626950804803108,1.6073246525361802,0.0013692930565940013,0.0010190304162767199,29.441611297433642,28.692140761801397,3.95005218050003
2023-06-06,21.9858172758823,20.988344909462405,24.24325679985894,0.0,1.5822065912175178,1.5857819300278027,0.0021192544974221123,0.0020137134215566853,29.39882408895705,28.268011300474804,15.193454155099658
2023-06-07,20.341396353463065,25.861985669638322,23.761747572165593,0.0,1.6152896195597117,1.6540898955917362,0.0014648679804801941,0.0019673621140586,32.43039172229555,35.21966083411747,9.70889091310925
2023-06-08,16.67668884344737,21.267319085263143,22.668914645707876,0.0,1.6041608400397835,1.6158576440676051,0.0013979311474164328,0.0009554327347543504,30.611300163603882,29.531600238367716,8.071998796333736
2023-06-09,15.431218116768733,16.996975101267495,21.93056953900655,0.0,1.5510580996055077,1.50713100250615,0.001809576358265347,0.0014776236547364133,24.289025300401054,17.732204000335265,10.471290563960606
2023-06-10,23.033113185785083,23.094401190836166,14.283804444046021,0.0,0.9958644541237089,1.7164059076298608,0.00183288076321284,0.0022598399874899124,9.820646594984268,40.14718982239405,13.826976156707342
2023-06-11,19.90692339736514,19.61148306456036,16.007473926298353,0.0,1.0868014366955225,1.3680816227719517,0.0014712043952941898,0.0017630659572283429,16.24334066628562,34.51882209650039,6.429543481867048
2023-06-12,29.527164581862557,26.81228065684424,23.50579188186645,0.0,1.5122789506591692,1.7944222637263934,0.002290651133325365,0.002805628641711341,22.06309352432251,47.83523150273217,20.445211002792774
2023-06-13,19.89817915722529,21.428695093669887,13.44705446246253,0.0,1.3307045811078289,1.7233226778586705,0.0012680226220024955,0.0013405214285850525,10.971810101935068,37.96090915008333,8.213653557285733
2023-06-14,22.520777699591314,22.877790654646557,15.577508589070638,0.0,1.4296108168986106,1.7459531949350566,0.0013688229200575087,0.000856488939391242,15.676751063596937,40.47652621879365,9.342216521773867
2023-06-15,16.657722080817752,18.51678562307569,12.381484081514143,0.0,1.2623883968856604,1.6710767666938573,0.0012298904148737586,0.0006817154828707376,8.953287655987209,31.14819990863376,8.708782069914074
2023-06-16,19.321731747894287,21.014330317821504,15.313278825450471,0.0,1.4044319052651193,1.7484492965634664,0.0018437655324406092,0.0015560739795366923,15.58976306229697,36.25696332540935,11.977822247844273
2023-06-17,19.762169673222434,22.390583507845143,8.242265217115616,0.0,0.8501356688973639,1.6961694104541671,0.0010839816032515634,0.0008386814705530804,5.709155482090844,40.28414514816496,2.918716796069675
2023-06-18,17.815459249388375,19.23942970732583,14.435654888051351,0.0,1.0700603220695921,1.36437172605488,0.0012362566192944844,0.0010730068378978308,15.898207539522383,34.82276521630606,2.9287227211337625
2023-06-19,32.21527572991265,28.570960857647787,23.97221843242646,0.0,1.548053168100781,1.8126598143731223,0.0017994308763080173,0.0024832354982693996,22.736877047767635,49.62762398938496,18.825680337159902
2023-06-20,30.5727763090282,27.156691697701348,21.490013912722265,0.0,1.4539813812862508,1.7894370252927145,0.001662514233854082,0.0021851594151390927,18.336564453875223,46.38338634571713,18.379220819884402
2023-06-21,23.199498411000576,22.750396306614352,15.044228222927519,1.4523125898249942,1.2243598390134174,1.6683063416404198,0.0015707664598359004,0.0016737348177697923,10.536663372938367,37.64184442249298,12.08154698323144
2023-06-22,20.368088278971776,21.23862205679364,15.593801777220834,2.422008034892877,1.3035205696609284,1.7076903474383884,0.001629276132583618,0.0015667297681172688,12.274409516181944,35.821081078533595,12.12833976466073
2023-06-23,15.693850398120881,18.030207614746093,11.844115705346002,1.3339731969483695,1.2316869296304385,1.6708957472046215,0.0030328912583986916,0.002701156511041854,8.484495700145299,29.75383040917927,6.754619165147146
2023-06-24,19.68654635433197,21.403211354541778,9.200660483979119,2.2614251983038587,0.805991338739395,1.6840446217412417,0.0014421599186791314,0.0016612342537773983,5.995202405317097,37.55390027894973,4.823300095810361
2023-06-25,12.774996702916889,15.140565242127312,8.780345199199251,3.9367520544264056e-05,0.8533391658666398,1.2822557642846637,0.0013006943390104508,0.0008277345909012691,5.977334264560276,25.007784963932036,2.9649592305416523
2023-06-26,16.045322935564254,18.439611378947365,11.039597569041783,4.032154333662192,1.2785452492075495,1.662165406498909,0.0010087669449382356,0.001034851574897766,8.749869419369167,30.32974297199249,2.923125559463501
2023-06-27,22.693457821017365,23.071316252106556,19.19555084340413,2.0438819894883364,1.4063320828906694,1.7346222934537463,0.0020829607367515565,0.002879464271333482,14.927603009016249,38.69034980501174,17.4923069065751
2023-06-28,26.428044132802746,24.39587134804832,18.88594733743032,3.690528906444708,1.34143087066253,1.7481754957800442,0.00324930885526869,0.0038655853504604766,14.309310970757803,42.57444481812371,16.673673273052643
2023-06-29,26.64015106198841,26.8030879163297,22.398413051389063,1.0639372259540028,1.4267515314888952,1.7526511350504557,0.0017034680885738797,0.0035325880487759908,20.880866301720932,47.27644706161077,21.95289808791267
2023-06-30,24.35945987322702,25.149885233768885,18.122186539209153,2.58490421595441,1.4505974089601303,1.7616305014382467,0.0018398688997162712,0.003124235210683611,17.209501658785076,44.3816868732304,14.542851840472752
2023-07-01,22.31554316504796,23.553015980300902,11.951900689294604,3.042722000860373,0.8377546401185461,1.687783307493528,0.001447988297674391,0.001805743755499522,9.033020776180694,41.4775133862347,5.92041088997947
2023-07-02,16.625568708148535,16.89172885251787,13.496969084379412,0.9570462478611202,0.9129170056229169,1.2918650002564327,0.001863014164765676,0.0020555928132269118,8.447961392188603,27.499218935633767,17.19177235781352
2023-07-03,21.3219830408287,21.121081325901876,12.379396503622267,9.08014541755809,1.2910460384824543,1.7192678531943424,0.0017657661215464274,0.0021847854251331755,9.258064671732587,35.878208208332055,6.320720919513703
2023-07-04,20.537129365079668,22.78817757825216,14.526928065940009,2.7570621646873157,1.403126154794428,1.7386696259119774,0.001445709661112891,0.00231108515130149,14.795062648690543,40.41497559448454,3.004134625636206
2023-07-05,22.22369904952155,24.559996204982333,13.822077564845614,4.364697501102555,1.387157791941166,1.7542735361568134,0.001459046206474304,0.0015087100672721862,13.520277687729727,41.328609247620896,2.9359631803533763
2023-07-06,17.406774798323315,19.84383829154968,14.040656913350421,3.635883890710142,1.3362314508191746,1.6681478781186205,0.001314112061659495,0.001230440192222595,13.033979221076967,31.224549174026915,7.297418034186892
2023-07-07,17.170646944094763,19.756478832503422,17.302734461059572,2.7400753106315925,1.4024519232590993,1.7020006028774048,0.004303737192153931,0.004500116856363085,17.58599404206382,32.91766134102503,6.402636264900631
2023-07-08,22.379891012138792,24.178871399019027,13.615231676517059,0.9668272532905474,1.0547786985646355,1.7336291699920763,0.0053360439978705505,0.005146316695213318,12.05338398311615,43.11219628282547,5.161920334298877
2023-07-09,20.92394599590726,18.900900207695436,13.001828697717455,1.5086900102133223,0.919079058742523,1.333321055311362,0.005342249290943146,0.0058157418462965235,8.09328037885242,32.420985986082286,10.576044776755438
2023-07-10,22.617842829254993,23.17826232208676,16.407125336502922,6.2121554074242376,1.3837126673213642,1.7343878963330055,0.00598167666912079,0.008937954317728678,15.76762180661519,39.66089685764313,16.78352974034627
2023-07-11,22.359222697347008,23.3332056101905,15.773399058549668,3.3509266381711433,1.342117428768476,1.7368065187984045,0.005847130301528508,0.006538789523442586,13.038056942077214,40.685831160750915,10.77590181528092
2023-07-12,25.00257335278193,24.0070382656161,19.639611720462366,4.570540891666147,1.345429984081321,1.7335995556455188,0.006882859279579587,0.00813747751553853,15.239155621912216,40.710964690721305,27.952571407063804
2023-07-13,22.45598972078959,24.656990250411557,17.734901149406433,2.469758059831725,1.432050122856564,1.7748589695922528,0.005404197364383274,0.004965613719622295,18.978632726942696,43.69529091836505,4.930292384668987
2023-07-14,22.500281014542054,22.463519915724863,15.772362251870899,3.556189208452172,1.2933944726318782,1.7246145061635971,0.0037414512377315096,0.004478207052548726,10.334264479974111,38.26417698532316,15.509723439339535
2023-07-15,26.008648941096247,24.671844276829663,17.508952798646707,0.4775026659904586,0.9100046498248537,1.707754840417412,0.0013704041500726457,0.0021129974606981777,8.919517324101113,43.556399163906875,21.63814643704744
2023-07-16,23.288186457982547,18.74659132623371,15.905131338133927,0.06660644579728445,0.9589214032949118,1.3399692706632875,0.0012917867746777888,0.0019276352892301913,9.372241539269572,31.102685849444573,15.919200383039989
2023-07-17,22.216241368609534,23.28310384191513,22.527124101854962,4.789940032117632,1.5726223387175136,1.6899940229937762,0.0019516060084766812,0.0027014227708180754,27.004775398828716,36.0607147750685,21.537763402076294
2023-07-18,22.083624672790105,23.658973842680187,14.67904844809638,2.968975495965216,1.3857530118804506,1.7721501104354862,0.0011058303554852802,0.00227732411649492,13.631385523077649,41.39720585040834,9.370716289579603
2023-07-19,28.898735108189044,27.7229117060407,23.26642708037906,5.155395789713065,1.503852641572422,1.7486060202569433,0.0018134455725881786,0.004451676363680099,27.034371091573504,49.80215632553312,16.149807562330036
2023-07-20,26.18915143839518,27.47130514148501,21.783047232021755,0.9160856040554577,1.51089431645102,1.7775297868733937,0.0018931257330046763,0.003307614614433713,27.220149991588595,48.39927730305143,23.36975571256002
2023-07-21,25.953463037893506,26.610082580273943,20.312728682153498,3.5628107271162675,1.4665911152124402,1.777700240334935,0.001904438800546858,0.0025231855620278247,24.19910673072391,47.237117238623306,16.75780224948459
2023-07-22,21.270056676921847,22.147886296344332,15.414490156186428,0.06945248459233179,0.732714066749149,1.657051690183216,0.0010722150267495052,0.0013344990123642813,9.783236976189082,37.90541759217792,16.799160766830447
2023-07-23,18.70055143114302,19.294189526435005,14.612886951433818,0.5590503900080257,0.9723393878719544,1.3317146422764994,0.0012219110851817657,0.001722201784716712,11.404961659327617,29.567596683260604,10.18411361196306
2023-07-24,27.40719885948605,27.239298924007414,19.032186616855196,5.026924863220055,1.4654250305766527,1.7793750650397935,0.0016580561667018468,0.005429298147095574,21.261784684596588,48.02034558810552,21.285173505810633
2023-07-25,26.254874427700045,26.191350971573723,18.574193455535045,2.982780867513816,1.4399825518756442,1.7652240953593783,0.0014249447313944494,0.0024226650969187413,15.612998655431536,44.944360954146916,18.338843160387675
2023-07-26,23.195760479185314,25.303309175243378,16.919276971422835,3.9040762452774582,1.4214794123209848,1.7662046778297427,0.0018788018888897368,0.0033542519659466212,16.513160356116828,43.698872794297536,18.319535074573093
2023-07-27,23.063621259360847,25.389524559968315,17.47642009270562,4.396501815295484,1.389890991777049,1.7532320228057436,0.004410853502220578,0.004072099345260196,16.682850969865587,40.54975819936328,13.919074698526595
2023-07-28,23.415298921849995,25.324665253024627,17.213780903455948,2.9005441959990397,1.4116859212811788,1.7729525280266338,0.0017917623983489145,0.002717693080637189,16.56623852152719,44.49368648175135,11.209140937962003
2023-07-29,24.353254209813013,24.401208662018245,18.13722745141771,1.3533493585075271,0.8799611786919168,1.6974646372853386,0.0015502614887555443,0.002208220055633121,12.290727644000583,42.64763973631116,20.07747366595162
2023-07-30,20.278846575724284,17.525794359048206,17.27716275843303,4.689295330120458,0.9980485046415857,1.2984986186451384,0.0034892478251457213,0.005504197238816155,14.848150083349017,27.699247041269942,10.833928841264512
2023-07-31,19.794657772233748,19.30412741592619,13.234288151728313,6.763603261563246,1.224392302215099,1.6990037914999327,0.005317902505132888,0.006420005138450197,9.132960857374403,32.13181439937592,8.900692757475111
2023-08-01,22.485848771970534,22.682128743892243,18.01647322676341,3.0993542625064316,1.2983415105605125,1.727735843147437,0.006838653101391261,0.0056025384192996555,13.714308202143775,36.95293498494467,21.02897649939855
2023-08-02,29.852185005323626,27.64374970183902,22.10304684407976,7.965975126279461,1.297189943356249,1.7873531214639875,0.0030131734220186874,0.0036771863603591915,12.200520704227023,42.9898315749338,36.78123736172994
2023-08-03,25.583019604119194,23.805988518447876,19.28777550616794,0.9076505106682248,1.413048914437559,1.7561607566255992,0.0019724009572135077,0.0045225977963871435,17.35907067375183,40.862406474550035,18.69266698548847
2023-08-04,24.821851032939495,26.559692006477775,21.217111257790464,3.3547435622355675,1.5110073199110563,1.80684008928087,0.0016192353002230323,0.0035964868627654184,25.83021735039181,47.57585147094515,6.383648126184677
2023-08-05,26.98887657042821,26.477691754578483,21.021615795800948,0.06687083598746194,1.1606077890576254,1.7332457661332021,0.0013194724053806727,0.0011838264213667976,24.633485818634032,46.42325486729939,22.051387513480716
2023-08-06,18.6884462048467,20.174723337516784,18.45841515140109,8.636299504174127e-06,1.100500000067287,1.3551499377348688,0.0011610245445039535,0.0005733065811793011,22.070825793401927,36.222967022084134,3.786660184578366
2023-08-07,22.140150897947947,21.53109344729318,15.43676255976359,5.728126453963915,1.2530997534595596,1.7351284975931378,0.0014990381005075245,0.0012217613951365155,9.752862038247853,35.568577773897374,15.547116052443185
2023-08-08,20.37333847192552,20.918837488064238,19.659066474783153,7.649052072752847,1.6231736564241515,1.5315293135725125,0.0017974051737785338,0.0016534618414772882,21.0366738438691,25.22305903192309,13.6355918034829
2023-08-09,20.858968911387127,19.68219289935642,16.90426626487732,12.433524814366235,2.2838115857399837,1.7455044174697667,0.0018504968354437082,0.0018822577177153698,18.29895176024755,31.988683585626816,9.373532111540898
2023-08-10,21.737979284464522,21.363272560791433,16.10071599257575,9.74315747877439,2.3136570964601306,1.750085771591928,0.001938147740364075,0.02871663680844837,17.131211345651415,36.5739936200481,5.6426655018552125
2023-08-11,21.51531178849115,21.27192078003142,17.53423396472083,3.1279139496511883,2.285637066205343,1.7204687602678934,0.002034568069775899,0.0643058748205503,16.946234047779505,33.525215810760926,13.585048671934338
2023-08-12,20.8987031338501,22.62665267761866,11.09304277814229,0.23337743708080716,2.3413221225717327,1.7876228285919296,0.0016033019789059957,0.05499951621823842,6.046394284651015,40.18319135621601,9.72825839349323
2023-08-13,16.93435616836548,16.188282426136865,12.11836225466834,0.10250368289099798,2.242826975555419,1.2992728613101112,0.001175466447936164,0.0008042974395222136,8.757806268437703,26.94338558592902,7.074770480927361
2023-08-14,21.26358247788323,20.690537663747996,21.661950240249634,3.9265763928114046,2.2576763512590197,1.5742229332113267,0.004114771482944489,0.0017889736321237354,24.433204788106284,25.988090656549662,22.752001903620826
2023-08-15,14.555507911533779,19.08449081812541,24.0436458849801,3.448210424202548,2.2316166039827134,1.392001191618178,0.004423771973980797,0.0088687754617797,31.64959463581933,15.563560319745804,12.470499538027447
2023-08-16,12.582286619923911,19.589679700283472,24.291664966328938,3.2832145699108968,2.258793765059577,1.4863013697486454,0.0043931830135981245,0.028365670460330113,31.933945105550553,20.913875644039575,2.8200016519673667
2023-08-17,11.245589416147867,18.4502979455736,23.703787368494673,7.578455937292312,2.2204048423512783,1.449445257270601,0.003707305555608537,0.003915539922979143,31.55552160837809,15.324033262808058,2.8053619419203852
2023-08-18,11.000396146570843,18.810396883758962,23.756530473459033,3.808752810386022,2.2367089480188156,1.3042531678077909,0.0019110794443554348,0.009170310575962067,31.83793299371719,16.13041131088045,2.7971352329190577
2023-08-18,11.000396146570843,18.810396883758962,23.756530473459033,3.808752810386022,2.2367089480188156,1.3042531678077909,0.0019110794443554348,0.009170310575962067,31.83793299371719,16.13041131088045,2.7971352329190577
2023-08-19,20.711496866395738,22.35046271885554,10.462033577969867,3.0732333251195487,2.331769219438765,1.7879774394202235,0.0009699927618768481,0.00044698696295420327,8.807622502293055,39.68322247795317,2.8722931426895992
2023-08-20,13.025297388496401,20.934208580951694,23.382366247172886,3.7018459183269075,2.2033643752818635,1.1407969971190557,0.0017912794330384994,0.000647105601363712,32.050407526760104,17.442800671505395,5.52848684840944
2023-08-21,12.921669472991097,17.674915280623967,22.633868597094214,9.084249922328258,2.2137230684958564,1.254005556827386,0.0010674249063597784,0.0007993914522065056,29.769584749851226,10.819459467538199,8.235857630382114
2023-08-22,11.504788865716721,13.38107114314821,16.251068220922683,5.851085697981517,2.1648010945722795,0.9918867503433757,0.0028473418564266624,0.002277522115972307,17.311901981754303,10.143248384872013,7.333724060465495
2023-08-23,10.407064287024603,15.475550723419191,19.90089553105672,7.897462859751382,2.217432655917274,1.2479676430368425,0.0014211216129197016,0.0009340609041849772,25.067263303002257,10.774219390987822,3.945579384971195
2023-08-24,15.082949190966287,19.2806958243582,25.668283162201778,2.3899009815078314,2.210545493528578,1.3935645284801061,0.0018826455084482829,0.0008634639403555129,31.52214485187955,14.14015329170227,13.064858959679073
2023-08-25,17.221357758238053,20.096593798497523,26.489725974091424,4.651110592663023,2.2374905002403263,1.556211925461292,0.0021144856699307764,0.0013206091229120893,31.753705343585537,21.73840863548067,11.404721342252094
2023-08-26,23.910089351908365,25.471226187659365,14.42116807726118,3.618225451009538,2.3191550747193235,1.820753332171705,0.0012469298956129288,0.0009771181636386446,13.379577124322255,43.672873233328936,5.147099448367227
2023-08-27,12.359925958099364,20.609367075767516,23.585304108051723,2.244200591773457,2.22013225499683,1.2065796351361275,0.0016875266395674812,0.00047427683644824545,32.294447044889665,19.80907573146396,2.9327129524252142
2023-08-28,22.676530211296082,22.67979307303959,27.86654273955451,6.78107833000395,2.2365562225023905,1.66220224398613,0.0021123558447096085,0.002769899136755201,33.93470590202331,26.797360642140703,15.498218624888526
2023-08-29,31.265154983211094,24.839596839497887,31.003119038946362,16.644896049319378,2.2544614162508645,1.759171436383989,0.001765742642349667,0.0013012169777022466,35.0647556969579,37.241049968246884,17.190074349269867
2023-08-30,26.222280017378072,26.255809039664797,26.95557829376645,16.875924360898335,2.2736471031676397,1.7259128940942552,0.0038416786649492054,0.001386807361178928,36.654332513171305,42.72219829226176,2.900618656595019
2023-08-31,15.43611924143897,20.590338558578487,25.30609268849266,3.267198691677518,2.2743546266280283,1.5873637536753549,0.0025712162605921428,0.0026861820149421695,33.816967551871414,25.566478213770125,5.423994020508661
2023-09-01,18.664657238057455,22.67660138415019,25.951664941410492,5.253012449817658,2.277913949947357,1.6327367611678438,0.001712810587618086,0.07045386768897374,34.767364967492426,30.694916898256942,10.588173509712218
2023-09-02,20.419030874036153,22.266174858127172,8.550007145462034,2.372237535518806,2.3407969723150464,1.8083299707579616,0.001200731845431858,0.10912475696908101,5.490746082265642,39.66972407560985,2.91914305255678
2023-09-03,10.631716440984938,20.126151568701,24.51012352939182,1.3461213843658237,2.210850362976922,1.0968892009011904,0.0018701268532541064,0.07411476142300495,32.17066564574983,12.936766836221482,5.593794563051859
2023-09-04,14.709002354609172,19.65570561901728,24.55032667353736,9.663386214778686,2.279494688669841,1.6052337715548937,0.0018160709836747909,0.0009311967298719617,32.09640557234446,22.442015598242016,2.912915965576172
2023-09-05,23.209762843119304,23.610502820332847,25.440013915807935,13.8242285272132,2.2814156240887113,1.6731789903783798,0.0012534913653797573,0.003888131308820512,33.9920648028522,35.55407363593419,5.444895240728591
2023-09-06,19.411446441459656,22.110742970875634,25.407797656249997,9.302972921965917,2.2938539761988324,1.6667450954045187,0.0018592994496557447,0.001023487991227044,33.71656660434087,31.396371118344202,4.30761173769421
2023-09-07,20.197258463333977,19.021049133264757,25.446971615002955,15.721688333305782,2.227843153949313,1.5185496103125147,0.0017770996374554106,0.005403089198006524,31.272428618339966,15.391629884988998,16.004918401268853
2023-09-08,16.091036327209473,21.10429966837989,26.693207773140806,4.113742310843998,2.2555629218716087,1.5991063652043878,0.002422101810773213,0.1861464319952329,32.05586745638529,22.097822887857223,7.98240697371377
2023-09-09,23.903724987165663,21.243489772964057,13.559268905122543,4.150319638650682,2.306142212248908,1.7995692084998551,0.0013852000199423898,0.038579570203357276,8.376211373460558,37.44658106530083,11.05644172721439
2023-09-10,12.267010658586292,21.272544481764903,23.776211400633922,2.7041242327404023,2.2322871941545275,1.2331872206640244,0.001835977741877238,0.00992729115433163,32.05484569136937,19.36810587587144,2.9174423955387536
2023-09-11,18.967898774227567,21.535960262648267,25.696952662298415,7.7915479461150685,2.251106264834934,1.6024101997062896,0.0019648371956083512,0.0013104092224438986,34.04939469827439,24.862191340933908,12.84951807600445
2023-09-12,20.234839342252943,21.768620588643813,25.773414344414608,3.49543857073466,2.2525324627855086,1.5473671088239882,0.0015085366683536105,0.0011924301984575063,32.71466077983008,25.69910215195126,21.438296364529933
2023-09-13,21.27965129786174,22.41982074598525,26.383702057202655,14.400126708575353,2.262198240678576,1.6106340391339198,0.0011872316977712843,0.007891675286293032,34.43297907219357,29.323762150783537,7.139117979445989
2023-09-14,21.47916951989492,22.942814311411116,26.036953121257362,6.0524621842670445,2.2517607058503897,1.5784142072465686,0.0022372474368413287,0.0015404623651504518,34.18935647998386,30.368709987913768,15.033033705957202
2023-09-15,18.150701934992473,19.433375056561367,24.702158361922372,7.634306904464297,2.181536443517473,1.2105574770850605,0.0015784015740288627,0.07920949074241851,30.159817565837432,11.505973588085174,16.877955359145272
2023-09-16,23.579911587329445,22.44584150055143,13.428598464910715,5.7653316211509695,2.318124543478224,1.802654524745411,0.0015525799041324192,0.006268291379610699,9.120512811726465,38.325402289967016,9.622085403987038
2023-09-17,13.61711547017415,20.3566169923528,23.817223710051643,3.0331676223431696,2.250908893252479,1.2229379799498454,0.0014974631669786242,0.0009860492952664694,32.668421846576265,22.1247246213468,2.9224466337776183
2023-09-18,14.52276799774594,19.933196657570736,25.27614072444492,11.312410852691864,2.2689914416652255,1.520146638978852,0.0022224722692701553,0.0015236256705390082,34.15878439088186,17.803765324314963,5.887918026599883
2023-09-19,23.308726112865873,22.235258380716115,24.970673179033067,15.848976888690522,2.271923272726271,1.6312271139097214,0.0035519404376877684,0.004426228917704689,32.79928774833255,30.580442837340037,10.83511085380978
2023-09-20,19.071329995689393,21.677842779189216,25.3064317656072,9.676686282760832,2.2668661193593347,1.5496797657934824,0.0023108077184359234,0.002735630383491516,32.965532519238785,25.26988683157179,11.577938742870755
2023-09-21,14.39885442123413,20.699290105219948,25.829796179029678,3.7943521567662555,2.2874110155847336,1.5555115725832513,0.001908021558390723,0.0011156318044662477,34.04989408757315,21.87643535756641,5.611487651263344
2023-09-22,18.38843190546248,21.598253202319672,25.237831119821333,5.643544454964532,2.2878149157969156,1.5494235750802356,0.0016600524372524688,0.0015420935673183863,34.81663181692124,25.56728810877482,10.72120091688792
2023-09-23,19.642634529783464,21.083815864696504,11.230491814448037,3.0664159175260868,2.3523279574712115,1.7986222202433477,0.0014315758048163518,0.0009355594309171043,10.762678020954134,37.51340157622867,2.936290844391717
2023-09-24,11.206803581589593,19.26519603353924,22.380568252148098,4.182851742380196,2.216288849317763,0.9993744956048329,0.0016602423355314465,0.0011176326992776659,32.07025270345899,15.0168754319085,2.9270503319507175
2023-09-25,23.339707038421633,23.255502933684458,20.370915608766346,9.871099754299587,2.3245408949258595,1.7698743584757382,0.001958836604224311,0.0021343821006351046,24.7456411789661,38.210304265717404,6.090951205211216
2023-09-26,19.12088895804511,19.90520969629923,23.205389197116425,7.743546556904051,2.172125746822357,1.0377239939382346,0.002223251287672255,0.004573496628602345,26.788675193971,19.461834325557284,13.527727254350449
2023-09-27,22.815705452312898,25.0932880108685,25.68661199483236,5.121916561946868,2.311229167921278,1.6527935184351603,0.001492531552314758,0.001957797746923235,33.85110420385997,38.23085797018051,8.228032464767034
2023-09-28,23.22263457256741,25.292191160257126,26.15845727807786,5.67451876903322,2.193937863570319,1.711730671263006,0.0013296645524766713,0.002483341444863214,35.36284420073827,41.431014479251424,8.114369009045495
2023-09-29,22.29544749980502,23.180124960687426,27.370026642905337,5.060414403107962,2.297702107986874,1.6491687093247307,0.0019256157289610969,0.0025129696411556666,34.20360543655184,33.37018713505003,11.28964814900928
2023-09-30,24.267160417429604,24.967570565598805,16.83882403518253,6.217333450937006,2.3516832201470272,1.8427572364860108,0.0017483570525381297,0.0020458921247058447,19.415235223064432,45.903132435985135,2.9218287286186224
2023-10-01,15.324658452474804,21.35992095936669,23.66244562523736,2.6183000766213733,2.259563345805274,1.2566766880938742,0.0019389458709292943,0.0013775259698761834,33.2019875240114,25.78143458738327,2.978782726050483
2023-10-02,20.147440705888542,22.44692577491336,25.196380190243193,6.692489880355199,2.293849593086243,1.6305008478577934,0.00177150064335929,0.002321866243415408,33.707993508836964,30.626638988056182,12.7599695843188
2023-10-03,20.12826926575555,21.274312962506613,24.679060035315615,10.971623433279463,2.275687326054043,1.5585692182890574,0.0018387704311476811,0.001966840145587921,32.14627507947921,25.88275531680849,13.782554553337096
2023-10-04,18.179342668711346,19.90731521255281,24.366261638086108,6.460252990785174,2.269368942972819,1.5330925156701936,0.0020780278031031292,0.0015495073056221006,31.851453038660683,22.54607760332532,12.892036692462499
2023-10-05,4.468177803696526,6.121657185704975,8.11269488102807,0.9958763819037544,0.965812497876485,0.4518513014327155,0.0005213140180375841,0.00022190750545925567,9.914966836060417,4.30810814901352,3.0272505452495153
2023-10-06,10.383537575446235,18.104807873897553,23.31893042710622,6.121945468562444,2.2297509043863086,1.2953952586343551,0.0018242020238770377,0.0041308069398668075,31.09421520177417,12.297846326777142,4.011181626976861
2023-10-07,28.682175241101586,24.58260212243822,20.747936537712945,4.352042420610852,2.3266663252533806,1.8613134552102613,0.00182658438205719,0.0020451967350641888,16.340478357516393,42.77550002565596,16.531913030075497
2023-10-08,10.030239212315879,18.273847324640485,23.424847259296847,9.195791604451603,2.2013158506414627,0.9927793307749431,0.0016229770032564798,0.0007643200437227885,31.958989373864064,8.863307901770272,2.905768038268619
2023-10-09,30.48472347117745,19.849840999724588,26.447663367142265,18.272779564121095,2.202204865479388,1.494412558684259,0.002146811726041663,0.003284485741943366,32.46614593045758,18.370158527453125,34.28389530438957
2023-10-10,20.969509866771666,19.03427207606158,26.983776919362693,14.668721255549267,2.2208170413796924,1.4198569416847067,0.0019413262420746728,0.002901540610568146,32.29707952836361,13.978843379217343,18.087508170668247
2023-10-11,16.498222057397633,20.392641458911896,25.042303954336383,6.793514203725391,2.2783673539945815,1.6244817156092326,0.001650612408849928,0.000804180873764886,32.957955092434354,24.621372771233453,7.161026144273547
2023-10-12,22.84205101267497,22.390789729720225,26.021238966611225,4.930463822843763,2.266164935571883,1.6163061210600538,0.0018873627270592581,0.001735342670811547,33.486492897073965,29.33079282881207,24.331754452569747
2023-10-13,22.56797317938063,23.205730455301072,26.9387415499327,6.529820748470096,2.271837043302324,1.6656599090107285,0.003371676805284288,0.002652507886091869,34.014602901251045,33.899951298830246,13.239551182787153
2023-10-14,27.556382775679694,26.222710599704314,16.079774779548643,5.596830925471253,2.3065495921495227,1.8300127265108954,0.0016481182445420158,0.0020731657894452415,11.940200684411792,44.99050084142049,13.72651566947513
2023-10-15,11.73978630176544,18.304027701835633,22.860206217570834,1.9025135325993434,2.2211823801994326,1.1077096734131704,0.0016183896446228026,0.0004868127266565959,30.984938609735696,11.937126949848597,9.020926385811698
2023-10-16,16.555831400273643,19.27489251822789,24.055229370519854,6.225676990865072,2.243633171535068,1.4641370051452847,0.0019394177317619324,0.0007825273225042555,31.111450376059214,20.81454821576436,9.46097818216536
2023-10-17,19.086380123117234,21.26513969421599,27.337991831342904,5.491799505581591,2.2648223892042374,1.534596011634933,0.0025982036723030946,0.0021836808069547018,32.372383910289344,24.76293629304886,9.793397824304368
2023-10-18,16.430477252807613,21.74472053570218,24.484136024763316,3.837598016124301,2.286030186756982,1.601947307673295,0.001579681871732076,0.0010337430975172258,33.29095656959321,27.333974036047195,5.8170756061681095
2023-10-19,22.136475583292643,20.549192561412386,25.25862025258382,10.064571375570297,2.225672592059242,1.559773967147933,0.0012434173176023697,0.0009012117012341817,33.02987378270679,16.522575196482343,23.52402608768039
2023-10-20,20.022915382664998,20.073785860246023,24.197953893254596,3.8193917943159734,2.2066604288864133,1.3954098748938242,0.001972266864246793,0.1812321536604563,30.509104221310086,17.89343072155422,22.176582754046116
2023-10-21,25.56433652674781,23.25210180242962,15.697553441899617,3.971211532084146,2.315290493477715,1.8118936590509949,0.0014415278074476452,0.08063438206195832,9.290857008363934,40.88405856308407,17.291536648057303
2023-10-22,13.454318288239373,20.537871286553273,22.172830220485263,2.4356556099634705,2.2369430623902216,1.262261139795515,0.001810878997643789,0.0005838957489861382,30.372287648334503,22.546578251703046,2.9080406452751157
2023-10-23,21.461043217866685,22.316664182226393,25.208841803436282,8.298202341241836,2.228470686577691,1.6208349238199655,0.0023320704335636567,0.2602622414008776,31.40137130642997,28.76489306332059,18.74337066259384
2023-10-24,17.68990348528968,19.030332261661954,24.647546943105063,8.702849278962876,2.2416215069029066,1.4724526315384439,0.0015910224103927607,0.3128251859818564,31.304728267472584,17.13537967781703,13.453513925927481
2023-10-25,14.428821145532396,19.711639500681564,23.877600694084165,10.418540125839444,2.254410566404131,1.476395299875736,0.0021140919682714676,0.2898322961950302,30.87474435315874,16.485573594847782,5.428509408052233
2023-10-26,20.191416687164303,21.931554565247428,23.75674815668318,13.295215549899208,2.2577508237160577,1.4365477292140323,0.002276974373658499,0.24142312670124902,30.966308228280806,26.945018153945078,7.765829801546733
2023-10-27,19.57153788312276,19.529589302792022,23.905871742591856,8.492196231186126,2.2027158734618295,1.2872751660474144,0.001252363831996918,0.19257734398073623,29.40313037100686,15.644206581461164,15.80521636420356
2023-10-28,23.75874139932845,20.14797421046787,13.955880346806843,13.047084352771972,2.301729397309622,1.763320547050105,0.001665139898194207,0.010092657467789118,9.47406352719413,34.08203819386164,12.975642143817476
2023-10-29,17.934628476698133,21.377094537181858,23.917729514333935,4.310186936973995,2.1943372924529174,1.141951498301559,0.002021314065191481,0.024786181854671904,31.526729510839253,18.59331679818895,18.0300451945432
2023-10-30,18.446901448898316,21.269287004097833,24.27714498582628,8.006875009033415,2.1781563552898833,1.3131525194324392,0.0024563023559252425,0.0016983460055457222,30.929867214783567,13.356344528543685,17.81236556441413
2023-10-31,15.977441181415978,19.26399435387929,23.181608927853908,9.711442591400147,2.1656452562904356,1.1473234356813962,0.0014271503194173175,0.0021926857799953884,29.721051541415324,9.237773519206574,13.093849382767146
2023-11-01,17.598544713049996,19.892489548587804,23.91701361521403,7.187397810324564,2.1877416421487594,1.2357513821336956,0.003229767655001746,0.0032245715538660688,29.92485948366378,13.744541259623633,15.879500423079598
2023-11-02,17.195593541721767,18.34312201865302,23.712252507815894,4.689196248279148,2.160727356149886,0.9483937593595188,0.004617784552839068,0.003820549612045288,29.04144063000785,11.04517980316798,16.158789934179516
2023-11-03,11.036031940964591,18.123645938572352,22.37312969435374,2.569135246632894,2.2228155135430225,1.1096633712273172,0.0018796099381976658,0.016160399073759713,27.969572791275446,11.690594803204007,5.9958410608715464
2023-11-04,23.754248541891307,22.543276979399785,15.365663325470818,2.713322517174615,2.3014375993071665,1.7880838290749659,0.001905736365053389,0.0018217116615507336,8.174320071288216,37.37498929879718,22.83434977637185
2023-11-05,16.84265141257392,20.18613190982395,24.942256105698476,4.783850199804305,2.2981360313012864,1.1498475618025992,0.0017161037053002254,0.33044019489341303,30.278090053123897,18.31753532040914,9.837642870847915
2023-11-06,23.569539624773657,22.248866426120333,27.15061635150062,3.7421854103702974,2.248084666455587,1.4485178300886685,0.0019325819124115838,0.028933657957447904,33.03899027462853,23.874070982263355,20.22625183652454
2023-11-07,27.35715511915419,21.620531840468516,25.690969113655093,7.23694552139706,2.2279594136026173,1.498550904779434,0.0017742018731435143,0.13351550803158016,30.48489468983544,26.15926047680537,31.898132223336955
2023-11-08,23.97413389221615,23.97310150019964,26.960181091473892,6.021679587629107,2.270087316657172,1.6117236042878365,0.0019388671578301321,0.23748995259947248,33.478739517006346,32.8963069433276,24.072299979568058
2023-11-09,19.32624106982337,21.485409335055884,26.098791706441236,7.082008323426776,2.2404959254307215,1.4850597806255021,0.002685848520861732,0.17683088027397792,32.562597714665735,21.10322989242977,14.300309984400007
2023-11-10,24.46928872104645,22.954239071943498,28.332376211285062,6.4913171006552375,2.2758777833769055,1.547945660248068,0.0020851488502820334,0.1699615537288454,33.82881483688566,28.763582342544126,16.87847342958238
2023-11-11,26.233502424307925,22.01672926094479,15.68197142818875,2.6128290815809034,2.306019436062707,1.8013758319367301,0.0013791053708394365,0.2946148942806986,7.19745784998152,38.38510260448879,17.53822438986884
2023-11-12,14.798042972488407,20.091621466920643,24.077230621426903,4.541213332153956,2.1643239093420243,0.9791973484428728,0.0015689470815658572,0.5613223119176761,31.679674043104388,10.019920332722133,13.527725457984076
2023-11-13,17.676429202367995,20.837276114177698,24.749018256785074,6.875219050725301,2.241992021541596,1.5215151200456087,0.0024631107245551213,0.050636715965535914,31.91439050167295,22.00344752775192,16.137626167043045
2023-11-14,22.540387168091666,23.011268462505342,25.623533566000198,7.037587008067238,2.2564997409333123,1.6146004875577824,0.0017841903222931758,0.07200191818793615,34.067628002327815,30.98723682041592,18.42686985263613
2023-11-15,26.40469338608212,19.665973121744795,24.40600185162014,10.965100885698531,2.2072885254096986,1.360462910094791,0.0017734916694959009,0.01414390407085419,30.87570077180015,20.99423288323932,26.36835820924547
2023-11-16,21.708687064734566,19.9931734947798,24.301730772628787,7.875037598093882,2.221531864859264,1.3614620568617188,0.0019082892857657542,0.0014059662924872506,30.57412816243914,21.05594416386499,22.6323014112854
2023-11-17,21.046794473003814,21.386436086179945,24.18976517895593,5.275030145686468,2.2290523275672065,1.397537666742007,0.0021103993076748324,0.001600391250981225,30.88216623946084,22.88317165739907,23.111564161279468
2023-11-18,19.80886899330563,19.79554032684538,8.793556523713006,5.510706727253596,2.354859279321035,1.8083602664820353,0.0011967280668682522,0.08795446629047392,4.846057963954078,36.09743969732709,3.8458314407624146
2023-11-18,19.80886899330563,19.79554032684538,8.793556523713006,5.510706727253596,2.354859279321035,1.8083602664820353,0.0011967280668682522,0.08795446629047392,4.846057963954078,36.09743969732709,3.8458314407624146
2023-11-19,11.633109286626176,20.140955339514417,23.67943742534214,3.8966258732912276,2.2313878676795964,1.1177256716585158,0.004577044461303287,0.07259018153534993,31.253102569143504,15.386139239489236,3.8844052030987215
2023-11-20,19.218744894091284,20.057677512745332,24.283545892961286,6.675110830516816,2.1938633168326485,1.3232236219962437,0.0058331344223022455,0.27266202002922696,30.66577806133694,16.675840950798456,21.069105996623573
2023-11-21,31.548055208273993,23.35062725107617,26.42570064542982,11.774196723119946,2.2153513816240102,1.5376840633103583,0.006695620165665945,0.15948827859375214,31.57628985089832,30.29433118900511,35.528625343428715
2023-11-22,20.563347088237336,21.605475942189955,27.21135607236226,8.917350164905123,2.2263017456054692,1.4220668543995754,0.005763870423369936,0.033745703909132216,31.17406739409341,23.24139677440431,11.618270913431378
2023-11-23,21.579425039621988,22.522013927868738,24.156045326580468,11.572999726992713,2.24111874745263,1.501415514236291,0.006101587216854097,0.41844309109025535,31.916606158337064,27.464669430192313,18.411712053703734
2023-11-24,26.23457342659845,22.604995450570847,25.461042047356504,11.292566068761612,2.2078570300632054,1.4246299811530112,0.005798569855690002,0.1302203014609549,32.60514141242134,22.205540436515808,25.164378783855437
2023-11-25,27.642526672274265,22.704470681071804,15.951458278689916,10.125310451309415,2.269315160605113,1.807611531045437,0.00784357078048918,0.025049250333309177,6.2646235361289975,37.90659095279059,25.96849550416311
2023-11-26,30.085414876230026,22.700005528204176,27.292725504353843,5.248439379935794,2.1508654644605842,1.2825791119623184,0.005479058371120028,0.2694567126803928,31.838724789746603,25.15559948666255,41.09478546195772
2023-11-27,31.4885080337482,27.91860852099101,31.45992939414554,6.574411912180583,2.304557443016901,1.7072605644112167,0.002026956549220615,0.21037649408684836,38.49834507942412,43.572828818825606,18.01779408557256
2023-11-28,25.33722345203823,27.41005382133908,27.886619330897858,5.403836443967819,2.3109284094598563,1.7321758594791095,0.002620848143365648,0.3647804479349984,36.68076570590973,43.86499381807963,5.2379454263432805
2023-11-29,13.674023692109852,20.665263614788056,24.23868515437656,9.80113999478446,2.2579429948361716,1.5084289627133478,0.002776527540418837,0.08186849262740871,32.16326723917431,19.185892309046853,3.358048805951012
2023-11-30,20.16963699701521,22.248853553312088,27.7367584269672,5.833865165312027,2.2953134523603658,1.6138655402713353,0.0015320459111531578,0.0026600661243332754,33.67983132864422,26.863261489526963,10.053171919242011
2023-12-01,22.6140021449746,25.17390052545336,27.878333605266146,2.666136832385593,2.305428315266503,1.652290955875715,0.0011864752780066596,0.0004927532794740464,36.44342098578347,35.96343828245799,17.467563168646496
2023-12-02,25.42204777718438,26.447571756988104,18.17271246676127,4.043222402350109,2.3615045893965827,1.8387468307733537,0.0012171181787384879,0.0005769019428888955,21.20436604359309,48.963979563723676,2.9063617217614905
2023-12-03,16.01157052666558,22.375722523880007,25.53692021833208,2.4293662399652267,2.261049892063141,1.2854083531128035,0.0020356039788987897,0.0007280051512188381,34.885913831804075,27.221425244873895,3.080617661158244
2023-12-04,26.719522065010068,26.113739463403483,27.678030468584694,7.425673524052303,2.262191865291595,1.6721183846640586,0.0036531257830725765,0.0016903415388531153,35.978330801741286,39.64576619198482,22.258063738399077
2023-12-05,35.893263745714826,27.837319001394906,32.112060829624596,10.257554243337845,2.2318443324640063,1.7143604907957712,0.007038071201642354,0.012689009187486435,37.1315811988979,40.70910817320082,42.509671411493095
2023-12-06,26.33920003776126,26.202065190489026,29.313478866670394,5.324815148591996,2.268094512104458,1.6884236511829163,0.004970999001132116,0.02618200274149577,39.59661891071954,40.920891688760115,22.46304368795395
2023-12-07,37.66875043773651,27.198524715641874,29.93509886212243,9.549347706825998,2.236469024321238,1.6523624912744102,0.005584239674409232,0.24331224662356907,35.53709447208192,38.58089061360041,47.32412421698252
2023-12-08,21.934306706267467,24.44212478301578,26.018670107693147,10.949665149648457,2.326300716607835,1.6873118699603609,0.004975423242515988,0.006189127641254,35.49864721238455,37.01308714481354,2.90322700041453
2023-12-09,27.407333699357775,25.790483535385135,18.05643538295322,12.422710986457405,2.330378876200782,1.8291745614647865,0.004985608645015293,0.007979765564335719,21.03867133764267,45.59809665332159,8.752018913794622
2023-12-10,22.248441679526433,24.817195088153415,26.960986687134632,2.7136506419785813,2.252899945509169,1.3578872612349193,0.005192033443186019,0.005174299849934047,33.996282208614346,35.37252027720769,7.141375858294168
2023-12-11,25.291853908335366,25.44673307972802,27.413673150867883,11.22004384180069,2.2931070374488836,1.7286344861576297,0.00515391363620758,0.0074534154126379235,36.03938444352044,40.529077695787215,9.314615909648472
2023-12-12,27.275840987786193,25.664273877694875,25.622092937494916,4.583441802422205,2.309989852812025,1.8116080328684383,0.005149112023247613,0.006796400751537746,32.14208027667151,43.42419688217374,19.23951329286363
2023-12-13,23.781150648774037,26.156572546645272,26.780052841110226,6.3299833161735535,2.322051920469072,1.7596736809571583,0.004969797970188989,0.0055252158506711325,37.306057209262846,43.35562853405634,3.247465548881955
2023-12-14,21.36576690506829,24.921260459626517,28.517874674691093,4.115085948700375,2.2960097724723814,1.6852486579667199,0.005148159674273598,0.005607675109969244,39.26768944139057,35.11540715503269,10.84189417178472
2023-12-15,32.80269164205764,26.379930443935393,28.852700701781377,12.878378557908801,2.266037914839851,1.671510582646794,0.001967867342631022,0.008439533812469906,37.04915810828739,36.851068652466665,28.589912824518414
2023-12-16,29.706320606782704,27.570755621058147,20.577468695182805,17.001281348626875,2.333104973517523,1.8351977543687823,0.0018391786222987704,0.0058461004863844986,23.424355558518304,43.08354367390102,12.156222323758865
2023-12-17,18.107715065218603,23.5883301980612,25.167341599273684,3.3066172424199847,2.272287287158966,1.330819244787693,0.001977326832612355,0.0013531945202085707,34.411460693115664,31.02317840964847,4.640788832770454
2023-12-18,20.263372860620287,23.90971802939521,26.806840772628785,6.411085523996353,2.292405438187917,1.6404871502463025,0.0021430856794781156,0.002154899159537421,36.374279761210545,33.258800856651725,6.588416707259284
2023-12-19,19.778706373519896,24.225718410850103,26.770592027867632,6.714327241589229,2.2921574375173783,1.6743079707516562,0.0018346849025620354,0.00190441887166765,36.36087260051726,34.097479821893906,5.933739335430992
2023-12-20,26.22338470127106,22.029588806211684,27.673009170773824,3.521450163855023,2.281563148284488,1.6242433884310719,0.002430663336912791,0.003148956772486369,33.35954670803494,28.108231059301165,21.489632054437003
2023-12-21,28.99725251023611,22.553171470904882,31.98409038004557,7.3035517063278625,2.2344281555196974,1.5748164142436452,0.002564968192312452,0.005083470824824439,32.98982373067009,23.887488255259193,28.21144655280643
2023-12-22,29.04485815475464,22.328969878319636,29.33070755423652,5.479164656806522,2.2507649210421246,1.6423645472971597,0.002054912419584062,0.005003256370756361,33.619387744757326,26.448220374535456,26.664079470140667
2023-12-23,33.125159948527006,25.94620569875929,25.11643408846537,7.383559306195576,2.2801574029774136,1.8511308910965918,0.001978765733771854,0.005040569085809922,25.287444968301983,44.91285787649155,24.698606379557724
2023-12-24,21.95902119866689,21.613053731187186,24.86655505663978,2.1583678179242876,2.219311653834449,1.1887412979441219,0.0016471055224206714,0.0015023623106214733,33.81449690246583,22.89667961441464,20.449646712375216
2023-12-25,25.68692108167013,22.990615404080287,29.50800559449938,1.8358897602075999,2.3357146000819733,1.5797459268013636,0.0012548987139595882,0.0014559818198945785,34.55724622704188,26.63101973957909,22.229663890995454
2023-12-26,16.22777977540334,20.4476561979527,24.21939768781026,3.1022081793149314,2.3149886607763497,1.5312171037790514,0.0012270764798588223,0.0009629309044943917,33.49091620698294,24.274082232256994,11.089398128325147
2023-12-27,15.888558757264882,18.567005599166023,25.616403393164738,3.605362262889014,2.2802676947593685,1.315517464278539,0.0010813168756167093,0.0011671403219964771,32.40538512487623,14.710568907784358,13.738525507907868
2023-12-28,19.03750175311618,21.564264409641687,23.779597024951514,3.4012856874677873,2.331439950266944,1.5345595490333772,0.0010875091046757168,0.0012886089192496405,32.09790649086634,29.3372613900227,12.720842640681795
2023-12-29,14.972116572460598,15.613682389183042,18.62184630536397,3.4566479585393264,1.9474159777471753,1.1839033475589753,0.0009397838513056435,0.001287580032083723,23.028690475052727,18.02476749258465,14.300692652598489
2023-12-30,29.098473540903726,23.504159307350584,22.000863201391432,2.5156474674701697,2.364185999565124,1.8033835085966854,0.0011340047942267522,0.0019803284833166336,15.973793343603347,37.91483849950366,26.363337977239826
2023-12-31,20.663228663842947,22.06096269043816,27.936778666432694,2.330363299529817,2.1494669506470365,1.2725905678100056,0.0012694553783204822,0.001721979462305705,34.00407443145752,24.815953403602176,13.899546810830433
2024-01-01,29.366937927479213,25.88854334601297,12.502505948435465,2.8048527533160312,0.22756620241430067,1.5991490532289614,0.0025003611008326213,0.003322134431468116,3.3282428493987193,43.31832795942942,18.525130900221935
2024-01-02,26.89808630956014,24.046160035836955,24.365804806107413,5.416440101429623,1.5968292820689411,1.676341407564216,0.0010468870422575209,0.001416791389518314,29.25638179562675,35.54620374305726,16.925497885994382
2024-01-03,34.71819531958687,22.134564609222412,31.808434240688747,4.76069946946356,2.198996463589933,1.5081617851559321,0.0014747919699880812,0.0020017349150445725,33.96900599476709,22.553411969850327,47.85938509107165
2024-01-04,20.70736095721351,20.707704866852232,28.02068082604302,5.189232306559881,2.2929707907189267,1.5479275083910093,0.0021670411841074625,0.002297759976387024,34.188578560901234,24.614220988400778,13.154304960553912
2024-01-05,16.43162962050968,21.86714319107692,24.969176423242356,2.1899420816707615,2.3232549681875443,1.5949340071860947,0.004875215358469222,0.004414335537221696,34.82982531437343,29.202354939852817,4.686045520165762
2024-01-06,21.733469853079058,21.520055955441794,25.338229723786252,3.282181175099479,2.308081032850477,1.5673534937050608,0.004757741238541074,0.005960653765996297,35.33599926271438,26.278915856098596,20.253322027013567
2024-01-07,16.724686919915943,22.17209796286477,23.60262552807702,4.8605541593339705,2.305687697580126,1.2755352069195116,0.0028724195525381296,0.003068368060588837,35.55590616641362,27.456773508747947,2.8995475313610504
2024-01-08,20.437450128618877,24.70359623445299,26.54416104049259,6.491024141627419,2.3453120643319023,1.6463661860738859,0.0008988526582717895,0.0013761264636781478,37.96951015546587,36.20001444722917,3.677204017910427
2024-01-09,19.068714770736694,23.25269106433021,25.420935509702893,5.566442641026179,2.3696997502051462,1.6462248987971413,0.001169030117193858,0.0011296680919329327,35.61199706593407,34.280785476250124,2.8964439701737295
2024-01-10,19.751017604870263,24.02263032662497,24.401797308709885,6.732049669534894,2.3574380109892954,1.6582519772860738,0.0013301947153939143,0.0012235513022210865,34.85909064893299,34.96736204479004,2.8944706526925827
2024-01-11,28.032500004988783,23.709495762471093,27.125345247196616,8.44631006817076,2.3302728990576003,1.6410593855333329,0.002893139142725203,0.0033826191759109498,35.43943231352276,33.371862775641546,18.641708498371973
2024-01-12,27.409445368804935,22.558729232864383,29.379217094904586,11.889001539999644,2.31528027457979,1.609281609325144,0.0015420325846142238,0.0023027871688206993,34.31079760753208,28.872408776679567,19.15668190453847
2024-01-13,33.2606902855852,23.39085289267858,27.699366860304938,11.088876597698,2.2758002808740403,1.6369839549501735,0.0020450358907381687,0.006194124132527245,32.989331812309686,27.175353618854952,37.59759124852075
2024-01-14,18.114520274891323,21.999478353691103,25.839232436146208,6.278457682003444,2.269492908329434,1.2421501062557434,0.001226946744389004,0.0018736465719011092,34.09255732739767,23.727571583156585,9.180344853500792
2024-01-15,23.952155284864638,23.917468171479964,27.908904302563133,5.955908497074976,2.303499278077019,1.6321107518302074,0.000921509744061364,0.0012716292582617868,36.91523440483306,32.73636982933256,23.306492569781412
2024-01-16,21.06619851064046,24.918426896256342,26.738595245806373,6.617783520523709,2.338606379040612,1.6672358198316892,0.0008912099324332343,0.0010419192173745896,37.909889031971815,36.59352181472778,5.242133350594839
2024-01-17,29.054710063451132,26.277990673597127,28.946789359084235,11.478375158298277,2.309041910360124,1.662609820936256,0.0008236657041973537,0.0018669460431734721,40.98108239461687,38.44890061381659,24.59245218266805
2024-01-18,25.60883956754897,26.411982030556995,27.70942455259959,6.005743907317055,2.3317289792696636,1.6813401473914251,0.001349865804248386,0.0017431270350350273,38.81197974597294,39.89109366852443,17.280426820320553
2024-01-19,23.131238552059596,24.546044724146526,27.102996530952453,4.876413429987165,2.3453296713998584,1.6436208064913749,0.003222437502543131,0.002894196253617605,38.41698715256161,35.04183703024121,17.41354025324928
2024-01-20,22.066987524308097,25.64312670648787,27.064607547607423,5.024489775122536,2.351814026972453,1.6361782991398703,0.0016517087295320298,0.001381908742851681,39.58643540914958,37.07583168853972,9.492809378225541
2024-01-21,17.482983048464455,23.949336118520105,26.503583481763204,4.147265209467146,2.3090914880222737,1.2982325162943202,0.0017872456275092234,0.0010710727689001295,39.495758521567446,29.55750518309911,2.906086355467902
2024-01-22,23.96165291738298,26.49491724814945,29.34658261398315,8.126482253911758,2.365485748897129,1.7260262276384564,0.0010817215347290038,0.0014258038918177288,41.21122033208211,40.7969372563892,8.203622445507047
2024-01-23,29.46584703637441,25.99219881994036,29.703475536410014,5.304222932863236,2.323651731088426,1.6640069443858994,0.0009315464186668395,0.0018006561424997113,40.44614370957057,35.279471050461666,33.36375439723757
2024-01-24,25.352404229710896,26.62489350967195,29.29773110739814,9.061975079407162,2.360055692793529,1.7133087835028433,0.0011215565450986228,0.001916976118882497,40.381932038745866,40.51588121349123,12.141638471613991
2024-01-25,20.984574966884193,24.796397787354785,27.174254260088603,7.207775978325738,2.347160256222619,1.6687064648649428,0.0009062769039471945,0.0012809171340200638,38.43676287192663,34.746540647093454,7.3096864856614
2024-01-26,22.191269171146814,25.02824598091549,26.550932062738198,6.773875949596828,2.36770965054618,1.7041599812420207,0.0009536874614821539,0.0012264916480912102,37.13538242356406,37.829856820877914,5.193633331608242
2024-01-27,29.622133558175832,25.474252488729686,27.357870763011505,3.787094217383067,2.3148838915252683,1.6770543144239318,0.0027665357576476205,0.0034912250463167826,34.708389142146636,35.189914600546096,37.843134211697034
2024-01-28,24.857368532282514,25.80859215564092,28.088568211275735,3.837908154002295,2.3113227378527323,1.3703278578146298,0.0012550690759552852,0.0014752665201822918,36.32289947335773,34.40694311205758,10.20342840160582
2024-01-29,26.767561452306108,26.743376244061793,29.886252252663503,8.74876189839787,2.3289587510596386,1.6588975678006808,0.0011479530636469522,0.0019333530767758687,39.222582451930585,40.08556567876604,14.137684661708406
2024-01-30,33.713280099597505,24.811761408585447,28.06101256015354,16.7212893791665,2.261037451962365,1.641158428557184,0.0015356838840908471,0.004179416469203101,37.494871223371284,33.4404374691497,33.43002601443608
2024-01-31,30.564069222776627,24.618663790779113,28.4842921239429,13.275346811881597,2.293004590199789,1.646665025778082,0.001711851519743601,0.0032010559982723666,37.701116257027515,34.90987978490829,22.974894079695805
2024-02-01,30.71706205208672,24.86495836905161,28.567512036904233,9.562161180844837,2.2878120833036637,1.6403129791622693,0.0007183774574597676,0.0019799746987554765,34.29638622098923,34.53084079235289,27.255497001315216
2024-02-02,22.42984247293261,23.988372183121584,26.05270601494259,10.14745755104913,2.3031592717403835,1.5825930036997795,0.0014475496488147313,0.0022377103898260325,35.99593191257477,33.057996211645346,10.744861780846911
2024-02-03,15.380657593485516,19.809335185288322,23.387513478329975,2.9059008152866364,2.306138299700419,1.5713296829597154,0.001624911998377906,0.0010729607741038006,31.751486499735513,27.602981730204686,2.932621250239478
2024-02-04,15.230013456026713,20.141545085163113,23.63582425909254,4.716015392517513,2.2814602245797047,1.2563600990160304,0.0012456700065400866,0.0010417741243044535,32.505209545856054,22.69389483269585,4.78996062303543
2024-02-05,22.297930319548712,21.136594306089613,26.098673766814336,6.736726885083516,2.285028578482734,1.5706644013659157,0.001730284393363529,0.0018950671831766761,32.59320655654059,26.29665746269651,16.0152558446757
2024-02-06,20.952056914117595,23.157928118173817,24.79347996896532,5.119308516135746,2.3473564086574976,1.6387039288322134,0.0030304312025176156,0.0029152043607499865,33.018730889723045,31.64278385656145,9.436481784968908
2024-02-07,23.069787102542453,19.520894140141806,24.832271006558738,7.71008057203081,2.2606873945384556,1.4115073363176984,0.001706509846316444,0.002104016635682848,33.01567048686557,17.879448836591514,25.802441461908558
2024-02-08,26.979982336446977,21.031388743582834,27.03892881352743,7.54725827887853,2.2910106450865007,1.5131653205098048,0.0015303476895226374,0.0023835557156138944,34.43606948768615,25.839079423647984,31.460664155373046
2024-02-09,20.804123468439265,20.27877323920745,18.880783137555575,3.6055929042748405,2.425057738258047,2.0247817698837225,0.0012466505757599904,0.0013295460469615816,22.125101024875878,32.61681579425542,14.009629891125204
2024-02-10,27.240157348139075,23.831230353614306,21.197582436594512,5.243460709015945,2.486645217010442,2.576716959133853,0.0009454182294047705,0.0015878143957827797,19.37166597380509,38.992504614985315,26.998292517902748
2024-02-11,30.71696390273624,22.73133814287398,25.73783565701803,3.49297373064465,2.433851325333913,2.525211463739607,0.0013998624438709682,0.002930539200570848,20.18997621798197,31.887543543345135,40.36177195875168
2024-02-12,29.788885790362887,27.08747007103602,23.326987166137698,9.161582040990194,2.4983997716522217,2.5615992723253043,0.0008871961956553989,0.001968977055284712,23.970154677494897,46.23808373490653,23.84004925396601
2024-02-13,28.51704198531257,26.119163088821832,22.919151333533392,4.855854085587397,2.4934080404620698,2.326459732010629,0.0009458217856619092,0.0017590327673488197,23.585747925277282,45.519984538421625,12.40774187122981
2024-02-14,28.46315445747799,25.847479816705917,20.90001371251848,3.7377183079560607,2.334734714715746,1.8076643540300266,0.0012410845679706995,0.0017110846665170456,25.20509630428102,47.22636866547266,24.397949393117685
2024-02-15,25.888784891463388,24.560784803040818,17.458729512163796,8.719595044941373,2.3492556755489775,1.8290201104664803,0.0011872395531336468,0.0019941716618008085,16.923757923361457,43.56746150455051,13.028578968984815
2024-02-16,27.17068720990075,25.596639976681608,21.841497651714747,5.729462806862725,2.3918329346042206,1.8180014663216801,0.0007234087782435948,0.001325194674597846,22.556553252792362,44.00191290163463,19.188539706145395
2024-02-17,26.0931395787557,22.210128926999833,19.78590894489288,7.343287889853583,2.295891261679332,1.4488550517794825,0.0008281502225663927,0.0016318714753786724,20.9753010492452,38.15146210735321,25.23606044727961
2024-02-18,17.768194722069634,17.48982638366063,16.189406166178387,2.017022928788927,1.713399594607883,1.2145004936644765,0.00232834975692961,0.0024683328472243416,18.321307997035984,30.78867141633564,10.595841153638629
