Time Bucket,1-Mains_A,2-Mains_B,3-Mains_C,4-Air Conditioner-AC Arcade Room,5-Air Conditioner-Doble 6@8,6-Air Conditioner-AC Baby Room,7-Air Conditioner-AC Lobby Fancoil,8-Other-Campana,9-Air Conditioner-AC Lobby Condensador,10-Air Conditioner-27@29 30A,11-Air Conditioner-AC Salón Eventos Fancoil,12-Water Heater-Blower cont Jacuzzi,13-Air Conditioner-AC Salón Eventos Condensador,14-Pump-Bomba de piscina y filtro,15-Pump-Bomba Inchayet,16-Pump-Safety cto de Bombas
2023-02-20,12.675829135805765,8.239229854238298,12.37496225786209,2.3856698616833163,5.302559301634895,8.16991159983741,0.48911150854799484,1.705349127451579e-05,10.063637363290523,0.0007096515287293328,0.36888401485972927,0.0,0.0,8.683460903049045,0.0,0.0
2023-02-21,12.196419887250261,8.741504995587668,10.500643914173974,8.91235382341173,13.466677396869656,3.445289244107141,0.005139581151803335,0.0,2.877609994676378e-06,0.0,1.6977596593652833,0.0,0.0,8.579195197686088,0.0,0.0
2023-02-22,7.739242971534728,7.543819883435567,8.914555658673182,2.356608519562615,7.180482251987458,7.434939793872833,0.012495005429320865,4.470918973286947e-06,2.8406834602355958e-06,2.7835490968492296e-06,0.9741740076184273,0.0,0.0,8.560950942832099,0.0,0.0
2023-02-23,7.682054016420576,8.883676419924631,7.047430571306017,4.741996334991455,3.0007110619333055,7.4456427189339545,0.01632121335877313,1.3128534952799479e-05,3.832597944471571e-05,1.180164549085829e-05,0.07390988577153947,0.0,0.0,8.606951462385389,0.0,0.0
2023-02-24,7.877685184673734,5.702108158720866,9.344861130129496,2.3572259778383042,5.966701773694355,5.82775926668803,0.010669155400064254,8.54828953742981e-06,1.5402071211073136e-05,3.0929165416293678e-06,0.47708892177581785,0.0,0.0,8.334193968964682,0.0,0.0
2023-02-25,12.168090745446948,11.1743960070769,12.606805759290058,12.077691290635002,9.752533380940754,9.484224736785892,0.01980942164209154,1.7450454235076904e-05,3.558345503277249e-05,8.584919505649144e-06,1.1483702976253298,0.0,0.0,8.797808420011732,0.0,0.0
2023-02-26,12.85996418619156,6.87953287660175,11.210456841475168,9.431334116092257,10.015259421893223,9.230236076829701,0.01839970651043786,3.0484511057535807e-05,3.0188380612267384e-05,0.0,1.619954273481899,0.0,0.0,8.751793595055473,0.0,0.0
2023-02-27,6.341217407355838,6.4379634360652505,7.636451552405886,2.3657602954716155,2.8106293162006803,9.33525674758911,0.019138827743795186,0.0,2.6417636606428357e-05,6.236200597551134e-06,0.06567090483427047,0.0,0.0,8.73267930891249,0.0,0.0
2023-02-28,6.504592449434068,5.510079296603733,6.586774554356468,2.361419496635861,3.1790836850335875,6.743504629872641,0.011602760851118296,1.3049640655517579e-05,4.2080158392588295e-05,3.21464114718967e-06,0.1455823774581485,0.0,0.0,8.695382877833048,0.0,0.0
2023-03-01,7.249861913683149,7.229405314279133,8.843254760254755,2.359783503199683,4.936448234505124,9.191406449998219,0.01792511840581894,2.3253048658370972e-05,3.197902467515733e-05,2.9227415720621744e-06,0.14417039213021596,0.0,0.0,8.777672588924831,0.0,0.0
2023-03-02,8.878232524760282,9.17909877062068,8.52348487842897,6.176354031604533,5.61716296679331,8.186374196826666,0.014582620085430292,1.3797338803609212e-05,3.346755553999065e-05,2.9018947813245984e-06,0.4000811528737751,0.0,0.0,8.734965149586996,0.0,0.0
2023-03-03,8.084780609931169,7.987009756704844,7.750033186892212,5.1399342945275,3.425459881804321,8.390167340793031,0.016003194232431902,8.754885991414387e-06,3.897504757127644e-05,1.91959015528361e-05,0.08253119875754839,0.0,0.0,8.74749124516116,0.0,0.0
2023-03-04,6.772636289969549,5.3664460972277315,5.758454121510188,2.2740796163982813,3.7239166814570956,4.576680040592617,0.008701867872609034,8.600927193959554e-06,3.238416724734836e-05,8.761032422383625e-06,0.1908653122136328,0.0,0.0,8.74542934721205,0.0,0.0
2023-03-05,8.157565390381285,15.724474773729114,13.194854096106424,5.421817478766972,1.8238099393547906,8.097154689644707,0.03463194344176187,1.491346825246016,2.3382744524214006e-05,0.0,0.0594475829940372,0.0,11.976226665908495,8.71323805202908,0.0,0.0
2023-03-06,5.984364525470734,8.975598411869472,8.620169353788164,2.4920539067395526,1.8110644325934517,11.090036841261124,0.01968190541638268,0.00465504541238149,9.25873597462972e-06,0.0,0.003192310723993513,0.0,0.37263491460588244,8.663218300103082,0.0,0.0
2023-03-07,6.813481540605758,5.868101280690299,7.526353008013833,3.7613588807805374,3.7737776596450794,8.738411862990061,0.014027649882634479,0.015254470675388973,1.1679146289825439e-05,0.0,0.11629338537507589,0.0,0.0,8.447241148452758,0.0,0.0
2023-03-08,6.637106703298356,5.741748166867361,8.008787991277908,2.367412173959945,3.2414970352787447,8.89014692884233,0.016732278189659118,0.055553217302958174,1.1943267186482746e-05,2.8197108374701606e-06,0.07290085981819366,0.0,0.0,8.768738044382731,0.0,0.0
2023-03-09,28.403607819726737,9.948952551848095,25.003451105222705,4.661822631195916,1.872523738100264,10.412346874574027,2.6921985033898883,0.009604918130636216,45.7640792042592,0.0005412411061922708,0.3572716815498139,0.0,0.0,8.779758845316568,0.0,0.0
2023-03-10,31.263669876965416,7.3762588475693605,27.01399472107358,2.3904507358868923,2.9787424343490594,7.429000300850338,4.205129621611703,0.003723025656143824,50.92405971644084,0.00046889460325241094,0.4496992351174354,0.0,0.0,8.752337829555936,0.0,0.0
2023-03-11,26.733458162788814,5.710941703826056,22.288299735556706,3.53946331720988,1.8326410715442234,5.113272538166046,4.163392140066358,0.00032727222442626954,42.422796207425854,0.00032261864900588993,0.31394042237732145,0.0,0.0,8.793851739404467,0.0,0.0
2023-03-12,27.48754238248825,7.2403250457700095,24.08289297446145,2.6729459088791736,1.7462158437029518,6.701704202452768,3.9666340407350322,0.017500875975290934,44.186431619864564,0.00034298195203145347,0.3310256155935924,0.0,0.0,8.722894440409343,0.0,0.0
2023-03-13,14.135463668049706,9.850477154072655,13.30308638018608,3.0775309039666916,2.3471895024108895,9.054974710205926,1.9113166187307566,0.012335406501690547,15.856435657382278,0.00013317150142457752,0.14859957865132226,0.0,0.0,8.683837060835097,0.0,0.0
2023-03-14,6.921100036650765,6.539914108933342,7.065143315402137,2.342649599319034,3.8119626129553055,7.51411617026435,0.011563587873246932,0.05661755608567021,1.2018389966752794e-05,0.0,0.20209748731533686,0.0,0.0,8.71690816675822,0.0,0.0
2023-03-15,7.813031969316272,8.577444897128212,9.253341556671993,2.369092801560296,5.523461208610533,11.191561133793723,0.021540972874959315,0.003414452881394771,1.206043481826782e-05,0.0,0.37927229889684255,0.0,0.0,8.748254256286621,0.0,0.0
2023-03-16,8.212892463652294,6.7262596447012175,9.58557119603263,2.3441242876752217,6.233151580655841,7.974126704817877,0.014067533826828002,0.009569272617495895,1.4818388885921901e-05,0.0,0.5927201495170595,0.0,0.0,8.697102262149388,0.0,0.0
2023-03-17,7.07159294558843,6.816484868152406,12.692414313779407,2.361322063005235,3.693936859046088,8.477019832757314,0.011426254833539328,0.022145088105539487,5.834405422210693e-06,0.0,0.12246857944753436,0.0,0.0,8.618293865371282,0.0,0.0
2023-03-18,7.159235941037071,7.318105864027872,10.4537701694817,3.578894125551648,3.4682927914047252,7.7393726237063944,0.020710961388746903,0.00954804267326991,1.4597339100307886e-05,0.0,0.17387675578355788,0.0,3.8265869045906595,8.099223932172986,0.0,0.0
2023-03-19,6.07858651467853,8.695296106450822,9.992970996449788,3.5269327789836464,1.8075778058560688,7.646732459748587,0.02058921160803901,0.04766107701402444,2.842611471811931e-06,0.0,0.009317837804158529,0.0,7.612285146408876,8.20771015194363,0.0,0.0
2023-03-20,6.943525156010522,10.276511052643457,10.092486946516036,4.927674348374473,1.7999907253689238,10.677053912283581,0.028756436761750118,0.07174767130909822,8.669660621219212e-06,0.0,0.02156188403420978,0.0,4.457342422240575,8.205120040740967,0.0,0.0
2023-03-21,14.078639696473017,11.716936629688474,7.776453569466273,19.74505772535112,1.8136646348698933,10.412251513298886,0.018663324758476683,0.03388633295257886,2.860470347934299e-06,2.881672647264269e-06,0.009087945352130467,0.0,0.0,8.160589694502088,0.0,0.0
2023-03-22,11.663515991749238,15.291261930348082,11.31569216996087,16.81870674353918,1.8032272190750969,10.62989066777971,0.030401693383587728,0.009816914486885073,1.1844450102912055e-05,3.054623603820801e-06,0.023370617964267735,0.0,7.497999623030822,8.15418087354872,0.0,0.0
2023-03-23,5.869888674869537,9.33494652999878,8.0071474499872,5.048777347380323,1.8048563273006017,7.7398809188991144,0.01591584977388382,0.012045413720210393,1.1769354873233372e-05,2.9012995296054417e-06,0.005083042147159576,0.0,3.0182484387257364,8.17219985437817,0.0,0.0
2023-03-24,5.957991391802894,7.726947088769278,8.277694689856634,2.35021792927636,1.8078558264350888,10.581618396494122,0.019282274606757688,0.02287964708606402,3.1357897652520073e-06,2.8074643346998426e-06,0.0064095632052421575,0.0,0.0,8.670802229190402,0.0,0.0
2023-03-25,11.463026569902633,14.757660005021624,18.0807128186459,13.094230715380773,1.810997651170095,14.96443373458862,0.05228510117663278,0.0666904747692744,2.7217870818244087e-05,3.1017367045084633e-06,0.07245696993774838,0.0,13.433292115800116,8.729490761010913,0.0,0.0
2023-03-26,7.780834554239907,6.497466100034714,16.03389530393812,2.3433499575848042,5.0639022468121855,5.26875495818244,0.016029981798066036,0.02092292130668958,1.8869368235270183e-05,2.8170326020982535e-06,0.3024285450532701,0.0,4.232868951325946,8.637268349677191,0.0,0.0
2023-03-27,7.424941043425666,7.717492039286294,11.651491761914361,2.3437377159584893,4.78811230527454,10.581434783583747,0.019769181567562952,0.06736357383052506,0.0,0.0,0.15606883459409077,0.0,0.0,8.633798372650146,0.0,0.0
2023-03-28,5.709798524278004,7.250371888368393,8.003954198626412,2.349459915593465,1.8153940606180832,10.724052502920363,0.02312058235168457,0.0033132628436883292,5.765326288011339e-06,2.857474221123589e-06,0.013001263795693713,0.0,0.0,8.423826470703812,0.0,0.0
2023-03-29,35.60539542246289,17.99881122222159,35.024296524537405,2.393411181066301,14.453344738457998,7.415156253445945,2.2549542326453,0.04399910854697227,47.9496707236735,0.0036320207362704805,0.8224125801444053,0.0,25.363768541536334,8.728667949269612,0.0,0.0
2023-03-30,41.07030841012319,6.621987186468972,42.53894064838198,2.395411342069838,30.863147413012182,8.053592729888493,2.273110224293868,0.0005407089352607727,45.25063989823395,0.000529816456105974,1.9168056569798788,0.0,0.0,8.749316499057345,3.2359578874376084e-06,0.0
2023-03-31,43.04262619028727,9.444161681236691,37.29957138099459,4.944209961545733,2.9760158667204117,9.488510305006237,4.189251965993245,3.5415342648824054e-05,75.16383037175495,0.0007112046734491983,0.7735457478838498,0.0,0.0,8.767367500898573,3.370656172434489e-06,0.0
2023-04-01,43.41482331933975,8.006201967480976,36.71342287201141,2.4294326262685986,3.6617421908738885,7.256776155967712,4.178727932400173,2.1496084928512572e-05,76.5533583231375,0.0007819868954022725,0.8404079282728831,0.0,0.0,8.061691337009007,3.1317027409871417e-06,0.0
2023-04-02,48.31710160872989,9.92094233414544,40.62177846172757,13.867204009456634,11.40966219405704,8.119420289287564,4.167679709375169,0.0002768461648623148,77.44130639307657,0.0009611077610651652,1.6121847059581016,0.0,0.0,7.794420186445448,0.0,0.0
2023-04-03,24.203189080462987,8.076815442082086,23.134132636284296,2.3902801766565114,8.360248983264498,9.37261889261034,2.014570562088754,1.3676079511642454e-05,33.57677518606927,0.00029727492358949453,1.1529172170538375,0.0,0.0,7.22163048280504,0.0,0.0
2023-04-04,30.957894998902212,15.417311153055827,27.91835680280686,2.4178766739527386,3.1027472775120204,8.145669379016027,2.381320787217882,0.044791138149499886,50.19794959001117,0.00141342829518848,0.6561876872362031,0.0,17.853446510822774,7.976520611789491,6.244880358378092e-06,0.0
2023-04-05,8.975362877843645,5.407537850773069,10.203860794080098,2.3745268520376417,9.620617363408405,8.320806804078419,0.002863033570713467,0.0004486389489968618,3.063612249162462e-06,2.9210686683654783e-06,0.9551832485871845,0.0,0.0,8.920167823028564,0.0,0.0
2023-04-06,8.288349988189273,6.091753910677167,9.366088111256493,4.715698067955441,6.845568100770314,7.998790472390919,0.002541047721438938,8.460956811904907e-06,1.1822577052646213e-05,0.0,0.8942763593273694,0.0,0.0,8.961532763260735,0.0,0.0
2023-04-07,10.408471273827022,6.566714486582013,8.38758996635861,6.2736311733881625,7.36428398478402,6.988047367112901,0.0020742224542299906,0.137989108761549,8.61389610502455e-06,0.0,0.4918484814985593,0.0,0.0,8.494946005893283,0.0,0.0
2023-04-08,9.567098114806281,7.5137453971502515,6.8022458921708004,7.494899904386733,4.110992236961788,5.49063665805181,0.07270495827330481,0.16419182279268904,1.2375929199502205,1.7687597539689805e-05,0.19619352203183701,0.0,0.0,8.442624585028755,0.0,0.0
2023-04-09,6.612663597276477,7.929776601066589,5.513782320602203,3.9675560193655226,1.8235529021559822,4.7921736276711355,0.0018959521720144483,0.07277177690347035,2.304051796595256e-05,0.0,0.006952203041977353,0.0,0.0,8.426907841392094,0.0,0.0
2023-04-10,5.754744427651299,6.905897969982358,8.242229048103757,2.387868882613712,1.8049019566493565,10.96377308587604,0.0031259026585684882,0.025339403059879934,8.635493649376764e-06,0.0,0.035818267389668354,0.0,0.0,8.453358183873494,0.0,0.0
2023-04-11,5.672524092129603,6.931744993342293,7.978396134077708,2.376787898529901,1.795210784681108,10.901217092535228,0.0029620084526803744,4.344226121902465e-06,0.0,2.88728846444024e-06,0.03358134729067484,0.0,0.0,8.298302060936821,0.0,0.0
2023-04-12,5.676424777054257,5.426017151978811,6.823958222262065,2.374056241149902,1.794245676307678,8.370067541690402,0.0023981638256708785,0.013833476165930432,2.1519267029232448e-05,0.0,0.02124024431175656,0.0,0.0,8.252973072696262,0.0,0.0
2023-04-13,5.648454828637441,7.79359543691847,8.157835591737959,2.3788456440099073,1.79100365026474,12.31798962720659,0.0030221221356921723,0.009434831690788268,3.1957326995001898e-06,5.667586856418186e-06,0.029039786800808372,0.0,0.0,8.217642102915447,0.0,0.0
2023-04-14,5.884720166729822,10.729272998810876,7.473868095154233,6.6379054872110155,1.799027350169288,13.419362493175933,0.00325158269405365,0.015156887447436651,5.816965632968478e-06,0.0,0.008930067677762773,0.0,0.0,3.10249266614649,0.0,0.0
2023-04-15,3.626190892452664,4.948270009927749,4.543310057787366,2.367546216964722,1.7933431805949742,6.198488610322742,0.0020074171310000954,0.0,2.039387782414754e-05,0.0,0.01615062130610148,0.0,0.0,2.9402946064927846,0.0,0.0
2023-04-16,32.10754696046194,17.97038588956621,29.246597395511202,11.661030597025555,27.21869895326614,11.709779548719196,1.7212375467443466,0.001988987596829732,31.103844574066795,0.009595919225480821,0.75777244472954,0.0,19.907794020388128,2.939969827134874,1.503765000237359e-05,0.0
2023-04-17,3.5925446425861787,7.067754307808346,5.875002943388622,2.371909108452267,1.7883930060365463,9.45271061972088,0.002774626557297177,0.01592775571544965,2.788767549726698e-06,0.0,0.017404692952367996,0.0,0.0,2.9250087390645345,0.0,0.0
2023-04-18,7.330386805273691,8.928507454507615,10.013555510498684,4.2744911332935756,5.631679540918138,13.777544740893047,0.006295773312780592,0.02371991423050562,5.952165126800537e-06,3.2350402408175996e-06,0.14428570404926935,0.0,0.0,6.998071121699015,2.9696353276570636e-06,0.0
2023-04-19,6.746558335242802,6.441247367307875,8.462449115142823,3.088261773810917,3.372470031933254,10.450013496721056,0.0048967599227693346,0.0009495106021563213,2.942689524756538e-06,0.0,0.11352485046095318,0.0,0.0,8.47437838353051,0.0,0.0
2023-04-20,6.648366045996347,7.397022149980334,7.79759548403422,4.059767703660329,1.8075963684230383,10.156746682465872,0.004669870411554971,0.0009559758345286052,3.567037052578396e-06,0.0,0.03695787350919511,0.0,0.0,8.456876866794163,0.0,0.0
2023-04-21,6.599545890021854,6.409527622424232,8.379295552366044,2.340538430027432,3.5754910781224574,10.084445175270504,0.0035102146008279583,0.010450432895421982,1.4372451305389404e-05,2.913512653774685e-06,0.13242746880875692,0.0,0.0,8.417461000684103,0.0,0.0
2023-04-22,10.2085806418101,7.867046097254223,10.505414862808651,5.701878586483003,7.464698666398789,12.699946138816411,0.00485573384947247,0.0033186941421031947,1.140165752834744e-05,8.699624008602566e-06,0.60318495544672,0.0,0.0,8.358156980523004,0.0,0.0
2023-04-23,7.080723562191857,7.834511909914015,7.204989157561197,4.934153316735162,1.8062093614217969,9.54155710163964,0.003119920438660515,0.0006565557777881623,8.507881429460312e-06,0.0,0.010330411297215358,0.0,0.0,8.29400631140815,0.0,0.0
2023-04-24,6.561951379152933,7.388873611714045,7.599051618188222,5.053475987464058,1.8040249807188247,10.11176608533435,0.0031279908389515347,0.05559881976326307,9.164568053351508e-06,3.2957492934332955e-06,0.030038377620114222,0.0,0.0,8.289166176278856,0.0,0.0
2023-04-25,5.6217334825155465,8.05188008002281,7.294813053569793,2.350996170408462,1.8072255383279585,9.454959313009052,0.0029883428608046634,0.059286277706623085,8.738066885206434e-06,0.0,0.02352681057108773,0.0,0.0,8.31564633430269,0.0,0.0
2023-04-26,12.866790151278176,10.709985361890793,8.537363589359918,14.448741398037805,3.074970279782612,10.946612292539807,0.002887252552244398,0.021627946554025012,2.9284856054517957e-06,0.0,0.1320171974489424,0.0,0.0,8.348447138637967,0.0,0.0
2023-04-27,7.9405013652038585,9.154028994267781,6.615531771007112,7.961440629117755,1.7911672460026211,7.859090745824178,0.0027976804139879016,0.007677288657824199,0.0,0.0,0.01922493186367883,0.0,0.0,8.377953428115845,0.0,0.0
2023-04-28,5.611200704373252,5.861614293207594,7.099606568637424,2.343059849264357,1.794605077855852,9.217814997348787,0.0039691990158292985,0.049408740733861915,1.8039540979597305e-05,2.9718301031324604e-06,0.03390293870634502,0.0,0.0,8.132161659901938,0.0,0.0
2023-04-29,6.44821582002004,8.717053903534149,8.226840798095068,3.6722941408199734,1.8074323750495909,11.894040220485264,0.004038733964761098,0.07840074554603996,8.663900428348117e-06,0.0,0.030233165562682678,0.0,0.0,8.381539928349389,0.0,0.0
2023-04-30,20.66370938814799,7.760114955394533,19.20376388011508,2.377505325855679,3.96800686144087,9.82856123577542,1.672007122564051,8.039752655840934e-05,27.85904353799449,0.00016332146406173705,0.4088486652302742,0.0,0.0,8.368022960393692,6.1307562722100155e-06,0.0
2023-05-01,13.41818545735677,5.586515528668298,12.228556654546527,4.724520770310296,16.71573518108368,6.072772205221388,0.0024051292361153497,8.039752655840934e-05,1.1884952121310764e-05,3.1887679629855685e-06,1.439473631811407,0.0,0.0,8.272549190826416,0.0,0.0
2023-05-02,8.264454605653553,6.713685056810378,11.638802271811167,2.350882439248827,9.152951216820611,11.303268222162458,0.004170836907492745,8.039752655840934e-05,8.862060176001654e-06,0.0,1.2368763479206295,0.0,0.0,8.237348571476407,0.0,0.0
2023-05-03,7.796751368978287,9.155305626842711,10.957737173563642,2.3457741361872353,5.921136711860233,15.400611049194337,0.006918332629733615,0.001599284068048779,9.23255549536811e-06,0.0,0.2983991703547372,0.0,0.0,8.418499147440592,0.0,0.0
2023-05-04,6.713668501143986,6.645023812736935,8.685950992955101,2.3379362773810493,3.7355420315191483,10.978219529925454,0.004798271915647718,0.0065520088198519595,1.803356435563829e-05,3.0073075824313695e-06,0.126674783264531,0.0,0.0,8.387050224541557,0.0,0.0
2023-05-05,7.930976734574634,7.801025601583057,10.020164632972081,2.3408804422124225,6.108670808870526,13.180889396898483,0.006219629096455044,0.004522202167113622,2.9103951983981663e-06,0.0,0.28608725598388246,0.0,0.0,8.552157282340792,0.0,0.0
2023-05-06,10.342574048926037,9.237011269023684,8.280132682014042,9.931893959651521,3.283830393642849,9.37739394406637,0.006030838995244767,0.020942324191331865,1.4895019531249999e-05,0.0,0.09555698602252537,0.0,0.0,8.452250197050306,0.0,0.0
2023-05-07,5.711526705345577,6.641979929582807,4.11815096991645,2.3446039802127414,1.810030858982934,2.3453078891881303,0.0014317833834224275,0.0002039245613416036,5.728257497151693e-06,8.946655591328939e-06,0.0019172110223770141,0.0,0.0,8.418625164023506,0.0,0.0
2023-05-08,6.949524574654896,10.92386751003265,8.744310390060214,5.247779617216323,1.8060830544450548,11.937902135221691,0.004282637132803599,0.0003428689173857371,9.55721139907837e-06,0.0,0.04467629751629299,0.0,0.0,8.363251724633113,0.0,0.0
2023-05-09,12.106234668526119,8.280986222951679,13.394395440385605,2.757666509655847,9.64789178293652,13.960834144982229,0.2827931969134013,0.011086096628904344,5.478138168196943,5.925574011272854e-05,0.5796310146368875,0.0,0.0,8.37008874516805,0.0,0.0
2023-05-10,13.863365176118213,8.605354299942654,18.14491327538596,3.394147583798302,19.00044566892624,14.34476621544308,0.005499764936765034,9.079167048136394e-06,8.687425719367134e-06,2.8477647569444444e-06,0.7493317835360103,0.0,0.0,8.408611232003107,0.0,0.0
2023-05-11,26.734418381991915,5.943547062959672,26.951031496891446,5.831128987325032,43.08805544505225,7.124583874668545,0.00246854406118393,0.035869319505691534,0.0,3.187265396118164e-06,1.7103949026176666,0.0,0.0,8.402172543114556,0.0,0.0
2023-05-12,17.01403395161523,5.660735077573987,16.49895501777649,4.094808534901937,22.749171140789457,7.079130034260219,0.0023255561860402426,0.04670311507026355,5.910879506005181e-06,5.689894888136122e-06,0.6552489362539183,0.0,0.0,8.341407393400404,0.0,0.0
2023-05-13,20.362120936476387,6.237927242183685,19.39691766783608,2.796218112163543,31.24137258137385,7.686771754529741,0.002069276202784644,9.289335409800212e-06,1.537213431464301e-05,5.8723412619696725e-06,0.4020789772899945,0.0,0.0,8.382119106767444,0.0,0.0
2023-05-14,11.544391267820997,4.122926406876247,11.188920371651118,3.4284672076458405,14.842741880452897,4.512233617638482,0.0023407402239905466,0.0,8.698773649003771e-06,5.710976653628879e-06,0.6527658778148226,0.0,0.0,8.428032435658773,0.0,0.0
2023-05-15,9.794125676267411,7.147303281710942,11.372751645187801,2.355635522496966,11.939209977056715,9.052422833747864,0.0039548375471432995,0.005389557506494355,1.171405447853936e-05,0.0,0.5923005546845329,0.0,0.0,8.412567310977511,0.0,0.0
2023-05-16,9.69294396724701,9.49446061340544,12.218535600170558,3.0287812069108755,10.81140655503803,10.590954843775432,0.006220429814126757,0.002946694619781093,9.24375401602851e-06,0.0,0.5984275371461445,0.0,0.0,8.27504257059733,0.0,0.0
2023-05-17,13.002027638795646,11.051678981130387,12.879815269760554,3.332571680217319,12.336378769719865,12.81794639852736,0.43566495279683004,0.002946694619781093,7.437732105995019,0.00011125505712297228,0.49987119116968576,0.0,0.0,5.5660420789506695,0.0,0.0
2023-05-18,21.409286107595232,10.458400884831745,21.47601819896274,2.371626776089138,34.63851860005909,9.322379288696713,0.002243300047715505,0.007433963885202742,1.4277367326948378e-05,2.9596580399407277e-06,0.47706589928388593,0.0,0.0,8.495214636094836,0.0,0.0
2023-05-19,20.270477177959016,11.39977371424145,20.559742363637287,2.381232354585859,32.306020331726074,11.168643831036885,0.002918925541771782,0.005241765404144924,1.5022195180257162e-05,2.84495645099216e-06,0.5115274881678157,0.0,0.0,8.41199182589425,0.0,0.0
2023-05-20,11.537702815146977,6.560458096278509,10.558566431196,5.189551919473013,13.3059146041086,4.03611422472,0.0020738800703154667,0.010062250180244446,2.8980067041185166e-06,0.0,0.5944300263865789,0.0,0.0,8.294534089948867,0.0,0.0
2023-05-20,11.537702815146977,6.560458096278509,10.558566431196,5.189551919473013,13.3059146041086,4.03611422472,0.0020738800703154667,0.010062250180244446,2.8980067041185166e-06,0.0,0.5944300263865789,0.0,0.0,8.294534089948867,0.0,0.0
2023-05-21,13.830898828023273,13.00018245104154,19.319645821217428,7.261204495858086,13.76184134217156,6.349516406247881,0.002582840944925944,,1.540638420316908e-05,0.0,0.7202320520771875,0.0,12.80328520594173,8.201191184149849,0.0,0.0
2023-05-22,18.48573415692859,9.113743217355939,18.56319486773173,2.369541755900913,29.27770739382426,6.4631001198005675,0.0018583357707659402,,1.4660742282867432e-05,2.8900647163391117e-06,0.7731895445542865,0.0,0.0,8.29423095741272,0.0,0.0
2023-05-23,16.107615629026622,6.471621650633283,19.798115937026346,2.3791355715243023,24.57495851857079,6.891854055671692,0.0021786593061023287,,1.2279260158538818e-05,9.218103090922038e-06,0.8873606643451585,0.0,0.0,7.755010006434122,0.0,0.0
2023-05-24,14.51361463231193,5.091539387274848,15.193977042560578,2.360841223186917,22.22436501018312,7.67988934741762,0.002708714151117537,,2.904295391506619e-06,3.004428810543484e-06,0.9981109566415679,0.0,0.0,8.263425833138358,0.0,0.0
2023-05-25,22.44180380480024,4.161078317830827,23.928886740527684,2.3829029168764753,40.43580215103574,5.669492687240176,0.001990105945799086,,2.965292930603027e-06,6.300724082522921e-06,1.2199843806409838,0.0,0.0,8.245236801452636,0.0,0.0
2023-05-26,19.69079185344484,5.3208712977314,21.190610944369638,2.363628221800063,34.30657816036649,6.560972384522756,0.0019588155746459958,,8.751814630296496e-06,9.081406328413223e-06,1.1644191243298847,0.0,0.0,8.217317584910923,0.0,0.0
2023-05-27,10.164125724368626,5.356806838667127,11.238729952819611,2.36278299683041,13.300928943073488,6.921132916475932,0.0022476670180426703,,8.400353590647378e-06,2.992570135328505e-06,0.7238062475903829,0.0,0.13758166200081506,8.258971873694525,0.0,0.0
2023-05-28,10.426705745377012,6.997905363484489,10.383641134883034,6.374915467344921,8.580796527606116,8.930459566862318,0.003014432498613993,,1.157533195283678e-05,3.1224049462212457e-06,0.3683022687233819,0.0,0.0,8.266558894017537,0.0,0.0
2023-05-29,10.277164949251812,5.906703815130657,10.571321050279405,4.05606680346171,13.108197394379507,7.375505400390625,0.002316075407663981,,0.0020860073635313244,0.0,0.693173592555258,0.0,0.0,8.235022831878661,0.0,0.0
2023-05-30,10.892771176886638,6.0406512732918936,12.840377180482749,2.4306722418335545,10.233000696308938,9.126657248965826,0.2665969161760942,,4.59758189352168,0.00010856818940904405,0.6209641304299568,0.0,0.0,8.197075148942735,2.786475552452935e-06,0.0
2023-05-31,12.296230358836304,6.607601649700813,12.54579039585676,1.809851801001681,17.17441045190646,11.175204288509759,0.003867797714458301,,1.452363199657864e-05,2.799237569173177e-06,0.5573852423180474,0.0,0.0,8.291661907670763,0.0,0.0
2023-06-01,10.41206852602217,9.562363154533175,11.789401948428686,5.483844377276103,9.161494200532701,9.574370178313783,0.002750372224913703,,2.6329284509023035e-05,9.45367177327474e-06,0.325138496190442,1.6303789350721572e-05,0.0,8.275160643141005,0.004228521257771386,0.0
2023-06-02,7.594590085877315,9.7000013950581,7.950547193266551,7.910714976978303,1.8188518622673888,10.973222442773183,0.0033046043968200677,,1.2119741704728868e-05,0.0,0.04218477246284485,0.0,0.0,8.139000988159179,0.005806197220219506,0.0
2023-06-03,10.644079675880008,12.68725081011984,9.112054820903142,13.453846917476655,2.6881324115456477,11.995306838311086,0.00417407893233829,,2.786279519399007e-06,0.0,0.08959455147981643,0.0,0.0,8.338022782592773,0.0161405667008294,0.0
2023-06-04,13.779049684596592,8.597874889136419,12.855160271326707,6.46152030620363,17.39928623945872,13.517631747760772,0.0052273617736498515,,3.204449282752143e-05,1.0912557972802056e-05,0.37129733536216947,0.0,0.0,8.24244931075202,0.055177768977748023,0.0
2023-06-05,12.36467188363817,6.205655939646826,12.905731051789392,2.3505549112595454,16.799142689740922,10.38409607028961,0.0026773632510503137,,5.840907891591389e-06,3.184370199839274e-06,0.46451545130703187,0.0,0.0,8.212113926493327,0.0,0.0
2023-06-06,6.364506311363644,6.620473054650626,7.961175826418135,2.3485907683436076,3.5156195453283523,10.17984453522788,0.0033287562621964356,,1.5359824498494465e-05,2.909311983320448e-06,0.06114253537442949,0.0,0.0,7.908709617572361,3.1915521621704103e-06,0.0
2023-06-07,5.622187445456188,7.964956797220443,9.342433021708596,2.3458369647110833,1.8063688780487912,13.628694283529917,0.004310039914713965,,6.174222363366021e-06,2.908035649193658e-06,0.05728212023417155,0.0,0.0,8.206303480614558,0.0,0.0
2023-06-08,7.55217483639823,9.832519849883184,9.366320974900988,7.454655001127454,3.0677742609151206,12.049857409142389,0.003659104478359222,,0.00013735768053266736,5.5696524514092344e-06,0.07990651718060175,0.00011678548865848118,0.8835375652861596,8.286367413448756,0.0005018920262654622,0.0
2023-06-09,6.0523553410212205,6.295211260878244,7.071481591343349,3.1250901548703514,1.792857598088582,8.837510130742391,0.0044600620214144395,,5.971003638373481e-06,0.0,0.02739061044692993,0.0,0.0,8.273610387878419,0.0,0.0
2023-06-10,8.329753251622519,8.248931719830829,7.726241952407625,8.062718296502432,2.4979577119170298,9.71037956591712,0.005051865322589874,,2.6542900933159724e-05,2.9576235347323945e-06,0.04613318251556821,0.0,0.0,8.26572709924486,0.0,0.0
2023-06-11,13.980398326242236,6.630898326325946,12.664220683095719,6.693604717522728,17.346561677424113,6.452768286923303,0.0028310470713509453,,9.358549912770589e-06,0.0,0.6552962582948473,0.0,0.0,8.264515542314316,0.0,0.0
2023-06-12,9.246644379249148,5.438713804770575,10.780771845455169,2.35097477988349,12.113527282914056,8.390873745519851,0.0030278846314218313,,0.0,0.0,0.6359816011071205,0.0,0.0,8.21438429667155,0.0,0.0
2023-06-13,5.756596010661656,5.446685440319909,6.684738905998072,2.3446235336049397,1.782491354269452,7.762360713979934,0.003296474668979645,,2.7006618181864417e-05,0.0,0.030866564013693063,0.0,0.0,8.214663415972392,0.40726367463005914,0.0
2023-06-14,5.6781929826143065,5.832255167426004,7.658157560566794,2.3403821683205503,1.777008389570448,8.908554026741452,0.003281611530780793,,2.795852025349935e-06,0.0,0.04237758533928129,0.0,0.0,8.253214716854096,0.0,0.0
2023-06-15,36.110887056261696,22.248926516806286,37.500510796347726,8.913528684675427,31.653068420706855,7.900331722780865,1.813770240413348,,30.866678672688803,0.0008407609396510654,0.850839847852124,0.0,19.346617269813482,8.301365616895888,0.00017372608423233034,0.0
2023-06-16,6.390725579630532,11.199130858333376,13.175726548190648,3.5686068728881413,1.789421263754103,8.343205778641172,0.0018898078333006963,,5.843802293141683e-06,0.0,0.04969726043065388,0.0,9.793829119427205,8.168516483832464,0.0,0.0
2023-06-17,10.116646285447015,9.126380533139972,12.02008255086369,2.3690240302361385,1.7834709341833324,5.853759428354899,0.48911933294455223,,7.906700957993931,1.4706639713711209e-05,0.15510950597524648,0.0,8.712963119998507,8.327973530773587,3.2423787646823457e-06,0.0
2023-06-18,8.402803198326959,5.365663075373967,7.535075888973871,3.6354249269252352,6.4963527191013775,6.845602410831451,0.002066571842829386,,5.693684154086643e-06,0.0,0.24006794585280952,0.0,0.0,8.310020059102376,0.0,0.0
2023-06-19,13.192235774144068,6.6704589859496215,14.836168261640335,2.373383688954247,1.9012809398926627,9.807019719024234,0.8384467066910533,,14.707566386713719,3.30317653550042e-05,0.21198511122279698,0.0,0.0,8.316102919752334,0.0,0.0
2023-06-20,6.259396292970446,5.152022118004693,6.804495653947195,3.335511346051958,1.7820236051135592,7.051620610832638,0.002188230017820993,,9.160930580563015e-06,0.0,0.022628155718379547,0.0,0.0,8.303122902865939,0.0,0.0
2023-06-21,5.696284889250862,6.349313096134398,7.35068227795389,2.332690598420037,1.7659085073598226,9.537728393633097,0.0019363143963283963,,6.0980955759684245e-06,0.0,0.030379236788749694,0.0,0.0,8.2629251498074,0.0,0.0
2023-06-22,5.949530452020433,6.670766018048391,7.902650504305097,2.842176692988078,1.777747167093489,10.187018889174992,0.0026906896294487843,,5.9031822946336535e-06,0.0,0.04963473913007312,0.0,0.0,8.284500394244724,0.0,0.0
2023-06-23,5.663248062517378,4.906811781998741,6.447622668737835,2.3560542070473556,1.7800647807184853,7.316529471613565,0.0021925062060356142,,2.4655146863725452e-05,0.0,0.029249053569899666,0.0,0.0,8.220474144552018,0.0,0.0
2023-06-24,6.904488094677395,8.99465079395612,8.083135034232669,4.489516137998369,1.7834629693158468,10.765528186978234,0.002181637727419535,,1.1957030561235215e-05,0.0,0.038488174831867214,0.0,0.0,8.278868845130074,0.0,0.0
2023-06-25,5.654316811966366,9.392295969253116,8.456791218405828,2.3816430163086784,1.7963961441697016,9.636352756481172,0.0023320804177390207,,1.4748847749498157e-05,0.0,0.02135848078966141,0.0,0.0,8.292955629781087,0.0,0.0
2023-06-26,5.625784910036723,4.025093729107115,5.568662207779354,2.343314294501411,1.7668503132650588,5.59018520483017,0.002167686665587955,,1.4790208339691164e-05,2.9943172136942544e-06,0.014961327402061885,0.0,0.0,8.277686935306123,0.0,0.0
2023-06-27,5.643081491911146,6.815539454248217,6.987058358120388,2.345125124749077,1.7663288777287802,8.825500403652189,0.0023110015837351484,,5.74875169330173e-06,0.0,0.04183098109457228,0.0,0.0,8.294813736317954,0.0,0.0
2023-06-28,5.6796329169188615,9.697459206629858,8.542601890348859,2.3566308907635998,1.772545789043638,11.994714001231722,0.002277444872061412,,1.1893454127841525e-05,3.3670110172695582e-06,0.07088533700254229,0.0,0.0,8.319769973415799,0.0,0.0
2023-06-29,6.674596813456216,8.06957984357516,7.9017188171482085,4.126599155243767,1.77963506117079,11.264045873588985,0.002655689014063942,,2.065308411916097e-05,2.971449428134494e-06,0.04315825956927405,0.0,0.0,8.324816173973083,0.0,0.0
2023-06-30,5.675920972461702,6.154520289631949,7.358883619861602,2.3326742497168644,1.7593716663085095,9.60523443710751,0.002164290756119622,,9.640195104810926e-06,0.0,0.03732443829748366,0.0,0.0,8.28001052186754,0.0,0.0
2023-07-01,8.614974370755087,13.757015921817356,15.604147381716835,4.365928453542922,4.723941865109338,9.945982896951039,0.0021897940609190195,,2.8190718756781684e-06,2.857746018303765e-06,0.19978827518463135,0.0,11.56906724544048,8.377198393893773,0.0,0.0
2023-07-02,8.012963147059546,10.245684513395096,6.695795092754365,6.4496764712376065,3.828618787460327,5.21782997001648,0.0016878295302391053,,1.795547193951077e-05,0.0,0.14881552559614183,0.0,0.0,8.312799826058283,0.0,0.0
2023-07-03,5.6604266838285655,6.688525302204555,6.244294602048662,2.358624760068257,1.7787141103363033,7.107904871078067,0.0020830680113368564,,1.5119580427805583e-05,0.0,0.03262500737561119,0.0,0.0,8.313908718532986,0.0,0.0
2023-07-04,6.928475217611525,5.84993323235088,8.594227776098252,2.353886276895735,4.772814684764015,9.184709792135026,0.0022502671204672913,,5.962193542056613e-06,2.9915981822543672e-06,0.2705169342117839,0.0,0.0,8.307689795566136,0.0,0.0
2023-07-05,10.892126516159905,8.82027695924759,8.722353646924757,6.4340461991055795,6.036096260314518,8.660828245529597,0.08650745433542466,,1.457639536236392,2.954467137654623e-06,0.44584618393103276,0.0,0.0,8.350779191097683,0.0,0.0
2023-07-06,5.738736370682188,6.266609379618962,5.998946986170874,2.9525191914473643,1.778554753398896,6.314190895894368,0.0018422740968068437,,1.7723431322309706e-05,0.0,0.024009160465399422,0.0,0.0,8.357258052520752,0.0,0.0
2023-07-07,7.046228395260706,8.571627599041197,10.520719570049708,3.3246069262716507,5.5053805569945435,8.619119207594132,0.0018974251471625438,,0.0,8.659145302242704e-06,0.5262036770825915,0.0,5.268047467024591,8.155876265123155,0.0,0.0
2023-07-08,7.804228456480237,7.382193942002188,6.221883706338669,9.36859825771544,1.781523607983059,5.871647684150271,0.0022284580156538224,,1.1799915101793079e-05,5.851489437950982e-06,0.031455099883079526,0.0,0.9527607239776189,8.22974599085066,0.0,0.0
2023-07-09,28.731341476179757,6.3142314373270665,25.150862672918105,5.137204422427284,4.300153499830034,6.252213178734249,2.1766277980595166,,45.11236461697048,7.120674742592707e-05,0.6027964296833673,0.0,0.0,8.24625135664198,6.557804743448893e-06,0.0
2023-07-10,22.755161663417812,5.051036505200068,20.80241050301234,3.1150501678805878,4.595514293350646,6.0387567696422995,1.6503697886236508,,32.777295120442176,2.8467422326405845e-05,0.5412644992473389,0.0,0.0,8.247214418941073,0.0,0.0
2023-07-11,5.638476710527208,5.79856504474216,7.017230251280466,2.3536997184711033,1.7730601182026335,9.004891200129194,0.0022440093111991883,,2.067856894599067e-05,3.1015478240119086e-06,0.03886238927788205,0.0,0.0,8.186295958251952,0.0,0.0
2023-07-12,6.606980655328964,5.544609709311592,7.0819064034695085,2.3605897219255234,2.44885480495029,8.195853466627334,0.06605621300697327,,1.1103904728076193,2.8090543217129173e-06,0.0703247859817081,0.0,0.0,8.209843476935491,3.434662553999159e-06,0.0
2023-07-13,8.826175767254298,11.401845845330557,10.118335098959607,8.301593934245641,1.7703101321178012,11.525998446212343,0.002069176997873518,,9.836502605014376e-06,0.0,0.06599056265751521,0.0,3.6782541524542705,8.227143846853046,0.0,0.0
2023-07-14,9.426013539553749,7.353483993250529,9.62074998266856,5.038993061194951,3.561323393003676,9.580651122266984,0.18032384963141543,,3.1686999488017293,2.9104190402560764e-06,0.15056481414794923,0.0,0.0,12.083723276405337,3.1237469779120553e-06,0.0
2023-07-15,44.61832440112644,18.210059798675115,41.86980668507046,10.96478508483251,38.14813632722855,8.90400946844101,1.9943615134636559,,35.994767518965936,0.0009813767109976875,1.3308483674459988,0.0,20.650768519394127,16.823356671740214,0.00046334272755516894,0.0
2023-07-16,36.77926274457507,5.0703282206853215,36.591920596521156,3.422279072070651,64.75081478560129,7.801731757854886,0.0018380203300052223,,0.02332569892062081,4.033647643195258e-06,2.1963320299535325,0.0,0.0,10.36293391011556,2.925304306877984e-06,0.0
2023-07-17,11.532494884338378,6.499892689178255,13.063486589870454,2.3613613598993086,15.477402334751556,9.445763662598932,0.002302225763003031,,5.817109478844537e-06,0.0,0.650985095594459,0.0,0.0,6.131742572931714,2.9589663611518012e-06,0.0
2023-07-18,15.085174290417566,7.128836496016185,15.156305130577087,2.35240085448583,10.18875161215888,10.623098963464102,0.2885017586612701,,4.719785183525086,1.4735183715820313e-05,0.3758614263833894,0.0,0.0,15.847321828731962,1.8497886657714842e-05,0.0
2023-07-19,40.115463393970074,10.029141642947726,34.47940392436557,4.933968367029826,17.477854750898146,12.556390515649582,2.454039473560916,,45.350568182018336,0.0001393210005760193,1.0168616836444537,0.0,2.114270008807977,19.89266859170066,3.0975916650560165e-05,0.0
2023-07-20,33.608705524739165,11.451908633499148,30.65565577662574,16.426672264291973,9.057587407304975,12.498785641708375,2.65212012209177,,45.12818226216634,7.955383618672689e-05,0.7076436215379504,0.0,0.0,10.805366411336266,0.0,0.0
2023-07-21,33.886551308934955,7.000949139479531,29.679681978068878,2.3917606877390547,3.3145452906036375,9.334441862458123,2.604799561026096,,54.604946683460874,7.096956862343682e-05,0.6346211115797362,0.0,0.0,10.198704265276591,1.9935429361131455e-05,0.0
2023-07-22,28.440859183841283,8.957362281841702,26.716775711555492,4.082132965166304,4.954918473226758,11.150107630303701,1.979668059440984,,41.29052726189507,6.409573660956488e-05,0.4812109807088639,0.0,0.0,10.789921462097167,1.892486784193251e-05,0.0
2023-07-23,12.553681483694714,10.88429767826822,14.560426549964477,3.9510757366604277,9.224796230661605,5.799334242199793,0.001650677644941542,,1.7224328253004286e-05,0.0,0.2592608204804526,0.0,12.278588263428212,10.761984730055067,0.0,0.0
2023-07-24,8.229287106119791,5.690488443251717,8.648499481892053,2.3364424455515547,5.146586936028797,8.129704117266336,0.0017118607650862799,,0.0,3.86403931511773e-06,0.12182686664793226,0.0,0.0,10.70666407213423,0.0,0.0
2023-07-25,10.212945726617178,6.662646580796771,10.910716827118133,2.3359756823836433,9.947468524112702,10.727842756301031,0.0017764658832550048,,8.7328839302063e-06,0.0,0.3531184532263544,0.0,0.0,10.329962204115125,0.0,0.0
2023-07-26,20.807993316033677,5.542690116508272,19.83532375845803,2.35189590868632,31.30555346572876,8.32011831967248,0.0012141090944078237,,8.815391858418783e-06,0.0,0.4784743406910366,0.0,0.0,10.753858090549045,0.0,0.0
2023-07-27,6.636601840521495,9.097841455487146,7.681351044305165,2.9792786599159244,1.7717720986387462,8.630359512988196,0.0017947450229856704,,6.466512150234647e-06,2.91503455903795e-06,0.05639547967831293,0.0,0.0,10.694529170379639,0.0,0.0
2023-07-28,6.500629801016913,6.25984960257742,8.228743639536964,2.337279419640435,1.774070179371304,10.048328060658772,0.0040112954576810205,,2.6109333303239612e-05,6.2238735622829855e-06,0.0544941241200765,0.0,0.0,10.536153115535313,0.0,0.0
2023-07-29,7.587139972922008,4.564850817315844,4.6342801473585755,5.52176955819236,1.7772655766465928,2.3460602267858723,0.002936785527865092,,4.4189983738793266e-05,5.8765938546922476e-06,0.008895122689670985,0.0,0.0,10.739286838938396,0.0,0.0
2023-07-30,10.015126238888634,3.249567122481664,9.192495125528971,2.292924999065399,8.804633860810597,4.434066617410449,0.0026413614890310492,,5.135997348361545e-05,2.795512941148546e-06,0.23194135060972637,0.0,0.0,10.613206131265162,0.0,0.0
2023-07-31,6.976643222592673,6.614428086184397,8.420503758146497,3.1031578087552387,1.782526850253211,9.425762871011097,0.003687460577487945,,3.256048096550835e-05,2.9884545008341466e-06,0.06448394293864568,0.0,0.0,10.780420135370889,0.0,0.0
2023-08-01,9.794241627015008,8.747432278876834,9.817063799870812,7.321256096452078,6.892628170782724,10.50613665383233,0.002425444073412153,,5.6770171059502496e-06,0.0,0.22685216464016172,0.0,0.0,10.771347402388255,0.0,0.0
2023-08-02,8.445193480303022,9.53883932138231,9.473722457230886,8.557549696941376,2.917336307360331,11.353558379300434,0.0027679843383365196,,2.924974229600695e-06,8.941569593217637e-06,0.10391158936421077,0.0,0.0,10.644278889757793,0.0,0.0
2023-08-03,13.38206511249542,15.906264770485562,18.787952872912086,14.044605481185913,11.562179870450764,10.803387438136207,0.0015175143737263148,,9.414162900712754e-06,0.0,0.24113749149349,0.0,13.672038732163378,10.817963542240992,0.0,0.0
2023-08-04,9.588182572320301,7.24424883899159,11.549132349101173,5.7110862140040926,6.831632706805334,11.665738120784757,0.0021993900524245364,,5.937295224931505e-06,0.0,0.14986978225098715,0.0,0.0,10.81429159359508,3.0656388070848255e-06,0.0
2023-08-05,13.806620145708719,8.347042096851137,9.894916711423658,8.38026364142948,10.59200273001777,7.706072988616096,0.0016390063831541273,,5.597765180799696e-06,5.8530963791741275e-06,0.13894030720763736,0.0,0.0,10.912665706888836,3.5040452745225697e-06,0.0
2023-08-06,6.706470683297051,4.64584919227494,7.087780738338894,2.3365579049364724,1.7658212005043028,7.2557804814932085,0.002024385933346219,,3.07332068019443e-05,0.0,0.032224136356777615,0.0,0.0,10.836713422682019,0.0,0.0
2023-08-07,17.673522726830377,13.540324290903941,12.33996371542189,13.096270357752909,2.558903958250682,6.898204349388547,0.6368548785877227,,10.292966991077794,1.1942112710740831e-05,0.1896731025576591,0.0,6.601067257361148,10.907884927478367,6.535153918796116e-06,0.0
2023-08-08,10.173452750513288,6.189345521556008,10.345945636646483,4.092354886311425,8.165642907583448,9.246481509357027,0.001969484836525387,,2.867811255984836e-06,3.1174495485093863e-06,0.1692031802566846,0.0,0.0,10.895820339847141,0.0,0.0
2023-08-09,11.02934720141517,4.832092560841241,10.775944716507595,2.354529685189989,10.554614076836902,6.836503189724816,0.0017190356193648442,,1.1519480811225043e-05,0.0,0.16169705571492513,0.0,0.0,10.895111143374972,3.2063338491651752e-06,0.0
2023-08-10,8.17539424864451,5.51587756764306,8.487025145212808,2.354590934077369,4.710933825386895,7.879264269843631,0.0021407754569583467,,5.793875323401557e-06,5.673580434587267e-06,0.11453280903312897,0.0,0.0,10.855664680209689,0.0,0.0
2023-08-11,8.37128894402186,6.626825288196138,9.256001388250986,2.3543338838216994,5.001236427135468,10.164262594477334,0.0020565910424126515,,2.7904428376091847e-06,0.0,0.11302023611492582,0.0,0.0,10.753577773897383,0.7301185225250986,0.0
2023-08-12,15.012305291739569,17.58437014726533,19.378589402953256,16.81677410003662,3.81240497215271,10.910591196083491,0.2608274482610491,,4.409752997192542,0.0,0.263729865313371,0.0,18.55698398693297,10.902843205844032,8.074786398145888e-06,0.0
2023-08-13,19.407732603908116,14.625120802633496,16.880564065765803,18.671685368262395,14.381870707963309,11.933157605338625,0.0022409493764241535,,1.4663577079772948e-05,0.0,0.25384146295971344,0.0,9.818873786189027,10.736683938530815,3.786276976267497e-06,0.0
2023-08-14,29.862290736802418,12.735477141369712,25.64492693785138,6.894562274047004,13.746689669095145,8.728108770251804,1.8444003470844694,,30.90483903462516,0.0001396320539050632,0.7607628970472017,0.0,11.15524842263884,10.716338267211912,0.00011872209363513523,0.0
2023-08-15,35.44247139308929,8.883930394232008,31.069560904134118,8.091651278031668,1.6827774827088247,9.82295592481825,3.4866414344700183,,57.735439711104505,4.969179471333822e-05,0.6439169945650631,0.0,0.0,11.175353044353061,9.234534899393716e-06,0.0
2023-08-16,8.493981459261576,5.566581425267325,9.08758211693022,2.2856593827777436,5.672360718474918,8.591227392961713,0.0012713252115249636,,0.0,0.0,0.1956012084979481,0.0,0.0,10.699212180497911,3.046461741129558e-06,0.0
2023-08-17,9.080781083359186,4.247169434155358,8.564134039554595,2.275046065413157,6.833765323496926,5.884398947662778,0.0011131167618433635,,8.854951328701444e-06,2.824397616916233e-06,0.2913865018251207,0.0,0.0,10.720514635365804,0.0,0.0
2023-08-18,8.385813814667594,4.245108467523786,7.918604111631181,2.2662371869023636,5.42156467886289,5.962741524721784,0.0009316739763153925,,1.209835105472141e-05,6.146989663441977e-06,0.1628669073091613,0.0,0.0,10.689159075402156,0.0,0.0
2023-08-19,14.75922715350681,5.037589341691335,13.537567773008346,3.8657257246102223,16.81686543164147,5.040966521165636,0.0012770309874746534,,6.03456179300944e-06,2.871950732337104e-06,0.2837468581477801,0.0,0.0,10.81296052524143,0.0,0.0
2023-08-20,14.092022562592822,4.640981315476101,14.05362580259535,2.360616566128201,16.910949226538342,6.627886203778584,0.002059461481306287,,8.855978647867838e-06,0.0,0.2462273610244857,0.0,0.0,10.859137878248427,0.0,0.0
2023-08-20,14.092022562592822,4.640981315476101,14.05362580259535,2.360616566128201,16.910949226538342,6.627886203778584,0.002059461481306287,,8.855978647867838e-06,0.0,0.2462273610244857,0.0,0.0,10.859137878248427,0.0,0.0
2023-08-21,7.714892940116462,4.8760977992704175,8.410116630261738,2.350652106484307,3.9944161571290757,7.614496440018547,0.0023780821108818056,,8.838317924075655e-06,0.0,0.14612811768823206,0.0,0.0,10.852121797714233,0.0,0.0
2023-08-22,8.788659050201842,4.712485317910512,7.972770257288613,2.367003137929704,6.204488956726921,4.601808399323357,0.0024027351501252916,,2.396015273200141e-05,5.654706954956054e-06,0.26673145238876345,0.0,0.0,10.825480547421773,0.0,0.0
2023-08-23,6.838442083797455,7.24199238919576,6.747006743535996,2.369145245433384,2.3826379510137765,6.530179350204468,0.0023554171800613407,,1.7380670176612006e-05,3.025391631656223e-06,0.044488168939749405,0.0,0.0,10.76691046898736,0.0,0.0
2023-08-24,11.753879119307202,8.286803113763597,12.257254257123737,2.370201459494697,3.6067615180587773,9.380467279527453,0.42190129690647127,,8.442993034153515,1.4566907352871365e-05,0.2051717906302876,0.0,0.0,10.794040587946572,3.0042113198174372e-06,0.0
2023-08-25,10.111926519548629,9.29792771768782,10.94516117243237,2.348268060355717,8.846445496798623,10.994741631005605,0.0021903758594724867,,1.5098197460174561e-05,0.0,0.28693576860295394,0.0,0.0,10.84271816821946,0.0,0.0
2023-08-26,9.269513738632202,7.483422175292969,7.930485512424045,6.174856402967242,4.835649477386474,6.192404459239111,0.002119961839252048,,5.622159904903835e-06,0.0,0.14319886068185173,0.0,0.0,10.891472797423468,7.241091198391385e-06,0.0
2023-08-27,16.4171252579689,14.134732796736822,15.19802584667206,12.67017889102512,16.043559716002147,8.369601340601179,0.0019037944128778247,,1.758827288945516e-05,3.0159857538011342e-06,0.25501218717787,0.0,12.71327394562112,10.905604644232856,1.7764462100134956e-05,0.0
2023-08-28,6.345321580541397,9.799644185862011,9.791316347016231,1.9801714092212255,4.273063430974748,9.814843909473419,0.0017052268997828164,,1.1810767385694715e-05,2.978332572513156e-06,0.11297466543118158,0.0,3.5615945474624633,7.498610333544414,0.0,0.0
2023-08-29,11.477401497711604,8.051233130045997,13.768103295525448,2.35151784825431,11.491014068209331,11.066959057091607,0.0024216607597139146,,1.2022036181555855e-05,2.981012927161323e-06,0.34871933768166435,0.0,0.0,10.947845020103456,0.0,0.0
2023-08-30,8.024065864628685,10.622958783206942,11.293842437021466,2.3482858358192447,4.517234364304012,9.38989737718582,0.0018069306966993542,,6.210685306125217e-06,0.0,0.12592570136229195,0.0,6.606274648737907,10.887627324625651,0.0,0.0
2023-08-31,8.26557833439933,7.624207011290655,9.60571341925515,2.36094439892239,5.044245264390312,9.837309512714809,0.0022662191658549837,,1.4591666592491998e-05,5.715587139129638e-06,0.1537061022562451,0.0,0.0,10.902707636379668,0.0,0.0
2023-09-01,9.828107125589582,7.173665803555383,10.874454605759514,2.360079075931973,8.14675198120753,9.2970254569753,0.0031854363025559324,,4.1150884363386366e-05,3.1268646981981067e-06,0.194864275522232,0.0,0.0,10.912428122194079,6.184338728586831e-06,0.0
2023-09-02,28.023191856218972,11.343354448191324,28.091048033718533,2.574682463275061,24.881400189105136,4.9416867618899865,1.2079090075235897,,20.008760176660484,0.0006722739858097499,0.750947454527749,0.0,11.045382076983188,10.880142682872878,0.0002749900309244792,0.0
2023-09-03,8.432440550833809,7.374210808636347,6.7553302149242835,5.522818860056136,1.791381077009837,6.019764888911777,0.015925245094829135,,0.19268725354592003,2.820142640007867e-06,0.03384113786008623,0.0,0.0,10.49931628892157,0.0,0.0
2023-09-04,12.248945167435538,7.304203331579631,12.760712710372074,4.7333302525562715,12.890965040128494,12.878781110916137,0.003138749247392019,,3.8786475128597684e-05,0.0,0.37626647778537536,0.0,0.0,10.721675370295843,0.0,0.0
2023-09-05,17.74641979339812,5.099854335109922,18.248371478889254,2.3537979054260254,24.19352811658012,8.047348250149621,0.0015359189613660177,,1.2403015825483535e-05,0.0,0.7540123254240885,0.0,0.0,10.636836232005226,0.0,0.0
2023-09-06,9.323982014066907,7.112706084869173,11.071517033726373,2.353621751995087,7.102851208106147,11.437768096133338,0.002338014665444692,,7.8544020652771e-06,0.0,0.2222779689094755,0.0,0.0,10.606561313902008,3.3753490447998046e-06,0.0
2023-09-07,8.138859706995222,5.8078867392455225,9.045292206551235,2.357271968237559,4.7472176448673675,8.823164161368476,0.002744182314872742,,9.480907652113172e-06,0.0,0.1485166600177023,0.0,0.0,10.42379390349335,0.0,0.0
2023-09-08,9.937805995474923,5.535505135531955,10.5195369959312,2.358307349561056,8.384168934523265,8.469972953166963,0.002256743406189812,,1.1546475357479519e-05,0.0,0.2531781727748447,0.0,0.0,10.54468919790692,3.325086964501275e-06,0.0
2023-09-09,13.353281780806649,3.3572230480236485,11.676779527697034,2.3629263600031534,15.365008556217614,4.401651859357622,0.001892982096407149,,5.937770472632514e-06,2.834864722357856e-06,0.39772284870571556,0.0,0.0,10.764468876041306,9.326820638444689e-06,0.0
2023-09-10,6.599262188924152,4.988385895081626,6.708193632263606,2.354226910538144,1.7720678799226552,7.234474655467139,0.0021034031216303505,,2.9067712359958226e-06,0.0,0.02037354089313083,0.0,0.0,10.80423341337416,0.0,0.0
2023-09-11,8.019462622477214,8.45824825993114,10.210516713147694,2.8661987801064384,4.412426475931803,11.403833787617156,0.002268341936005486,,1.1933408313327365e-05,0.0,0.16497485960536534,0.0,0.0,10.783501139878169,0.0,0.0
2023-09-12,8.106430815285576,7.186738667996724,8.289512847995757,2.355090648023817,4.8040753877639775,8.454977237457697,0.0017861520322163898,,5.833560890621609e-06,0.0,0.17525855513599184,0.0,0.0,10.777119181194305,0.0,0.0
2023-09-13,7.699964148275587,5.722067945721944,8.671885391307406,2.351872489954631,1.7698930475256183,7.488035197997623,0.12428466930045022,,2.108942585672538,3.3364484045240616e-06,0.08040182876480949,0.0,1.3108519844267104,10.763195795372855,0.0,0.0
2023-09-14,6.641172905220455,6.648432751492395,8.723193402617772,2.356346823043823,1.7738747283151415,10.507405262845356,0.0022735277303059893,,1.547521114349365e-05,0.0,0.07530516185071733,0.0,0.0,10.805507704722086,0.0,0.0
2023-09-15,9.581320067621867,5.390186115496954,8.242384863336351,4.040124702727,6.741585119188097,6.2850700340398165,0.0022335336454709373,,5.814833641052247e-06,2.8122395939297147e-06,0.28989793464925556,0.0,0.0,9.486793662147521,0.0,0.0
2023-09-16,13.387520134618548,13.902275492918227,19.960319303775368,2.3706345282088384,13.981200772832237,9.213169644713933,0.0014227879842122393,,5.661430358886718e-06,2.796354823642307e-06,0.6340533667998843,0.0,18.68554307199584,10.806179928622775,9.048313564724393e-06,0.0
2023-09-17,19.629608236863877,15.220632507717346,14.396803876298272,11.30862693092558,18.33945192815569,7.414971545020209,0.0015051865683661564,,2.0283692147996688e-05,2.8084360228644476e-06,0.6477608180920283,0.0,12.298930454590584,10.841888627319335,1.3236263063218859e-05,0.0
2023-09-18,6.528031400894589,6.644732462875579,7.055610076605479,2.3503682395765515,1.770403752892812,7.041812866874271,0.0018226466774940496,,0.005938632855680254,2.95930200152927e-06,0.03358390676286486,0.0,0.0,10.754378651106093,0.0,0.0
2023-09-19,6.567914316770764,8.304608466439777,8.70575875113593,2.3613006207720444,1.7753493524487807,10.333796313059063,0.0023958426001336845,,1.5864075289832222e-05,0.0,0.05771255754232406,0.0,0.0,10.767602339837815,0.0,0.0
2023-09-20,6.571423955213758,4.600219330799315,6.881398870370654,2.357784448604584,1.7756915222125587,6.512898265575834,0.0019944677530394656,,8.498239782121447e-06,3.0267821417914497e-06,0.027407722094853714,0.0,0.0,10.802028793559606,0.0,0.0
2023-09-21,6.560235376605988,4.783314004799524,7.060819288281336,2.354062183625963,1.7735456315612796,7.308173037463296,0.002532112962669796,,8.418239487542046e-06,2.8466659122043185e-06,0.028421853866047335,0.0,0.0,10.78480177729077,0.0,0.0
2023-09-22,6.57135100871404,5.389588175223669,7.387402509215672,2.3421765768157115,1.7617557301648454,8.080506610811021,0.0021232336510552305,,2.859879864586724e-06,0.0,0.04088713803397284,0.0,0.0,10.790893153508504,0.0,0.0
2023-09-23,6.6078794672966,4.2878217682298025,6.6388527483707005,2.365920781082577,1.7827472738032872,6.308508987322913,0.002207502099937863,,8.856208324432372e-06,3.06435055202908e-06,0.03348550649139616,0.0,0.0,10.860263346040513,0.0,0.0
2023-09-24,6.346001632328034,3.0657877592574225,5.346997243068484,2.3076789375156825,1.7379880770280627,4.103236830062865,0.0018927540686395432,,1.4350674682193333e-05,0.0,0.006113892328739166,0.0,0.0,10.315848788876004,0.0,0.0
2023-09-25,12.141828938424853,8.421096962563196,14.79954782400343,2.3588266569158765,6.856415979366303,12.857862165609998,0.35572690193123285,,6.049959463227061,1.1712683306799995e-05,0.40541018702824916,0.0,0.0,10.804270025374095,6.18543439441257e-06,0.0
2023-09-26,13.056945370511858,8.348497333194073,12.48614924522796,5.481724767488247,12.852123119021908,11.02830194827391,0.002010898065752473,,2.500514719221327e-05,0.0,0.5687506465885375,0.0,0.0,10.82565341963874,0.0,0.0
2023-09-27,18.22226382020012,6.275012159985247,18.278406322401118,1.874212885158983,26.593043252950917,11.089887172675729,0.0011715279561413463,,0.0,3.4890784157647025e-06,1.2014732026606134,0.0,0.0,10.80127273944431,0.0,0.0
2023-09-28,13.140619067594738,10.20577952006658,16.336663093338018,2.1638347780079314,16.064223919319577,18.659933168911405,0.0021385052026642697,,5.767304367489285e-06,2.8298505147298176e-06,0.6922330892682076,0.0,0.0,10.586943766055638,1.3262665271759032e-05,0.0
2023-09-29,9.754270236407386,3.901373643906911,9.198640976424748,1.9171123136838275,10.32710030315611,5.813766502747005,0.0011622517077128091,,5.942378044128418e-06,0.0,0.5362125041482185,0.0,0.0,8.655659939648311,0.0,0.0
2023-09-30,14.9515803609191,8.163784115081363,10.324573628728654,9.50050912803226,11.166381237328848,7.261379993076323,0.0012822022726800709,,5.705805354648166e-06,0.0,0.453109535621537,0.0,0.0,10.691687195095485,0.0,0.0
2023-10-01,9.503950031782784,5.624819323852327,9.271220440063477,2.3425348082224526,7.770197093414729,7.71832727789349,0.0017181935630904306,,8.897019492255317e-06,0.0,0.3483494379281998,0.0,0.0,10.6483642839898,4.1075332959493e-06,0.0
2023-10-02,10.166371253749,6.429102114791869,12.063218784920373,2.308636053146786,9.606052803950838,9.852714779699111,0.0014296425098843048,,8.794476985931397e-06,0.0,0.464554109079308,0.0,0.0,10.636252012210424,0.0,0.0
2023-10-03,9.46477061926206,5.469058056705264,10.31193015203582,2.344849385214912,7.607222009016672,8.312158121064504,0.0016675952463679844,,9.247748586866592e-06,0.0,0.23569268211497202,0.0,0.0,10.775752050820458,0.0,0.0
2023-10-04,6.636494475275676,4.910902107738919,7.126781895999908,2.3608764565849305,1.7742744522560967,7.314811923372482,0.001842032317850325,,2.3874375820159913e-05,3.054089016384549e-06,0.040874445538255894,0.0,0.0,10.957851779751246,0.0,0.0
2023-10-05,5.808607900549571,2.7649487416076663,5.467535073598227,1.0257662163967556,8.342430479799907,3.4446639187855186,0.0005971965130170185,,8.831466833750407e-06,0.0,0.33820566563341353,0.0,0.0,2.7093757423188953,0.0,0.0
2023-10-06,31.072556038233436,7.276493372693592,26.92877837255372,2.4001939266819425,1.7516213839064703,8.97668106727812,3.09887909501791,,49.88324992728737,5.492678615781996e-05,0.5697245976946089,0.0,0.0,11.005416384533776,0.0,0.0
2023-10-07,54.259933973286934,9.57999382921007,47.88624340413411,5.513828136838277,13.58039514676836,7.541315863102808,5.306805329916213,,86.28048461907284,0.0001528606536653307,1.35600409998152,0.0,0.0,10.953529935088687,2.0136550002627902e-05,0.0
2023-10-08,47.32151561116536,8.28562152133094,40.964702278001575,5.996720635384452,1.7145004645114474,5.389912676654391,5.253108820097182,0.07928892608682314,84.33406981730144,5.9328843752543127e-05,0.8710285558160148,0.0,0.0,10.834460701026916,6.12673732969496e-06,0.0
2023-10-09,51.84029800191244,8.572013884165022,45.81648928632947,2.4187079782740275,9.124491798614928,10.003196834712558,5.297022678434585,,86.19533629258899,0.00024097368028428822,1.358252754925092,0.0,0.0,10.933116055573356,6.69907972547743e-05,0.0
2023-10-10,29.69984420460384,6.007315543305079,27.688369880856406,2.392617897942861,13.73963915347841,7.944560615253448,2.2454859205741347,,36.15777086280055,4.4945450623830165e-05,1.4725529303688474,0.0,0.0,10.965977352773878,3.3890472518073186e-06,0.0
2023-10-11,6.857401570665571,5.0406898065810735,7.4133621550242115,2.351910058369107,2.01889860727734,7.763122146809896,0.0020613317410151165,,1.760803328620063e-05,0.0,0.05390501991271972,0.0,0.0,10.933745866834853,0.0,0.0
2023-10-12,6.755775315183004,6.543508428939184,8.012558089131248,2.3383926455285815,1.7500455164972943,9.239595200430552,0.0021037433777915102,,1.1547795666588676e-05,0.0,0.06099641388495763,0.0,0.0,10.874807516114977,0.012537319463094075,0.0
2023-10-13,47.78578540582869,22.719871518002613,44.16297744666629,8.124089776880476,32.836146867915254,11.49540025522656,2.4906032220816603,,51.0191248945888,0.002451247587468889,0.9445570732919376,0.0,28.268358631094824,10.949523208641477,0.0010921243442429437,0.0
2023-10-14,8.289080534998575,4.679662622179454,8.648417410928936,2.354512967173258,4.942241162380641,6.995979627206591,0.0017229858718978035,,1.7221500608656142e-05,3.0654708544413254e-06,0.10703162680917318,0.0,0.0,10.923324666197034,0.0,0.0
2023-10-15,20.71172385461807,13.036823603750863,16.23640229980681,19.33144493715922,18.20501668863296,11.852191135196687,0.0017872056118647258,,9.168013996548123e-06,0.0,0.29458567983918715,0.0,0.0,10.807060937686495,0.0,0.0
2023-10-16,27.109083316567734,19.296960861772963,14.77826002624088,38.147796909448836,4.05381058260282,11.08588800400628,0.6133086239457132,,12.859813289459812,5.4656325181325274e-05,0.24876969995498655,0.0,0.0,10.831451248084173,4.1352881325615775e-06,0.0
2023-10-17,20.003899376244014,11.121183218673073,13.058472218312158,17.803990471274062,13.747686277283565,7.481837593021392,0.002576681354045868,,1.7929967244466146e-05,0.0,0.2281982776763704,0.0,0.0,10.789141558161843,0.0,0.0
2023-10-18,11.744449695585038,6.2509574996153505,12.618461260996927,2.3437724633344015,11.849079866733547,9.498264936408997,0.0020787467551231383,,9.228093094295926e-06,2.7957701683044433e-06,0.20785559526787864,0.0,0.0,10.922295667334664,0.0,0.0
2023-10-19,10.756953501362272,9.199105155393813,11.331630905092027,4.381639054402244,8.472398506259918,10.6772212659857,0.0021583839779429972,,1.1354693306816949e-05,0.0,0.1660362989958127,0.0,0.0,10.910262011150786,3.3176816834343803e-06,0.0
2023-10-20,12.685490200002457,6.289510256847807,12.208841913303802,2.365578026811811,13.75989739584181,7.2489036271921785,0.0017061780728234183,,1.7364453739590116e-05,0.0,0.19969371741957137,0.0,0.0,10.896096533521016,3.929027186499701e-06,0.0
2023-10-21,40.00581409680896,24.61118389791913,38.1163536147817,2.356048855605655,10.691891516505347,12.99427693429735,2.8934149627102745,,58.18068298916208,0.00046889109346601697,0.854874942363633,0.0,28.92053099217494,10.9673437041484,8.30312008327908e-05,0.0
2023-10-22,10.79050712342792,17.298052714691153,16.23228307898415,2.3762494140561428,1.77998289077123,17.82300356692844,0.5214206509669621,,8.570997413350474,3.546902974446615e-05,0.20301191312207117,0.0,6.3287323224141865,10.908236047142875,0.0,0.0
2023-10-23,11.626176077800327,8.338648162496355,12.100932584079105,2.349882997580634,11.89504652195189,8.521837008241018,0.0014738441883193122,,6.09051889843411e-06,0.0,0.21514889937215378,0.0,0.0,10.820442179319594,2.857831319173177e-06,0.0
2023-10-24,7.6954976010915965,11.453229057868322,11.971789074736698,2.3702387511613634,3.903318795549604,16.559985459931696,0.00272781571732627,,1.454331874847412e-05,8.62010399500529e-06,0.1509631229991383,0.0,0.0,10.807613875726066,0.0,0.0
2023-10-25,8.805260320123038,7.089283729265001,8.354058148284487,2.353629022812314,6.067096753436193,6.414277809723747,0.0014877572933832805,,1.7750938733418782e-05,0.0,0.15244525378545126,0.0,0.0,10.865119864586724,0.0,0.0
2023-10-26,9.814521808723878,6.029902629999587,9.578922869802051,2.675664940336015,7.762970031488206,9.444555610059101,0.0020797556482421023,,8.910512659284803e-06,0.0,0.1085999085521698,0.0,0.0,10.906184724273682,0.0,0.0
2023-10-27,19.02517578664144,8.870185705930922,19.12203835923195,9.229170954753027,6.5947863088480645,11.155775616298252,1.196106383099291,,18.70166747044881,4.396139727698432e-05,0.34357868749777476,0.0,0.0,10.79532138651954,9.361702336205376e-06,0.0
2023-10-28,42.10658006114748,11.890981610149806,37.86360445723639,2.4133454972860546,18.38759489212036,3.065252863716549,4.278593829947048,,55.12226830626753,0.000720618864165412,0.9746997236063746,0.0,14.066117683068114,10.944631645117868,9.941481272379558e-05,0.0
2023-10-29,39.10576669412189,14.210078581797285,34.01862597004467,4.170713053985172,26.25797485154046,5.039136353980171,1.951634625793298,,39.755252104684516,0.0004743880361980862,1.823056512102021,0.0,13.910319033975602,10.907257549124823,4.0151431030697295e-05,0.0
2023-10-30,7.202564510322147,5.009530032060412,7.436845627728568,2.357880280445947,1.7628927830590142,7.369006242874993,0.0449525925980674,,0.9122249527147082,8.524150848388673e-06,0.052874392823113334,0.0,5.0645995140075684e-05,10.700813630341424,0.0,0.0
2023-10-31,6.659077467908447,4.086611485857876,6.394213137127744,2.3464358775592995,1.748744920392295,5.567974097997533,0.0018729241537980847,,1.7265385703783933e-05,0.0,0.029550002627372736,0.0,0.0,10.663835522407966,0.0,0.0
2023-11-01,8.715852763823817,7.397156000196227,6.887164722019647,9.283818830800737,1.7434194889442183,6.736093452201763,0.001838420627388761,,2.607861580132607e-05,3.168513774871826e-06,0.04071068080398772,0.0,0.0,10.655509672471139,0.0,0.0
2023-11-02,7.17235476143519,7.548284042734569,6.665168702566358,5.864978182222578,1.6935765033361643,6.2832472633467775,0.0021113113260269162,,1.2149182160695396e-05,2.8878288798862035e-06,0.04296857564846675,0.0,0.0,10.764958416290284,0.0,0.0
2023-11-03,15.894390412154726,6.877905877455606,14.907403624695675,2.3429241074583267,19.550976514790854,7.043775497144064,0.001683139783806271,,2.3446314069959854e-05,0.0,0.7429044466874335,0.0,0.0,10.794688970286051,0.0,0.0
2023-11-04,6.658199019402399,4.418627465900845,6.741562957327099,2.359759070050981,1.7516998916212716,6.472844110874599,0.0022341764725579156,,1.7941368420918783e-05,0.0,0.03251696221907934,0.0,0.0,10.769401409912108,0.0,0.0
2023-11-05,47.19893731345918,15.72254165836016,42.45622981061723,8.064923647437626,46.34447847831514,13.361522956585354,1.868057130616241,,37.08863390286445,0.000543201204140981,1.6068915778099166,0.0,12.057577150253984,10.832194155171713,0.00016838569694095187,0.0
2023-11-06,29.006024878349308,8.435232573596107,26.44916194003211,7.4534202776802925,11.245879040362043,9.175525782739856,1.8624219817023806,,35.4458981798135,0.0001578303443060981,0.9486753878553708,0.0,0.0,10.55893407043457,1.1990597512986926e-05,0.0
2023-11-07,11.105791203738317,8.366160880519018,14.136337652808297,2.374174961174859,10.8780222464127,13.365322744420371,0.0028085786543952094,,1.561853912141588e-05,0.0,0.34586116471502526,0.0,0.0,10.734552950051626,5.75238863627116e-06,0.0
2023-11-08,21.126357005216807,6.918106624119016,19.623422852546902,2.385058214210934,13.438755950741237,10.301970465899574,0.7920341737670368,,16.98576078213003,0.0002057809623082479,0.6910910446222622,0.0,0.0,10.872207053516176,3.434485197067261e-05,0.0
2023-11-09,6.710589836989508,4.478950306355158,5.77127185607592,2.371684845971002,1.7747971494356787,4.629131794336107,0.002143928180005815,,1.1795496940612793e-05,0.0,0.02352515173912048,0.0,0.0,10.835610149739583,0.0,0.0
2023-11-10,6.7132155947219,4.827493126576741,6.956803828491636,2.3597248528586494,1.7603979819255406,7.198074781928591,0.0021917500792609313,,8.63506211174859e-06,3.1179894341362847e-06,0.03347223211050033,0.0,0.0,10.751142561857437,0.0,0.0
2023-11-11,12.993899195628698,5.662799754971399,12.515992600483363,2.914802847821978,13.853260761260987,7.89747806362152,0.0018658184954855176,,8.87831343544854e-06,5.689740710788303e-06,0.3739817356093725,0.0,0.0,10.797568894521927,2.86508666144477e-06,0.0
2023-11-12,7.4719280956692185,5.287289076190525,6.090650130625831,5.530949893540276,1.754640699473487,5.285807758604684,0.0021644081679979958,,1.2409438557095e-05,0.0,0.021465380518436432,0.0,0.0,10.689164583384196,0.0,0.0
2023-11-13,12.248383881448108,5.828179008104536,12.600245606884425,2.311437234687805,7.287768667291005,6.941385358528561,0.0019002703364690145,,8.782046106126573e-06,0.0,0.21830050234132342,0.0,2.8876549196428725,17.393621618173388,0.0,0.0
2023-11-14,16.287114028582575,5.536872727438609,14.40887783390363,2.381486470928192,13.513224408128526,8.447917690599233,0.001972472309801314,,1.8501859505971273e-05,3.0356706513298884e-06,0.43403527458323365,0.0,0.0,19.281905828871192,6.381336318122016e-06,0.0
2023-11-15,8.228711953728993,9.044191568813321,8.132285494357212,13.119769306057824,2.310125531906552,8.5978209631602,0.0024547247078683648,,1.8111425505744087e-05,0.0,0.0954782630003823,0.0,0.0,10.923120936279298,0.0,0.0
2023-11-16,13.769216444783055,5.0668941479061305,12.983611463639418,3.667836319332989,8.803085138773179,6.37790555094261,0.31773080336120246,,6.97100146847513,0.0003283599625693427,0.24840100518379363,0.0,0.0,10.785172183210586,4.006276925404867e-05,0.0
2023-11-17,11.951817178884765,7.702935205160419,13.39499927155447,5.322526146224535,12.124163781209734,12.869145236396072,0.001852589788173422,,5.850513776143392e-06,0.0,0.36904674573215773,0.0,0.0,10.771533035625882,3.125093248155382e-06,0.0
2023-11-18,15.075015474308863,4.3701628280978735,14.894142665834428,2.372224036685096,18.65826520897548,6.036574732765621,0.0016690529685550266,,1.6001338164011636e-05,2.9056572914123536e-06,0.6051175351712439,0.0,0.0,10.806125276023016,3.4694631894429522e-06,0.0
2023-11-19,11.020597859304218,9.62498596163114,9.84483794506073,9.811250459978313,5.274018774965074,12.547919373471998,0.0023024535602993433,,1.1419019434187148e-05,0.0,0.3733801542547012,0.0,0.0,10.519226755879718,0.0,0.0
2023-11-20,7.840941236871082,5.31844853556421,8.128374750674567,2.3501516918902925,4.446901116316054,7.100368243312836,0.002048955753379398,,2.3011217117309568e-05,0.0,0.30952474729034635,0.0,0.0,10.884649127400717,0.0,0.0
2023-11-20,7.840941236871082,5.31844853556421,8.128374750674567,2.3501516918902925,4.446901116316054,7.100368243312836,0.002048955753379398,,2.3011217117309568e-05,0.0,0.30952474729034635,0.0,0.0,10.884649127400717,0.0,0.0
2023-11-21,9.767061940053303,5.770023835102717,9.575787925423517,2.3668752335336474,8.035538248820837,8.234719616175758,0.0019323611765437658,,1.1726585759056939e-05,2.936710251702203e-06,0.3061067527961731,0.0,0.0,10.64561909778595,3.150459130605062e-06,0.0
2023-11-22,9.570905446766748,8.357776718565624,8.6451164361159,9.63299579943339,3.3538840742492675,8.279960147115917,0.001985246737268236,,1.8219028313954672e-05,0.0,0.22114151558981998,0.0,0.6338411980348163,10.91895771455553,0.0,0.0
2023-11-23,12.388329203895994,9.621242923275629,11.483170188157825,5.1610282206726055,10.172560871942308,12.45111739519543,0.002509189641740588,,8.938571082221136e-06,0.0,0.807258394396305,0.0,0.0,10.902132070821127,0.0,0.0
2023-11-24,10.088096877805922,12.970142637396918,10.381531135256028,15.16624831421534,4.26020039791743,11.67211907374276,0.0021041245889663693,,1.7786330911848276e-05,2.9080186949835884e-06,0.2332307077031665,0.0,0.0,10.838744875912138,0.0,0.0
2023-11-25,9.270796734178331,8.307140075186625,7.783944693263371,10.956169861867696,4.681261608246698,6.1872068339390225,0.00235097405274709,,2.0787235365973574e-05,0.0,0.3160026824792227,0.0,0.0,10.90241803015391,0.0,0.0
2023-11-26,27.05171943337123,9.801197307281491,26.33072268366708,4.715104054353502,42.96175906887797,11.594768165213265,0.06528041773266262,,1.4342645443322923,9.564717902077569e-05,1.354176003554397,0.0,0.0,10.860418298255073,3.381536642710368e-05,0.0
2023-11-27,24.461201141342585,7.966057276715173,23.640064962289593,3.7602624628851142,17.21501493563335,10.353244999785955,0.9593875855305459,,21.456112267465855,0.00012607134766048857,1.0863192275089688,0.0,0.0,10.974862560891046,3.973344299528333e-05,0.0
2023-11-28,7.608207088644239,9.381422535078261,10.20750756040997,5.688291510848998,1.7621646066919963,13.25420026236852,0.002729288402133517,,5.891221364339193e-06,0.0,0.08377918439918094,0.0,0.0,10.824264474894203,0.0,0.0
2023-11-29,10.298810652838814,5.668132846117022,10.380403437544505,2.3599078738805983,9.045197430684832,8.326729634545645,0.0027950263065761993,,3.2136702802446155e-05,8.494114610883925e-06,0.23891249833159978,0.0,0.0,10.935960956929526,1.3151671886444091e-05,0.0
2023-11-30,25.15188343259812,7.515031834364996,23.499733301071593,4.02413670510398,38.120648871423924,10.07468066647212,0.002417748049630058,,4.510196420881483e-05,2.9337904188368054e-06,0.5003329958036211,0.0,0.0,10.838447228103213,1.9475721518198648e-05,0.0
2023-12-01,26.959355746453603,16.961205308623846,28.352926947154998,2.3936608329455056,44.98468592668321,10.055582426314881,0.001067394020292494,,5.881617863972982e-06,1.488868236541748e-05,0.4812587665478388,0.0,21.317765055125555,11.01936480436749,2.000140190124512e-05,0.0
2023-12-02,41.369734233065714,24.39537912481202,42.432960865730706,2.4278416692246334,60.43453501080195,13.601095137521956,0.3399702585551473,,7.433547338052591,0.0003282735088136461,0.8596158247182104,0.0,35.64413611454593,17.048152080954445,7.342041095097862e-05,0.0
2023-12-03,24.24733692008972,5.203776786797841,23.52572560731676,2.618619099258846,26.15915374798244,7.599653613332111,0.0012326145007875227,,0.0,2.7809103329976398e-06,0.4763546014618874,0.0,0.3377851340262095,24.729762014329694,0.0,0.0
2023-12-04,22.56543277196248,12.106770492415958,21.676966343477037,19.12054161002265,15.96155532668431,14.207122056541442,0.27292448693460886,,6.258964124513202,0.0003085695695877075,0.3067409676625994,0.0,0.0,24.660743624844027,2.6431393093532986e-05,0.0
2023-12-05,14.242344540032283,9.457544026701184,13.416013341208563,14.740906527462005,5.788455784005057,11.993697867787679,0.0018546449459923633,,8.590352535247802e-06,2.8140627013312445e-06,0.10464315585957634,0.0,0.0,24.631944330088302,7.347216871049669e-06,0.0
2023-12-06,19.43921963406033,12.038013158052232,22.740499709082705,2.376423434958988,17.352922046468525,21.496307615644668,0.002033252717389001,,3.004642062717014e-06,0.0,0.45852680988073347,0.0,0.0,24.029933707461886,2.7915864520602758e-06,0.0
2023-12-07,23.6019479052141,17.13189780310949,28.25348923031277,2.3877512351036074,22.41838051682366,17.403457450275422,0.08649520269261465,,1.9247215525068178,8.149103773964776e-05,0.468737035182847,0.0,12.043701797054872,24.66599211624146,4.802806642320422e-06,0.0
2023-12-08,14.89534518934462,4.95480310043229,13.153786171875,3.470064565923479,7.063800507729849,7.860304063975016,0.0016793999780548943,,0.0,0.0,0.10824541713847056,0.0,0.0,24.105892394985624,0.0,0.0
2023-12-09,28.73435924683465,3.29546661055035,24.82912231622484,2.3770840983136496,35.71269795051574,4.625097548514472,0.0009785139756732517,,5.721162954966227e-06,0.0,0.4408959041945141,0.0,0.0,24.746125623745385,3.901877403259277e-06,0.0
2023-12-10,21.445840057322187,11.056428619255492,19.09909389727274,2.3482246635415818,20.933729468120998,21.111497568418713,0.0014445741375287372,,6.063532299465604e-06,2.8785069783528648e-06,0.23288394263903303,0.0,0.0,24.780716395484077,7.4359030193752715e-06,0.0
2023-12-11,18.191355549570716,5.224834392887752,16.919674598329333,2.364722785481347,14.163066483186089,7.955025362728966,0.0015859356554349263,,2.375271479288737e-05,0.0,0.1925870203121503,0.0,0.0,25.11758367162069,0.0,0.0
2023-12-12,17.026271546900006,5.699814471122953,14.468186927818726,2.358436071883307,11.17465230471505,8.644128207287261,0.002663909504943423,,1.79080867767334e-05,2.9030190573798286e-06,0.2398834479493565,0.0,0.0,25.008932237244185,2.8901161087883845e-06,0.0
2023-12-13,30.172361856714883,6.597850631524191,26.055962602361042,2.3844043590948316,37.02726593310462,10.374298133623334,0.029352727655569708,,0.6456222732631365,7.435131072998048e-05,0.38955358191808076,0.0,0.0,25.164579805382623,0.00013968523237440318,0.0
2023-12-14,43.07052371918573,6.394975616483689,36.866673143030816,2.401619055464003,33.94070313896602,9.174201082380085,1.296028916893006,,29.06214856404808,0.003184446007675595,0.6521217371614775,0.0,0.0,25.376283198428688,0.0006894253934754265,0.0
2023-12-15,42.147007457002005,20.464966968850028,39.584913537839256,13.453142824037341,30.10244391380522,8.482887907568614,1.8200924639481968,,39.153655800849066,0.004417084698941974,0.8144110414269236,0.0,24.39448720708529,15.817642037980821,5.479043483734131e-05,0.0
2023-12-16,12.900322689774834,8.388249889682132,13.82814228773541,7.8560331331825255,11.917651486873629,5.412103268839517,0.05558191169102988,,0.9951208870108922,0.0024120837614271377,0.16205703367339241,0.0,0.546461584171719,7.197492813915677,6.7890437444051104e-06,0.0
2023-12-17,9.056671681365966,4.003099415914747,9.1169345728853,2.35107247053994,9.44199725165685,6.0222068029106985,0.001749655741850535,,9.770229657491049e-06,0.0007509663316938612,0.24150817972156732,0.0,0.0,7.153739447114733,2.814127869076199e-06,0.0
2023-12-18,6.005730744505989,6.938409980837504,7.7889379718727545,2.338709936879476,3.279965293240017,9.347747169217005,0.001727527477211422,,1.455464548534817e-05,0.0,0.052911391507254706,0.0,0.0,7.14581649822659,0.0,0.0
2023-12-19,8.482647286995782,6.112605373476876,7.69564422509935,5.236579074649811,5.147980458221437,6.9029802443038095,0.001930291349358029,,1.1597460905710856e-05,0.0,0.14703795569658276,0.0,0.0,7.404874900923835,0.0,0.0
2023-12-20,12.864077696344587,12.576287510277428,3.5135372345648865,23.671624259430565,1.7781323555670847,2.4999423864703703,0.0014613789905442134,,9.045179420047337e-06,0.0,0.0029730399462911815,0.0,0.0,7.240648805491129,0.0,0.0
2023-12-21,6.185359044354756,8.886736378949484,8.437295852079389,6.320089530058967,1.729550716904534,12.23207876203113,0.002511067070166269,,1.5027372572157116e-05,2.8926232126024035e-06,0.06747257666799757,0.0,0.0,6.624682950405544,0.0,0.0
2023-12-22,6.444485895173814,6.3678439873568236,7.984852731556364,3.565602977695465,3.4677109065882368,10.862488124446866,0.0023186282287703617,,1.1881217426723903e-05,2.8426117367214628e-06,0.06703036655108136,0.0,0.0,7.182817801280551,0.0,0.0
2023-12-23,5.934801452799903,2.31830875445048,4.371375054354138,2.3510732955890234,3.007850268412696,2.3660558100488447,0.0015823446165190802,,1.1396502388848198e-05,0.0,0.018918966160615287,0.0,0.0,7.1950142615339505,0.0,0.0
2023-12-24,7.389313104790581,4.897633551269108,4.964465065096749,4.56191846212599,3.69926136800872,3.0201895795673788,0.0013541893116633097,,1.4946368270450168e-05,0.0,0.039739297074741796,0.0,0.0,6.703652506510417,0.0,0.0
2023-12-25,15.027348541436064,20.670688070558306,20.074171798036527,23.643068985482632,6.424456399508746,12.064598606803772,0.0012323995750562252,,1.2324403127034507e-05,5.800079504648844e-06,0.1991035927070512,0.0,19.999960657024115,7.123517980584039,6.318052874671089e-06,0.0
2023-12-26,12.735432706186112,4.118435036841103,13.662630528970135,2.3453632415005448,16.788393648346627,6.250558990422266,0.002035250926142013,,8.725166055891248e-06,0.0,0.19153564360645078,0.0,0.0,7.498603017537859,0.0,0.0
2023-12-27,8.873122849968807,7.515628288743761,12.343214741185506,2.9153920663356776,8.846922563116287,12.736931153820883,0.0025276948224173647,,1.4771618843078613e-05,6.0430200894673664e-06,0.15312742905908158,0.0,0.0,7.14405620715671,2.785454061296251e-06,0.0
2023-12-28,17.722789655687546,11.908792226325142,15.991949301819277,16.65099031746123,21.720479804628155,8.870440785956912,0.002059422384103139,,3.451462825139363e-05,0.0002087996504041884,0.2791665924689505,0.0,0.0,7.13518159845988,1.4578079382578532e-05,0.0
2023-12-29,5.395533999585045,5.131460730762481,5.863229406174553,3.643176945162879,1.4866609203974408,6.386880314375558,0.0026589533819092654,,5.012032747268677e-05,3.100596268971761e-06,0.031521246791150835,0.0,0.0,7.591452056342231,0.0,0.0
2023-12-30,13.242211995921663,2.3442293302302892,12.094237671996225,2.3696401991314358,18.367326738959413,2.3981430427657235,0.0015471517862213982,,2.1227019098069936e-05,3.0349853303697376e-06,0.22502735973755517,0.0,0.0,7.209389215554132,0.0,0.0
2023-12-31,9.299548824295469,4.491309346449111,8.398537216470503,2.376058740151724,10.831560567332374,6.919216699854532,0.0017326525033844842,,2.3035449981689455e-05,0.0,0.1395561846258905,0.0,0.0,7.194167842525905,0.0,0.0
2024-01-01,7.851962591412861,6.166927479169633,3.7648359036572776,10.077562128514183,1.758653083398607,2.3662722520171267,0.0015728786147965323,,1.4572066730923124e-05,0.0,0.0027794149168332417,0.0,0.0,7.146974060202705,0.0,0.0
2024-01-02,8.141593354426492,12.734327714496189,10.616852297096253,8.911571618904539,1.7649063896052044,15.03574251036962,0.002469660024642944,,1.4753062195248074e-05,0.0,0.09509185562319226,0.0,0.0,9.836150037985908,0.0,0.0
2024-01-03,9.827881166871387,5.938373422937393,10.397528538388146,3.0091838840230314,3.902192528069815,8.566679810651145,0.290227949025631,,7.257417491087649,0.0001134203486972385,0.1277121148988936,0.0,1.0625782366858587,7.109297719319661,5.478667153252496e-06,0.0
2024-01-04,5.565600394244723,4.339661984190411,5.973194616622924,2.349648729724884,1.7552492192819382,6.4061682844437495,0.03040205631971359,,0.6607975985005167,8.756420877244737e-06,0.027743181200557285,0.0,0.0,7.119330217005412,0.0,0.0
2024-01-05,10.36595148653454,4.415656369101208,7.98061313870536,3.4488777215374835,4.246534615837733,6.025765822683972,0.012502536106374532,,0.23323377156972885,0.0,0.06837801700088711,0.0,0.0,15.379889523078072,0.006489022233751084,0.0
2024-01-06,18.402620189565024,11.17670672879325,18.243780368796457,2.8560727164448636,11.931764641077255,5.721751201034122,0.0010544677077399362,,5.834401183658176e-06,0.0,0.2589498948491944,0.0,14.00297036191225,25.379604192403164,1.3290194935268826e-05,0.0
2024-01-07,16.151575532251993,4.486605523879794,14.083042231318155,2.3681364515431724,10.770023343531294,7.165578104716407,0.0012139817484219874,,8.532258404625787e-06,2.781918578677707e-06,0.2890260536495844,0.0,0.0,25.270989058583584,0.0,0.0
2024-01-08,17.515686266030208,7.164587336788178,16.56883712619358,2.3689222659979925,4.8862176035457185,9.566681652363673,0.3334545581751399,,8.664347360427115,0.00010580033514234755,0.18183300999058621,0.0,0.0,25.188870343271894,9.896747006310356e-06,0.0
2024-01-09,14.949162010565862,8.804937360276117,14.58591217307197,4.085195252005259,8.812338628501893,11.525508433653512,0.0013532142678896592,,1.1859284241994223e-05,0.0,0.1833432699012757,0.0,0.0,24.765718969811342,3.2363311449686687e-06,0.0
2024-01-10,11.280032189899021,5.932717839916017,10.052825108091568,2.9512710059038794,1.7472023557980858,7.113136592523787,0.0010401516874631246,,1.4735665321350098e-05,0.0,0.04263455558141073,0.0,0.7097586942434311,24.2896165526496,0.0,0.0
2024-01-11,18.473871139729823,4.595894271128972,16.34678755171882,2.350473874460856,14.925422064323428,6.811542880291409,0.07178403119007747,,1.6190883104970721,6.80813545650906e-05,0.23302311776214177,0.0,0.0,24.34167918707954,7.69355403052436e-06,0.0
2024-01-12,12.413249970109726,4.051395259548823,10.136618246527776,2.3482498789978026,3.920112124703725,5.395118490840064,0.000979876376522912,,1.4574159251319037e-05,3.022059864468044e-06,0.05504242519537607,0.0,0.0,24.582871949445938,0.0,0.0
2024-01-13,21.13056161816067,3.0214464420339793,17.65066343559265,2.2935878722084895,22.718115772611828,3.515867409318288,0.0007774174526002672,,2.9991727405124247e-06,3.0414072672526043e-06,0.608981871495247,0.0,0.0,23.685446966993545,0.0,0.0
2024-01-14,16.54762869128757,7.751033420766195,16.472843047841387,2.2615311264885793,13.590519828313193,11.154767332265642,0.0012236247465345594,,3.6052579349941678e-06,0.0,0.6539763483402462,0.0,0.0,23.22812558666653,0.0,0.0
2024-01-15,16.548946760965983,11.505233340796368,16.635807893566557,4.913388063089582,11.480197115164863,13.369154557681613,0.0010781767445140417,,1.1868050893147786e-05,0.0,0.4241164577290747,0.0,0.0,24.558798473103842,1.2317054006788466e-05,0.0
2024-01-16,21.632653722864784,11.611502434700858,19.711231711976794,10.712532899854448,9.065423435607483,11.304727800685036,0.4646325288563305,,10.197428162809478,0.00019968297905392118,0.23603830781406826,0.0,0.0,24.67940864425659,2.113528807957967e-05,0.0
2024-01-17,27.452244113659333,13.262540572107104,25.8586464057668,13.058481131708358,17.96840920086119,14.47539733063168,0.6228858803447086,,13.81939065260066,0.00033830117755466037,0.593143568725321,0.0,0.0,25.10156947214762,1.5482220384809704e-05,0.0
2024-01-18,14.125611159405178,9.865259973082013,13.955082775404184,7.271109338792164,3.572545950137244,11.78171845284356,0.06451677922805152,,1.5456985129091474,0.00011048409461975097,0.12502314777718646,0.0,0.0,25.128838053232823,5.3378046883477104e-06,0.0
2024-01-19,16.059734709294638,12.511659827420978,12.064586923421224,18.711727247631284,4.980364114574857,8.860232440085941,0.0008945419266488819,,8.797155486212836e-06,0.0,0.11218088399145337,0.0,0.0,24.999519445088705,3.930989371405707e-06,0.0
2024-01-20,12.84742187014474,6.525540455273524,10.834282734909058,5.007943634414673,3.4851296670998466,7.327146081799401,0.0010778226876258848,,2.9481845431857644e-06,0.0,0.0904027939913008,0.0,0.0,24.746150146562783,0.0,0.0
2024-01-21,18.10697765633477,11.215729050947825,21.29578621543885,7.7486508309978905,7.620288787835438,18.961970756687588,0.239320667760902,,5.320460399369663,5.389183547761705e-05,0.3362296699322595,0.0,0.0,25.229583818630648,8.580944273206923e-06,0.0
2024-01-22,15.653871432062784,19.052056803582513,22.49353143194411,14.716255071290334,3.7929224266433716,27.817019862230087,0.01627551657623715,,0.36426836581495076,5.6841905911763506e-06,0.2467676780962944,0.0,0.0,25.16849955393473,0.0,0.0
2024-01-23,19.24112802038397,11.185290410373241,16.40460048655599,15.840343407241065,3.4523362297039237,11.857145020390764,0.30645505682785235,,6.845395313443608,5.6005286110772034e-05,0.1865720703635989,0.0,0.0,25.116200708981147,3.5467667049831816e-06,0.0
2024-01-24,15.87905695541389,7.817628738952447,15.184073677194556,2.470557579422965,6.198924880733256,10.250069302178341,0.1685804051717229,,3.755467774745094,3.283088657591078e-05,0.19964958071870487,0.0,0.0,25.159054477820344,0.0,0.0
2024-01-25,16.142577794689604,8.975010464869602,16.091591585591637,2.897066767114003,6.7235844581286095,11.758764215024314,0.19037849965492884,,3.68984397897164,1.1815687550438774e-05,0.2186374000936084,0.0,0.0,24.978181975368923,1.5558501614464652e-05,0.0
2024-01-26,13.906231225585937,7.753856115034951,15.412464486931693,2.339442602494558,5.268940956685808,9.25483200363795,0.057426974288622555,,1.249963966826333,1.7992062303755017e-05,0.17018281615098313,0.0,5.278498001686467,24.928884971126983,2.8026729159884984e-06,0.0
2024-01-27,14.175269149746363,5.909423202507232,12.722386377927993,2.401274541437361,7.099984052787359,9.32836453596115,0.001118025578127967,,2.792044480641683e-06,5.821321275499132e-06,0.17362246815443041,0.0,0.0,24.999507086741133,0.0,0.0
2024-01-28,19.59627010982937,11.374875386000738,14.652017349268593,12.967504756402969,13.989472966387002,8.093744801887937,0.0007123884773254393,,6.103664769066705e-06,2.931945588853624e-06,0.15105126619868808,0.0,0.0,24.814863173234198,0.0,0.0
2024-01-29,13.14704703309801,7.994210542916193,13.078576466590034,2.348175212114122,4.417728396981558,10.06154417757246,0.033546388199329376,,0.8217789546895027,3.8827754391564265e-05,0.10692238266468047,0.0,0.0,24.792102244076197,0.0,0.0
2024-01-30,20.12697625166151,10.951997173590131,16.586786482204857,11.922416085715826,7.747288332089319,11.647969133817885,0.26911182656923927,,6.045074988633527,0.00019057048082351684,0.2962109026580388,0.0,0.0,25.327903227767948,9.820922745598688e-06,0.0
2024-01-31,13.591443382407292,9.240824867429733,14.757304550374352,2.376509874178569,5.464158879142337,14.297813531002468,0.001415090306864844,,2.0238339371151395e-05,1.2390564282735188e-05,0.16610646974007287,0.0,0.0,25.52170240743002,0.0,0.0
2024-02-01,21.310195325580175,23.360332158423528,29.578998858142434,15.332968119419945,16.69040764626609,9.319687756093344,0.0005585409371058147,,6.077924039628771e-06,0.0,0.5538870115211274,0.0,32.67715140346581,24.91161384592692,0.0,0.0
2024-02-02,15.791962051879036,15.889319775680965,17.895547144699098,6.741913850869073,14.533373640202415,8.5829661384964,0.0008009996395640904,,1.1669856177435982e-05,0.0005872870855861239,0.6933892881610658,0.0,13.341840828980338,16.604928994121554,0.0,0.0
2024-02-03,15.964633702657485,24.176952437086108,26.067765676161446,7.265940612451766,14.740219097154407,10.247871986107297,0.0007969947388437059,,3.0166829956902396e-06,0.0002509157043033176,0.5634680129358502,0.0,30.75712559789843,16.49690096487575,2.9744866159227157e-06,0.0
2024-02-04,20.974641572212644,13.656500263969637,11.563887797394859,22.164403637145362,10.417111383247375,5.6177459479226,0.001005445089870029,0.026615839140812555,5.860022968716092e-06,0.006084331120385064,0.529653137901889,0.0,2.3671858575608996e-05,16.269433941438464,0.0,0.0
2024-02-05,14.505336075814565,13.348244274863138,12.2495424354087,14.062065038100348,5.848092358815933,9.997953695767718,0.001402538718647427,,8.860390186309815e-06,5.225681649314034e-05,0.20077640521923698,0.0,4.675622966427803,15.214742007388011,0.0,0.0
2024-02-06,8.857537469062805,5.138031033181085,8.381165935557686,2.351477228849199,1.740096452024248,7.668883571419186,0.0016093005543284945,,8.640526930491128e-06,0.004808719965616862,0.020078046137226954,0.0,3.386905988057454e-05,17.008779228193493,0.0,0.0
2024-02-07,18.241306177406315,11.525903476581576,14.552933751994242,13.767369351050062,14.459671234832342,12.175621111778682,0.05444865590174994,,1.247178124657737,1.851300372017754e-05,0.5259237071683672,0.0,0.0,17.029688131849504,7.343328793843587e-06,0.0
2024-02-08,10.678773965271843,6.81800412150277,10.878052573612006,2.355631572848426,4.780100545478397,11.225551299707623,0.0013056092182795207,,2.077380895614624e-05,0.0,0.1325697244252099,0.0,0.0,17.767508799794516,0.0,0.0
2024-02-09,10.617967913720873,5.301288020377689,10.822423431577683,2.36805756758372,11.159488781483967,8.492886751795877,0.0012799003312322828,,1.4870572090148927e-05,2.83571720123291e-06,0.5739433279588487,0.0,0.0,9.929457735761007,0.0,0.0
2024-02-10,9.843820550825331,15.788104766398538,20.87244324566735,3.44723578871727,5.448856890648735,7.311982764263153,0.0008949447904692756,,1.4580847422281902e-05,2.8047966957092285e-06,0.2877270631541146,0.0,22.64815118069225,9.963786485536366,0.0,0.0
2024-02-11,10.26032578491847,6.357728794447581,14.273206511819629,2.3439459969245067,10.377703544894324,5.001541999109056,0.0010057614138391283,,1.1764479478200277e-05,0.0,0.3535092505632507,0.0,5.772569303584628,9.831589392971464,0.0,0.0
2024-02-12,10.371581082664067,7.602961299652522,12.599024132924612,2.8047461889764995,8.35926089820014,13.179770081009336,0.06338032423045901,,1.4693176596697173,3.437196413675944e-06,0.3386665286925104,0.0,0.0,9.908531531321207,5.2036868201361765e-06,0.0
2024-02-13,11.763392019755047,8.211406453110378,12.966520279890698,7.448308111258612,13.247475430130429,11.248125882822672,0.0011416955592897207,,1.1829242176479764e-05,0.0,0.5884225544201004,0.0,0.0,8.750178402489556,0.0,0.0
2024-02-14,14.746139581421746,6.442601144189834,18.426070399833257,2.322970019086202,23.02191036262936,11.004169462049273,0.022548998115062713,,0.2993274732258584,6.04992945988973e-06,0.95067865143617,0.0,0.0,9.620101013501484,0.0,0.0
2024-02-15,11.420976724711526,5.753656367161008,13.734633024722205,2.3134040760697254,14.70581955028534,9.090591879365709,0.0009321197822358872,,2.7889076868693034e-06,0.0,0.5813673411451448,0.0,0.0,9.448173932817246,0.0,0.0
2024-02-16,11.32396148897807,6.406569831807878,10.963058948490358,4.6001247612794245,10.624153161979253,9.452802281178368,0.0008852884835667081,,5.9427142143249515e-06,0.0,0.49011155018779967,0.0,0.0,11.204778879524868,0.0,0.0
2024-02-17,12.276897592625087,9.075018586551879,13.28538964737786,2.322042871231502,14.868746349288092,12.896012064245012,0.0009959988999366759,,3.107890552944607e-06,0.0,0.29598417646169667,0.0,0.0,9.224401121512518,0.0,0.0
2024-02-18,9.116913159741298,14.347535748895009,13.02643140159077,2.660926560122172,8.09263971821891,19.8241113220999,0.0013282045571009317,,0.0,0.0,0.17470952746603224,0.0,0.0,9.143461072141857,0.0,0.0
2024-02-19,14.83892214619107,9.973665258044138,15.671338323760557,2.3154337198914425,19.609050700800157,16.615527771875595,0.0009600807227028742,,0.0,0.0,0.43942091302129954,0.0,0.0,11.213679299468993,0.0,0.0
2024-02-20,8.654560200025772,4.149234545296563,8.751483050456576,2.3811421639421253,9.676399275042215,6.171477692379421,0.0006451205121146309,,3.1093279520670573e-06,0.0,0.30789402519173087,0.0,0.0,7.627028615349663,0.0,0.0
